0,1,2,mass1,mass2,mass_diff
26,[H][C@@](O)(COP(O)(=O)OC[C@@]([H])(COC(=O)CCCCCCCCCCC(C)CC)OC(=O)CCCCCCCCCCCC(C)C)COP(O)(=O)OC[C@@]([H])(COC(=O)CCCCCCCCC(C)CC)OC(=O)CCCCCCCCCCCCCCC(C)C,[H][C@](O)(COP(O)(=O)OC[C@@]([H])(COC(=O)CCCCCCCCCCC)OC(=O)CCCCCCCCCCC)COP(O)(=O)OC[C@@]([H])(COC(=O)CCCCCCCCCCCCCCCCC)OC(=O)CCCCCCCCCCCCCCCC(C)C,1311.7889999999995,1311.7889999999995,0.0
694,[H][C@@](O)(COP(O)(=O)OC[C@@]([H])(COC(=O)CCCCCCCCCCCC(C)C)OC(=O)CCCCCCCCCCCCC(C)CC)COP(O)(=O)OC[C@@]([H])(COC(=O)CCCCCCCCC(C)C)OC(=O)CCCCCCCCCCCC,[H][C@](O)(COP(O)(=O)OC[C@@]([H])(COC(=O)CCCCCCCCCCCC)OC(=O)CCCCCCCCCCCCC)COP(O)(=O)OC[C@@]([H])(COC(=O)CCCCCCCCCCC(C)C)OC(=O)CCCCCCCCCCCCC(C)C,1255.6809999999994,1255.6809999999996,2.2737367544323206e-13
964,[H][C@@](COC(=O)CCCCCCCCCCCCCCCCCCCCCCC)(COP(O)(O)=O)OC(=O)CCCCCCC[C@H](O)[C@@H](O)C\C=C/CCCCC,CCCCC[C@H](O)\C=C\[C@@H]1[C@@H](C\C=C/CCCC(=O)OC[C@H](COP(O)(O)=O)OC(=O)CCCCC\C=C/C\C=C/C\C=C/C\C=C/C\C=C/CC)[C@@H](O)CC1=O,819.1549999999996,819.0259999999998,0.12899999999979173
968,[H][C@](O)(COP(O)(=O)OC[C@@]([H])(COC(=O)CCCCCCC\C=C/C\C=C/CCCCC)OC(=O)CCCCCCC\C=C/CCCCCCCC)COP(O)(=O)OC[C@@]([H])(COC(=O)CCCCCCC\C=C/C=C\CCCCCC)OC(=O)CCCCCCC\C=C/C\C=C/CCCCC,[H][C@@](O)(COP(O)(=O)OC[C@@]([H])(COC(=O)CCCCCCCCCCCCCCCCC)OC(=O)CCCCCCCCCCCCCCCCCC(C)C)COP(O)(=O)OC[C@@]([H])(COC(=O)CCCCCCCCCCC(C)CC)OC(=O)CCCCCCCCCCCCCCCC,1451.9739999999997,1452.059,0.08500000000026375
1073,[H][C@](COC(=O)CCCCCCCCCCCCC)(COC(=O)CCCCCCCCCCCCCCCCCCC)OC(=O)CCCCCCCCCCCCCCCC,[H][C@](COC(=O)CCCCCCCCCCCCCCCCCCCC)(COC(=O)CCCCCCCCCCCCCCC(C)C)OC(=O)CCCCCCCCCCC,849.4199999999993,849.4199999999994,1.1368683772161603e-13
1244,[H]C(O)(COP(O)(=O)OC[C@@]([H])(COC(=O)CCCCCCCCCCCCCCC(C)C)OC(=O)CCCCCCCCCCCC(C)C)COP(O)(=O)OC[C@@]([H])(COC(=O)CCCCCCCCCCC(C)C)OC(=O)CCCCCCCCCCCC(C)C,[H]C(O)(COP(O)(=O)OC[C@@]([H])(COC(=O)CCCCCCCCCC(C)C)OC(=O)CCCCCCCCCCCCCCCCCCC(C)C)COP(O)(=O)OC[C@@]([H])(COC(=O)CCCCCCCCC(C)C)OC(=O)CCCCCCCCCCCC(C)C,1325.8159999999993,1325.8159999999993,0.0
1485,[H][C@](O)(COP(O)(=O)OC[C@@]([H])(COC(=O)CCCCCCCCCCC)OC(=O)CCCCCCCCCCCC(C)C)COP(O)(=O)OC[C@@]([H])(COC(=O)CCCCCCCCCCCC(C)C)OC(=O)CCCCCCCCCCCCCCCCC,[H][C@](O)(COP(O)(=O)OC[C@@]([H])(COC(=O)CCCCCCCCCC)OC(=O)CCCCCCCCCCC(C)C)COP(O)(=O)OC[C@@]([H])(COC(=O)CCCCCCCCCCCCCC(C)C)OC(=O)CCCCCCCCCCCCCCCCC,1297.762,1297.762,0.0
1784,[H][C@](O)(COP(O)(=O)OC[C@@]([H])(COC(=O)CCCCCCCCC)OC(=O)CCCCCCCCCCCCC(C)C)COP(O)(=O)OC[C@@]([H])(COC(=O)CCCCCCCCCCCCCCCCCC(C)C)OC(=O)CCCCCCCCCCCCCCCCCCCCCCCC,[H][C@](O)(COP(O)(=O)OC[C@@]([H])(COC(=O)CCCCCCCCCCC)OC(=O)CCCCCCCCCCCCCCC(C)C)COP(O)(=O)OC[C@@]([H])(COC(=O)CCCCCCCCCCCCCCCCCCC)OC(=O)CCCCCCCCCCCCCCCCCCC(C)C,1466.086,1466.086,0.0
1879,[H][C@](COC(=O)CCCCCCCCC)(COC(=O)CCCCCCCCCCCCCCCCCC)OC(=O)CCCCCCCCCC(C)C,[H][C@](COC(=O)CCCCCCCCC)(COC(=O)CCCCCCCCCCCCCCC(C)C)OC(=O)CCCCCCCCCCCCC,723.177,723.1769999999998,2.2737367544323206e-13
1951,[H][C@](O)(COP(O)(=O)OC[C@@]([H])(COC(=O)CCCCCCCCC)OC(=O)CCCCCCCCCCCC)COP(O)(=O)OC[C@@]([H])(COC(=O)CCCCCCCCCCCC(C)C)OC(=O)CCCCCCCCCCCCCCCCCC(C)C,[H][C@](O)(COP(O)(=O)OC[C@@]([H])(COC(=O)CCCCCCCCC)OC(=O)CCCCCCCCCCCC)COP(O)(=O)OC[C@@]([H])(COC(=O)CCCCCCCCCCCCCCC)OC(=O)CCCCCCCCCCCCCCCCCCC,1283.735,1283.7350000000001,2.2737367544323206e-13
1972,[H][C@@](O)(COP(O)(=O)OC[C@@]([H])(COC(=O)CCCCCCCCCC(C)C)OC(=O)CCCCCCCCCCCCCCCCCC(C)C)COP(O)(=O)OC[C@@]([H])(COC(=O)CCCCCCCCC(C)C)OC(=O)CCCCCCCCCCCCCCC(C)C,[H][C@@](O)(COP(O)(=O)OC[C@@]([H])(COC(=O)CCCCCCCCCCCCCCCC(C)C)OC(=O)CCCCCCCCCCC(C)CC)COP(O)(=O)OC[C@@]([H])(COC(=O)CCCCCCCCC(C)CC)OC(=O)CCCCCCCCCCCCCC(C)C,1353.8699999999994,1353.8699999999994,0.0
2161,CCCCCCCCCC1=CC=CC=C1OCCO,NC1=NC=NC2=C1N=CN2C(OC(CO)C=O)C=O,264.409,265.229,0.8199999999999932
2487,[H][C@](O)(COP(O)(=O)OC[C@@]([H])(COC(=O)CCCCCCCCCC)OC(=O)CCCCCCCCCCCC)COP(O)(=O)OC[C@@]([H])(COC(=O)CCCCCCCCCCCCC)OC(=O)CCCCCCCCCCCCC,[H][C@](O)(COP(O)(=O)OC[C@@]([H])(COC(=O)CCCCCCCCC)OC(=O)CCCCCCCCCC(C)C)COP(O)(=O)OC[C@@]([H])(COC(=O)CCCCCCCCCCC(C)C)OC(=O)CCCCCCCCCCCC(C)C,1185.5459999999998,1185.5459999999998,0.0
2947,[H]C(O)(COP(O)(=O)OC[C@@]([H])(COC(=O)CCCCCCCCCC(C)C)OC(=O)CCCCCCCCCCCCCCCCC(C)C)COP(O)(=O)OC[C@@]([H])(COC(=O)CCCCCCCCCCCCCC(C)C)OC(=O)CCCCCCCCC(C)CC,[H][C@@](O)(COP(O)(=O)OC[C@@]([H])(COC(=O)CCCCCCCCCCCCC(C)CC)OC(=O)CCCCCCCCCCCCCCCCC(C)CC)COP(O)(=O)OC[C@@]([H])(COC(=O)CCCCCCCCC(C)C)OC(=O)CCCCCCCCCCCC,1339.8429999999994,1339.8429999999996,2.2737367544323206e-13
3067,[H][C@@](O)(COP(O)(=O)OC[C@@]([H])(COC(=O)CCCCCCCCCCCCCCCCCC)OC(=O)CCCCCCCCCCCCCCCCCCC)COP(O)(=O)OC[C@@]([H])(COC(=O)CCCCCCCCC(C)C)OC(=O)CCCCCCCCCCC(C)CC,[H][C@](O)(COP(O)(=O)OC[C@@]([H])(COC(=O)CCCCCCC)OC(=O)CCCCCCCCCCCC)COP(O)(=O)OC[C@@]([H])(COC(=O)CCCCCCCCCCCCCCCCCCCC)OC(=O)CCCCCCCCCCCCCCCCCCCCC(C)C,1381.9239999999995,1381.9239999999998,2.2737367544323206e-13
3490,[H][C@](O)(COP(O)(=O)OC[C@@]([H])(COC(=O)CCCCCCCCCCCCCC)OC(=O)CCCCCCCCCCCCCCC)COP(O)(=O)OC[C@@]([H])(COC(=O)CCCCCCCCCCCCCCCCCC)OC(=O)CCCCCCCCCCCCCCCCCCC(C)C,[H][C@@](O)(COP(O)(=O)OC[C@@]([H])(COC(=O)CCCCCCCCCCCCCCCCCCCCC(C)C)OC(=O)CCCCCCCCCCCCCCCCC(C)C)COP(O)(=O)OC[C@@]([H])(COC(=O)CCCCCCCCC(C)CC)OC(=O)CCCCCCCCCCCC(C)C,1466.0859999999998,1466.0859999999998,0.0
3585,[H][C@@](COC(=O)CCCCCCCCCCCCCCC)(COC(=O)CCCCCCCCC(C)C)OC(=O)CCCCCCCCCCCCCCCCCC,[H][C@@](COC(=O)CCCCCCCCCCCCC(C)CC)(COC(=O)CCCCCCCCC(C)C)OC(=O)CCCCCCCCCCCCCCC(C)C,793.3119999999993,793.3119999999994,1.1368683772161603e-13
3665,[H][C@@](O)(COP(O)(=O)OC[C@@]([H])(COC(=O)CCCCCCCCCCCCCCCCC(C)C)OC(=O)CCCCCCCCCCC(C)CC)COP(O)(=O)OC[C@@]([H])(COC(=O)CCCCCCCCC(C)C)OC(=O)CCCCCCCCCCC(C)C,[H][C@](O)(COP(O)(=O)OC[C@@]([H])(COC(=O)CCCCCCCCCCC)OC(=O)CCCCCCCCCCC)COP(O)(=O)OC[C@@]([H])(COC(=O)CCCCCCCCCCCCCC(C)C)OC(=O)CCCCCCCCCCCCCCCCCCC,1311.7889999999993,1311.789,6.821210263296962e-13
3772,[H][C@@](COC(=O)CCCCCCCCCCCCCCCCCCCCC(C)C)(COC(=O)CCCCCCCCCCC(C)CC)OC(=O)CCCCCCCCCCCCCCC,CCCCC[C@H](O)\C=C\[C@H]1[C@H](O)CC(=O)[C@@H]1CCCCCCC(=O)O[C@H](COC(=O)CCCCCCCCCCCCCCCCCCC(C)C)COP(O)(=O)OC[C@@H](O)CO,905.527999999999,905.2009999999998,0.3269999999992024
3995,[H][C@@](CO\C=C\CCCCCCCCCCCCCCCC)(COP([O-])(=O)OCC[N+](C)(C)C)OC(=O)CCC\C=C/C\C=C/C\C=C/C\C=C/C=C/[C@H](O)CC,[H][C@](COC(=O)CCCCCCCCCCCCCC)(COC(=O)CCCCCCCCCCCCC(C)CC)OC(=O)CCCCCCCCCCCCCCC,808.1349999999999,807.3389999999995,0.7960000000003902
4073,[H][C@](O)(COP(O)(=O)OC[C@@]([H])(COC(=O)CCCCCCCCCCC)OC(=O)CCCCCCCCCCCCCC)COP(O)(=O)OC[C@@]([H])(COC(=O)CCCCCCCCCCCCCCC)OC(=O)CCCCCCCCCCCCCCCCCCC,[H][C@@](O)(COP(O)(=O)OC[C@@]([H])(COC(=O)CCCCCCCCCCCCC(C)C)OC(=O)CCCCCCCCCCCCCCCCCC)COP(O)(=O)OC[C@@]([H])(COC(=O)CCCCCCCCCCC(C)C)OC(=O)CCCCCCCCCCC(C)C,1339.8429999999996,1339.8429999999992,4.547473508864641e-13
4083,[H][C@@](O)(COP(O)(=O)OC[C@@]([H])(COC(=O)CCCCCCCCCCCCCCCCCC)OC(=O)CCCCCCCCCCCCCCCCCCCCC)COP(O)(=O)OC[C@@]([H])(COC(=O)CCCCCCCCCCCCCC)OC(=O)CCCCCCCCCCCCC(C)CC,[H][C@@](O)(COP(O)(=O)OC[C@@]([H])(COC(=O)CCCCCCC\C=C/CCCCCCCC)OC(=O)CCCCCCCCC\C=C/CCCCCC)COP(O)(=O)OC[C@@]([H])(COC(=O)CCCCCCCCCCCCCCC)OC(=O)CC\C=C/C\C=C/C\C=C/C\C=C/C\C=C/CCCCC,1480.113,1480.0279999999998,0.08500000000026375
4280,[H][C@@](O)(COP(O)(=O)OC[C@@]([H])(COC(=O)CCCCCCCCCCC(C)CC)OC(=O)CCCCCCCCCCCCCCCCCC(C)C)COP(O)(=O)OC[C@@]([H])(COC(=O)CCCCCCCCC(C)CC)OC(=O)CCCCCCCCCCCCCCCCCCCCC(C)CC,[H][C@](O)(COP(O)(=O)OC[C@@]([H])(COC(=O)CCCCCCCCCCCCCC)OC(=O)CCCCCCCCCCCCCCCCC)COP(O)(=O)OC[C@@]([H])(COC(=O)CCCCCCCCCCCCCCCC(C)C)OC(=O)CCCCCCCCCCCCCCCCCCCCC,1494.1399999999999,1494.1399999999999,0.0
4308,[H][C@](O)(COP(O)(=O)OC[C@@]([H])(COC(=O)CCCCCCCCCC)OC(=O)CCCCCCCCCCCCC(C)CC)COP(O)(=O)OC[C@@]([H])(COC(=O)CCCCCCCCCCCCCCCCCC(C)C)OC(=O)CCCCCCCCCCCCCCCCCCCCC(C)CC,[H][C@](O)(COP(O)(=O)OC[C@@]([H])(COC(=O)CCCCCCCCCC)OC(=O)CCCCCCCCCCCCCCCC)COP(O)(=O)OC[C@@]([H])(COC(=O)CCCCCCCCCCCCCCCCC(C)CC)OC(=O)CCCCCCCCCCCCCCCCCCCCC(C)CC,1494.1399999999999,1494.1399999999996,2.2737367544323206e-13
4376,[H]C(O)(COP(O)(=O)OC[C@@]([H])(COC(=O)CCCCCCCCCCCCCCC(C)C)OC(=O)CCCCCCCCCCCC(C)C)COP(O)(=O)OC[C@@]([H])(COC(=O)CCCCCCCCCC(C)C)OC(=O)CCCCCCCCCCCCCCC(C)C,[H]C(O)(COP(O)(=O)OC[C@@]([H])(COC(=O)CCCCCCCCCC(C)C)OC(=O)CCCCCCCCCCCCC(C)CC)COP(O)(=O)OC[C@@]([H])(COC(=O)CCCCCCCCCCCCCCCCCC(C)C)OC(=O)CCCCCCCCCC(C)C,1353.8699999999994,1353.8699999999994,0.0
4505,CC(C)C1=CCC(C)C=C1,C[N+]1=CC=CC(=C1)C(N)=O,136.23799999999997,137.162,0.924000000000035
5329,[H][C@](O)(COP(O)(=O)OC[C@@]([H])(COC(=O)CCCCCCCCCC)OC(=O)CCCCCCCCCCCCCCC)COP(O)(=O)OC[C@@]([H])(COC(=O)CCCCCCCCCCCCCCCCCCC(C)C)OC(=O)CCCCCCCCCCCCCCCCCCC(C)C,[H][C@](O)(COP(O)(=O)OC[C@@]([H])(COC(=O)CCCCCCCCCCC)OC(=O)CCCCCCCCCCCCCC)COP(O)(=O)OC[C@@]([H])(COC(=O)CCCCCCCCCCCCCCCC(C)C)OC(=O)CCCCCCCCCCCCCCCCCCCCC(C)CC,1452.0589999999995,1452.0589999999995,0.0
5430,[H][C@](O)(COP(O)(=O)OC[C@@]([H])(COC(=O)CCCCCCCCCCCC)OC(=O)CCCCCCCCCCCCCCCC)COP(O)(=O)OC[C@@]([H])(COC(=O)CCCCCCCCCCCCCCCC)OC(=O)CCCCCCCCCCCCCCCC,[H]C(O)(COP(O)(=O)OC[C@@]([H])(COC(=O)CCCCCCCCCC(C)C)OC(=O)CCCCCCCCCCC(C)C)COP(O)(=O)OC[C@@]([H])(COC(=O)CCCCCCCCC(C)C)OC(=O)CCCCCCCCCCCCCCCCCCCCC(C)CC,1353.8699999999997,1353.8700000000003,6.821210263296962e-13
5894,[H][C@](O)(COP(O)(=O)OC[C@@]([H])(COC(=O)CCCCCCC)OC(=O)CCCCCCCCCCCCCCCC(C)C)COP(O)(=O)OC[C@@]([H])(COC(=O)CCCCCCCCCCCCCCCCCCCCC)OC(=O)CCCCCCCCCCCCCCCCCCCCC,[H][C@@](O)(COP(O)(=O)OC[C@@]([H])(COC(=O)CCCCCCCCCCCCCC(C)C)OC(=O)CCCCCCCCCCCCCCCCC(C)CC)COP(O)(=O)OC[C@@]([H])(COC(=O)CCCCCCCCCCCCCCC)OC(=O)CCCCCCCCCCCCCC(C)C,1452.0590000000002,1452.059,2.2737367544323206e-13
6228,[H][C@](O)(COP(O)(=O)OC[C@@]([H])(COC(=O)CCCCCCCCCCCCCCC)OC(=O)CCCCCCCCCCCCCCCCCCC)COP(O)(=O)OC[C@@]([H])(COC(=O)CCCCCCCCCCCCCCCCC(C)CC)OC(=O)CCCCCCCCCCCCCCCCCCCCCC,[H][C@@](O)(COP(O)(=O)OC[C@@]([H])(COC(=O)CCCCCCCCCCCCCCCCCCCCCC)OC(=O)CCCCCCCCCCCCCCCCCCCCC(C)C)COP(O)(=O)OC[C@@]([H])(COC(=O)CCCCCCCCCCCCC(C)C)OC(=O)CCCCCCCCCCCCC(C)CC,1578.3020000000001,1578.302,2.2737367544323206e-13
6331,[H][C@@](O)(COP(O)(=O)OC[C@@]([H])(COC(=O)CCCCCCCCC(C)C)OC(=O)CCCCCCCCCCCCCCCC(C)C)COP(O)(=O)OC[C@@]([H])(COC(=O)CCCCCCCCC(C)CC)OC(=O)CCCCCCCCCCC(C)CC,[H][C@](O)(COP(O)(=O)OC[C@@]([H])(COC(=O)CCCCCCCCC(C)CC)OC(=O)CCCCCCCCCCCCCCCCC(C)C)COP(O)(=O)OC[C@@]([H])(COC(=O)CCCCCCCCCCC(C)C)OC(=O)CCCCCCCCC(C)C,1283.7349999999994,1283.7349999999992,2.2737367544323206e-13
6638,[H][C@](O)(COP(O)(=O)OC[C@@]([H])(COC(=O)CCCCCCCCC)OC(=O)CCCCCCCCCCCCCCCCC)COP(O)(=O)OC[C@@]([H])(COC(=O)CCCCCCCCCCCCCCCCCCC(C)C)OC(=O)CCCCCCCCCCCCCCCCCCCCCC,[H][C@@](O)(COP(O)(=O)OC[C@@]([H])(COC(=O)CCCCCCCCCCCCCCCCCC(C)C)OC(=O)CCCCCCCCCCCCCCCCCCCCC)COP(O)(=O)OC[C@@]([H])(COC(=O)CCCCCCCCCCC(C)C)OC(=O)CCCCCCCCCCCCC(C)C,1480.1129999999998,1480.1129999999996,2.2737367544323206e-13
7023,[H][C@@](COC(=O)CCCCCCCCCCCCCCCCCCCCC)(COC(=O)CCCCCCCCC(C)CC)OC(=O)CCCCCCCCCCCCCCCCC,[H][C@@](COC(=O)CCCCCCCCCCCCCCC)(COC(=O)CCCCCCCCCCCC(C)C)OC(=O)CCCCCCCCCCCCCCCCCCCCC,877.4739999999993,877.4739999999991,1.1368683772161603e-13
7183,[H][C@](O)(COP(O)(=O)OC[C@@]([H])(COC(=O)CCCCCCCCCCCCC)OC(=O)CCCCCCCCCCCCC)COP(O)(=O)OC[C@@]([H])(COC(=O)CCCCCCCCCCCCC)OC(=O)CCCCCCCCCCCCCCCCCCC(C)C,[H][C@@](O)(COP(O)(=O)OC[C@@]([H])(COC(=O)CCCCCCCCCCCCCC)OC(=O)CCCCCCCCCCCCCCCCCCCCC(C)CC)COP(O)(=O)OC[C@@]([H])(COC(=O)CCCCCCCCCC)OC(=O)CCCCCCCCC(C)CC,1353.8699999999997,1353.8699999999997,0.0
7275,[H][C@](O)(COP(O)(=O)OC[C@@]([H])(COC(=O)CCCCCCCCCCCCCCC)OC(=O)CCCCCCCCCCCCCCCC)COP(O)(=O)OC[C@@]([H])(COC(=O)CCCCCCCCCCCCCCCCCCC)OC(=O)CCCCCCCCCCCCCCCCC(C)C,[H][C@@](O)(COP(O)(=O)OC[C@@]([H])(COC(=O)CCCCCCCCCCCCCCCCC)OC(=O)CCCCCCCCCCCCCCCCCCCCCC)COP(O)(=O)OC[C@@]([H])(COC(=O)CCCCCCCCCCC(C)CC)OC(=O)CCCCCCCCCCCCCC(C)C,1480.1129999999998,1480.1129999999996,2.2737367544323206e-13
7405,[H][C@](COC(=O)CCCCCCCCCCCCCCCCCCCCC(C)CC)(COC(=O)CCCCCCCCCC(C)C)OC(=O)CCCCCCCCCCCCC(C)C,[H][C@@](COC(=O)CCCCCCC)(COC(=O)CCCCCCCCCCCCCCCCCCCCC(C)CC)OC(=O)CCCCCCCCCCCCCCCCCCCC,891.5009999999992,891.5009999999993,1.1368683772161603e-13
7684,[H][C@](O)(COP(O)(=O)OC[C@@]([H])(COC(=O)CCCCCCC)OC(=O)CCCCCCCCC(C)CC)COP(O)(=O)OC[C@@]([H])(COC(=O)CCCCCCCCCCCCCCCC(C)C)OC(=O)CCCCCCCCCCCCCCCCCCCCC(C)CC,[H]C(O)(COP(O)(=O)OC[C@@]([H])(COC(=O)CCCCCCCCCCCCCC(C)C)OC(=O)CCCCCCCCCCCCCCC(C)C)COP(O)(=O)OC[C@@]([H])(COC(=O)CCCCCCCCCC(C)C)OC(=O)CCCCCCCCCCCCCC(C)C,1367.897,1367.8969999999995,4.547473508864641e-13
7864,CCCCC[C@H](O)\C=C\[C@H]1[C@H](O)CC(=O)[C@@H]1CCCCCCC(=O)OC[C@H](COP(O)(=O)OC[C@@H](O)CO)OC(=O)CCCCCCCCC(C)C,[H][C@@](COC(=O)CCCCCCCCCCCCCCCCCC)(COC(=O)CCCCCCCCCCCCC(C)C)OC(=O)CCCCCCCCC,764.9309999999998,765.2579999999998,0.3269999999999982
7894,[H][C@@](COC(=O)CCCCCCCCCCCCCCCC)(COC(=O)CCCCCCCCCCCCCCCCCCC(C)C)OC(=O)CCCCCCCCC,[H][C@@](COC(=O)CCCCCCCCCCCCCCCC)(COC(=O)CCCCCCCCCCCCCC(C)C)OC(=O)CCCCCCCCCCC(C)CC,821.3659999999995,821.3659999999996,1.1368683772161603e-13
7986,[H][C@](O)(COP(O)(=O)OC[C@@]([H])(COC(=O)CCCCCCCCCCCCC)OC(=O)CCCCCCCCCCCCCCCCC(C)C)COP(O)(=O)OC[C@@]([H])(COC(=O)CCCCCCCCCCCCCCCCCC(C)C)OC(=O)CCCCCCCCCCCCCCCCCCCCC,[H][C@@](O)(COP(O)(=O)OC[C@@]([H])(COC(=O)CCCCCCCCCCCCCCCCCCCCC)OC(=O)CCCCCCCCCCCCCCCCCCCCCCC)COP(O)(=O)OC[C@@]([H])(COC(=O)CCCCCCCCC(C)C)OC(=O)CCCCCCCCCCCCCCCC(C)C,1536.2210000000002,1536.2209999999998,4.547473508864641e-13
8004,[H]C(O)(COP(O)(=O)OC[C@@]([H])(COC(=O)CCCCCCCCCCCCCCCCCCCCC(C)C)OC(=O)CCCCCCCCCCCCC(C)CC)COP(O)(=O)OC[C@@]([H])(COC(=O)CCCCCCCCCCC(C)C)OC(=O)CCCCCCCCC(C)C,[H][C@](O)(COP(O)(=O)OC[C@@]([H])(COC(=O)CCCCCCC)OC(=O)CCCCCCCCCCC(C)C)COP(O)(=O)OC[C@@]([H])(COC(=O)CCCCCCCCCCCCCCCCCCC(C)C)OC(=O)CCCCCCCCCCCCCCCCCCCCCC,1395.951,1395.9509999999998,2.2737367544323206e-13
8280,CCCCC[C@H](O)\C=C\[C@@H]1[C@@H](O)[C@@H](O)[C@H]2OP(O)(=O)OC[C@@H](COC(=O)CCC\C=C/C[C@@H]([C@@H](O)CC1=O)[C@@H](O)[C@H](O)[C@H]2O)OC(=O)CC\C=C/C\C=C/C\C=C/C\C=C/C\C=C/C\C=C/CC,[H][C@@](COC(=O)CCC\C=C/C\C=C/C\C=C/C\C=C/C=C/[C@@H](O)CC)(COP(O)(=O)O[C@H]1C(O)C(O)C(O)[C@@H](OP(O)(O)=O)C1O)OC(=O)CCCCCCCCCCCCC\C=C/CC,979.1510000000001,979.0879999999996,0.06300000000044292
8346,[H][C@](O)(COP(O)(=O)OC[C@@]([H])(COC(=O)CCCCCCCCC)OC(=O)CCCCCCCCCC)COP(O)(=O)OC[C@@]([H])(COC(=O)CCCCCCCCCCC(C)CC)OC(=O)CCCCCCCCCCCC(C)C,[H][C@](O)(COP(O)(=O)OC[C@@]([H])(COC(=O)CCCCCCCCCCC)OC(=O)CCCCCCCCCCC)COP(O)(=O)OC[C@@]([H])(COC(=O)CCCCCCCCC(C)C)OC(=O)CCCCCCCCCCCCCC,1171.5189999999996,1171.5189999999998,2.2737367544323206e-13
8347,[H][C@](O)(COP(O)(=O)OC[C@@]([H])(COC(=O)CCCCCCCCC)OC(=O)CCCCCCCCCCCCC(C)C)COP(O)(=O)OC[C@@]([H])(COC(=O)CCCCCCCCCCCCCC(C)C)OC(=O)CCCCCCCCCCCCCCCCCC(C)C,[H]C(O)(COP(O)(=O)OC[C@@]([H])(COC(=O)CCCCCCCCCCCCCCCCCC(C)C)OC(=O)CCCCCCCCCCC(C)CC)COP(O)(=O)OC[C@@]([H])(COC(=O)CCCCCCCCCC(C)C)OC(=O)CCCCCCCCCCC(C)CC,1353.8699999999997,1353.8699999999997,0.0
8406,[H][C@@](O)(COP(O)(=O)OC[C@@]([H])(COC(=O)CCCCCCCCCCCCCCCCCCCCC)OC(=O)CCCCCCCCCCCCCCCCCCCCC)COP(O)(=O)OC[C@@]([H])(COC(=O)CCCCCCCCCC(C)C)OC(=O)CCCCCCCCCCCCCCCCCCC,[H][C@](O)(COP(O)(=O)OC[C@@]([H])(COC(=O)CCCCCCCCCCCCC)OC(=O)CCCCCCCCCCCCCCCCCC)COP(O)(=O)OC[C@@]([H])(COC(=O)CCCCCCCCCCCCCCCCCC(C)C)OC(=O)CCCCCCCCCCCCCCCCCCCCCC,1536.221,1536.221,0.0
8547,[H][C@](COC(=O)CCCCCCCCCCCCCCCCCCC)(COC(=O)CCCCCCCCCCCCCCCCCCCCC)OC(=O)CCCCCCCCCCCCC(C)CC,[H][C@](COC(=O)CCCCCCCCCCCCCCCC)(COC(=O)CCCCCCCCCCCCCCCCCC(C)C)OC(=O)CCCCCCCCCCCCCCCCCC(C)C,961.6359999999988,961.635999999999,1.1368683772161603e-13
8600,CC(C)=CCC(COC1OC(COC2OCC(O)C(O)C2O)C(O)C(O)C1O)C(C)=C,CC(C)C(=C)C(O)C(O)C(C)C1CCC2C3CCC4CC(O)C(O)CC4(C)C3CCC12C,448.5090000000001,448.6880000000002,0.1790000000000873
8772,[H][C@@](O)(COP(O)(=O)OC[C@@]([H])(COC(=O)CCCCCCCCCCCCCCCCCC)OC(=O)CCCCCCCCCCCCCCCCCCC(C)C)COP(O)(=O)OC[C@@]([H])(COC(=O)CCCCCCCCCCC(C)CC)OC(=O)CCCCCCCCCCCCCCCCCC,[H][C@@](O)(COP(O)(=O)OC[C@@]([H])(COC(=O)CCCCCCCCCCCCCCCCC(C)CC)OC(=O)CCCCCCCCCCCCCCCCCCC(C)C)COP(O)(=O)OC[C@@]([H])(COC(=O)CCCCCCCCC(C)CC)OC(=O)CCCCCCCCCCCCCCCC(C)C,1508.1670000000001,1508.167,2.2737367544323206e-13
8996,[H][C@@](O)(COP(O)(=O)OC[C@@]([H])(COC(=O)CCCCCCCCCCCCCCC(C)C)OC(=O)CCCCCCCCCCCCCCCCCCCCC)COP(O)(=O)OC[C@@]([H])(COC(=O)CCCCCCCCCCC(C)C)OC(=O)CCCCCCCCCCCCCC,[H][C@](O)(COP(O)(=O)OC[C@@]([H])(COC(=O)CCCCCCC)OC(=O)CCCCCCCCCCCCCC)COP(O)(=O)OC[C@@]([H])(COC(=O)CCCCCCCCCCCCCCCCCCCC)OC(=O)CCCCCCCCCCCCCCCCCCCCCCCC,1424.0049999999997,1424.0049999999999,2.2737367544323206e-13
9130,[H][C@@](O)(COP(O)(=O)OC[C@@]([H])(COC(=O)CCCCCCCCCCCCCCCCCC)OC(=O)CCCCCCCCCCCCCCCCC(C)CC)COP(O)(=O)OC[C@@]([H])(COC(=O)CCCCCCCCCCCCCC)OC(=O)CCCCCCCCCCCCC(C)CC,[H]C(O)(COP(O)(=O)OC[C@@]([H])(COC(=O)CCCCCCCCCCCCCCCCC(C)CC)OC(=O)CCCCCCCCCCCCCCCCC(C)CC)COP(O)(=O)OC[C@@]([H])(COC(=O)CCCCCCCCCCC(C)C)OC(=O)CCCCCCCCCCCCC(C)C,1466.086,1466.0859999999998,2.2737367544323206e-13
9311,[H][C@@](O)(COP(O)(=O)OC[C@@]([H])(COC(=O)CCCCCCCCCCCCCCCCCCCCCC)OC(=O)CCCCCCCCCCCCCCCCCCCCCCC)COP(O)(=O)OC[C@@]([H])(COC(=O)CCCCCCCCCCC(C)CC)OC(=O)CCCCCCCCCCCCCCC,[H][C@@](O)(COP(O)(=O)OC[C@@]([H])(COC(=O)CCCCCCCCCCCCCCCCC(C)C)OC(=O)CCCCCCCCCCCCCCCCCCCCC(C)C)COP(O)(=O)OC[C@@]([H])(COC(=O)CCCCCCCCCCCC(C)C)OC(=O)CCCCCCCCCCCCCCCCCC,1550.248,1550.2479999999998,2.2737367544323206e-13
9519,[H]C(O)(COP(O)(=O)OC[C@@]([H])(COC(=O)CCCCCCCCCC(C)C)OC(=O)CCCCCCCCCCCCCCCCCCCCC(C)C)COP(O)(=O)OC[C@@]([H])(COC(=O)CCCCCCCCC(C)CC)OC(=O)CCCCCCCCCCCCCCCCCCC(C)C,[H][C@@](O)(COP(O)(=O)OC[C@@]([H])(COC(=O)CCCCCCCCCCCCCCCC(C)C)OC(=O)CCCCCCCCCCCCCCCCCCC(C)C)COP(O)(=O)OC[C@@]([H])(COC(=O)CCCCCCCCCCCCC)OC(=O)CCCCCCCCCCCCC(C)CC,1466.0859999999998,1466.086,2.2737367544323206e-13
9598,[H]C(COC(=O)CCCCCC\C=C/C\C=C/C\C=C/CCCCC)(COP(O)(=O)OCCN(C)C)OC(=O)CCCCCCCCC\C=C/C\C=C/CCCCC,[H][C@@](COC(=O)CCCCCCCCCCCCCCCC)(COC(=O)CCCCCCCCCCCCCC(C)C)OC(=O)CCCCCCCCCCCCCC,822.1619999999995,821.3659999999995,0.7959999999999354
9895,[H][C@](O)(COP(O)(=O)OC[C@@]([H])(COC(=O)CCCCCCC)OC(=O)CCCCCCCCCCCCCCC(C)C)COP(O)(=O)OC[C@@]([H])(COC(=O)CCCCCCCCCCCCCCC(C)C)OC(=O)CCCCCCCCCCCCCCCCCCCCC(C)C,[H][C@@](O)(COP(O)(=O)OC[C@@]([H])(COC(=O)CCCCCCCCCCCCC(C)C)OC(=O)CCCCCCCCCCCCCCCCCCCCCC)COP(O)(=O)OC[C@@]([H])(COC(=O)CCCCCCCCCCCCC)OC(=O)CCCCCCCCCCC(C)CC,1409.9779999999996,1409.9779999999996,0.0
10026,[H][C@](O)(CO)COP(O)(=O)OC[C@@]([H])(COC(=O)CCCCCCC\C=C/C=C\CCCCCC)OC(=O)CC\C=C/C\C=C/C\C=C/C\C=C/CC1OC1C\C=C/CC,[H][C@@](COC(=O)CCCCCCCCCCCCC(C)CC)(COC(=O)CCCCCCCCC(C)C)OC(=O)CCCCCCCCCCCCCCCCC(C)CC,835.0690000000001,835.3929999999992,0.3239999999991596
10270,[H][C@@](O)(COP(O)(=O)OC[C@@]([H])(COC(=O)CCCCCCCCCCCCCCCCCC)OC(=O)CCCCCCCCCCCCCCCCCC)COP(O)(=O)OC[C@@]([H])(COC(=O)CCCCCCCCCC(C)C)OC(=O)CCCCCCCCCC(C)C,[H]C(O)(COP(O)(=O)OC[C@@]([H])(COC(=O)CCCCCCCCCC(C)C)OC(=O)CCCCCCCCCCCCCCC(C)C)COP(O)(=O)OC[C@@]([H])(COC(=O)CCCCCCCCCCCCCCCCC(C)CC)OC(=O)CCCCCCCCC(C)C,1353.8699999999994,1353.8699999999994,0.0
10288,[H][C@](O)(COP(O)(=O)OC[C@@]([H])(COC(=O)CCCCCCC)OC(=O)CCCCCCCCC(C)C)COP(O)(=O)OC[C@@]([H])(COC(=O)CCCCCCCCCCCCCCC)OC(=O)CCCCCCCCCCCCC(C)CC,[H][C@](O)(COP(O)(=O)OC[C@@]([H])(COC(=O)CCCCCCCCC)OC(=O)CCCCCCCCCCCC)COP(O)(=O)OC[C@@]([H])(COC(=O)CCCCCCCCCC(C)C)OC(=O)CCCCCCCCCCCCC(C)CC,1199.5729999999996,1199.5729999999996,0.0
10434,[H]C(O)(COP(O)(=O)OC[C@@]([H])(COC(=O)CCCCCCCCCCCCCCCCCCC(C)C)OC(=O)CCCCCCCCCCCCC(C)C)COP(O)(=O)OC[C@@]([H])(COC(=O)CCCCCCCCC(C)C)OC(=O)CCCCCCCCCCCCCCCCCCCCC(C)C,[H][C@@](O)(COP(O)(=O)OC[C@@]([H])(COC(=O)CCCCCCCCCCCCCCCCCC(C)C)OC(=O)CCCCCCCCCCCCCCCCCC(C)C)COP(O)(=O)OC[C@@]([H])(COC(=O)CCCCCCCCCCC(C)CC)OC(=O)CCCCCCCCCCCCCCCC,1494.14,1494.14,0.0
10540,[H][C@@](O)(COP(O)(=O)OC[C@@]([H])(COC(=O)CCCCCCCCCCCCC(C)CC)OC(=O)CCCCCCCCCCCC(C)C)COP(O)(=O)OC[C@@]([H])(COC(=O)CCCCCCCCC(C)CC)OC(=O)CCCCCCCCCC(C)C,[H]C(O)(COP(O)(=O)OC[C@@]([H])(COC(=O)CCCCCCCCCC(C)C)OC(=O)CCCCCCCCCCCCCC(C)C)COP(O)(=O)OC[C@@]([H])(COC(=O)CCCCCCCCCC(C)C)OC(=O)CCCCCCCCCCCC(C)C,1269.7079999999992,1269.7079999999994,2.2737367544323206e-13
10854,[H][C@@](O)(COP(O)(=O)OC[C@@]([H])(COC(=O)CCCCCCCCCCCCCCC(C)C)OC(=O)CCCCCCCCCCCCCCCCCC)COP(O)(=O)OC[C@@]([H])(COC(=O)CCCCCCCCC(C)CC)OC(=O)CCCCCCCCCCCCCCCCC,[H][C@@](O)(COP(O)(=O)OC[C@@]([H])(COC(=O)CCCCCCCCCCCCCC(C)C)OC(=O)CCCCCCCCCCCCCCCCCCCCCC)COP(O)(=O)OC[C@@]([H])(COC(=O)CCCCCCCCC(C)CC)OC(=O)CCCCCCCCCCC(C)CC,1409.9779999999996,1409.9779999999994,2.2737367544323206e-13
11322,[H][C@](O)(COP(O)(=O)OC[C@@]([H])(COC(=O)CCCCCCC)OC(=O)CCCCCCCCCCCCCCC(C)C)COP(O)(=O)OC[C@@]([H])(COC(=O)CCCCCCCCCCCCCCCCCC)OC(=O)CCCCCCCCCCCCCCCCCCC,[H][C@@](O)(COP(O)(=O)OC[C@@]([H])(COC(=O)CCCCCCCCCCCCCCCC)OC(=O)CCCCCCCCCCCCCCCCCC)COP(O)(=O)OC[C@@]([H])(COC(=O)CCCCCCCCCCC(C)C)OC(=O)CCCCCCCCCCCCCC,1367.897,1367.8969999999995,4.547473508864641e-13
11417,[H][C@@](COC(=O)CCCCCCCCCCCCC)(COC(=O)CCCCCCCCCCC(C)CC)OC(=O)CCCCCCCCCCCCCCCCCC,[H][C@@](COC(=O)CCCCCCCCCCCC)(COC(=O)CCCCCCCCCCCCCCCCCCCCC)OC(=O)CCCCCCCCCCCC,807.3389999999993,807.3389999999995,2.2737367544323206e-13
11570,[H][C@](O)(COP(O)(=O)OC[C@@]([H])(COC(=O)CCCCCCC)OC(=O)CCCCCCCCCCC(C)CC)COP(O)(=O)OC[C@@]([H])(COC(=O)CCCCCCCCCCCCCCCCCCCC)OC(=O)CCCCCCCCCCCCCCCCCCCCC(C)CC,[H][C@@](O)(COP(O)(=O)OC[C@@]([H])(COC(=O)CCCCCCCCCCCCCCC)OC(=O)CCCCCCC\C=C/CCCCCC)COP(O)(=O)OC[C@@]([H])(COC(=O)CCC\C=C/C\C=C/C\C=C/C\C=C/CCCCC)OC(=O)CCCCCCC\C=C/C=C\CCCCCC,1424.0049999999999,1423.92,0.084999999999809
11882,[H][C@](O)(COP(O)(=O)OC[C@@]([H])(COC(=O)CCCCCCCCCCC)OC(=O)CCCCCCCCCCCCC)COP(O)(=O)OC[C@@]([H])(COC(=O)CCCCCCCCCCCCCCC(C)C)OC(=O)CCCCCCCCCCCCCCCCCCCC,[H][C@@](O)(COP(O)(=O)OC[C@@]([H])(COC(=O)CCCCCCCCCCCCCCCC)OC(=O)CCCCCCCCCCCCC(C)CC)COP(O)(=O)OC[C@@]([H])(COC(=O)CCCCCCCCCCC(C)CC)OC(=O)CCCCCCCCCCCCCCC,1367.8969999999997,1367.8969999999997,0.0
12058,[H][C@](COC(=O)CCCCCCCCCCC(C)CC)(COC(=O)CCCCCCCCC(C)CC)OC(=O)CCCCCCCCCCCCCCCCC(C)CC,[H][C@@](COC(=O)CCCCCCC\C=C/CCCCCCCC)(COP(O)(=O)OCCN)OC(=O)CCC\C=C/[C@@H](O)\C=C\C=C/C\C=C/C=C/[C@@H](O)C\C=C/CC,821.3659999999993,822.0740000000002,0.7080000000008795
12330,[H][C@](O)(COP(O)(=O)OC[C@@]([H])(COC(=O)CCCCCCCCC)OC(=O)CCCCCCCCCCCCC(C)C)COP(O)(=O)OC[C@@]([H])(COC(=O)CCCCCCCCCCCCCCCCCCCCC)OC(=O)CCCCCCCCCCCCCCCCCCCCCC,[H]C(O)(COP(O)(=O)OC[C@@]([H])(COC(=O)CCCCCCCCCCCCCCCCCCC(C)C)OC(=O)CCCCCCCCCCCCCCCCC(C)CC)COP(O)(=O)OC[C@@]([H])(COC(=O)CCCCCCCCCC(C)C)OC(=O)CCCCCCCCCCC(C)CC,1452.0590000000002,1452.0589999999997,4.547473508864641e-13
12412,[H][C@@](O)(COP(O)(=O)OC[C@@]([H])(COC(=O)CCCCCCCCCCCCC(C)CC)OC(=O)CCCCCCCCCCCCCCCCC(C)CC)COP(O)(=O)OC[C@@]([H])(COC(=O)CCCCCCCCC(C)CC)OC(=O)CCCCCCCCCCCCC,[H][C@](O)(COP(O)(=O)OC[C@@]([H])(COC(=O)CCCCCCCCC(C)C)OC(=O)CCCCCCCCCCCCCCCCCCCCC(C)CC)COP(O)(=O)OC[C@@]([H])(COC(=O)CCCCCCCCC(C)CC)OC(=O)CCCCCCCCCCCC(C)C,1367.8969999999997,1367.8969999999995,2.2737367544323206e-13
12432,CCCCCCCCCCCCC\C=C\[C@@H](O)[C@H](CO[C@@H]1O[C@H](CO)[C@@H](O[C@@H]2O[C@H](CO)[C@H](O[C@@H]3O[C@H](CO)[C@H](O)[C@H](O)[C@H]3NC(C)=O)[C@H](O[C@]3(CC([C@H](O)[C@H](O)CO)[C@H](NC(C)=O)[C@@H](O)O3)C(O)=O)[C@H]2O)[C@H](O)[C@H]1O)NC(=O)CCCCCCC\C=C/CCCCCCCC,[H][C@](O)(COP(O)(=O)OC[C@@]([H])(COC(=O)CCCCCCCCCC)OC(=O)CCCCCCCCCCCCC(C)CC)COP(O)(=O)OC[C@@]([H])(COC(=O)CCCCCCCCCCCCCC(C)C)OC(=O)CCCCCCCCCCCCCCCCCCCC,1382.6840000000013,1381.9239999999998,0.7600000000015825
12518,[H][C@@](COC(=O)CCCCCCCCCCCCCCCCCCC(C)C)(COC(=O)CCCCCCCCCCCCCCC(C)C)OC(=O)CCCCCCCCCCCCCC,[H][C@@](COC(=O)CCCCCCCCCCC)(COC(=O)CCCCCCCCCCCCCCCCCCCCC(C)CC)OC(=O)CCCCCCCCCCCCCCC(C)C,905.527999999999,905.5279999999992,2.2737367544323206e-13
12532,[H][C@](O)(COP(O)(=O)OC[C@@]([H])(COC(=O)CCCCCCCCC)OC(=O)CCCCCCCCCCCCCCCCCCC)COP(O)(=O)OC[C@@]([H])(COC(=O)CCCCCCCCCCCCCCCCCCCC)OC(=O)CCCCCCCCCCCCCCCCCCCCC(C)C,[H][C@@](O)(COP(O)(=O)OC[C@@]([H])(COC(=O)CCCCCCCCCCCCCCCCCCCCCC)OC(=O)CCCCCCCCCCCCCCCCCCCCC(C)C)COP(O)(=O)OC[C@@]([H])(COC(=O)CCCCCCCCCCCCC)OC(=O)CCCCCCCCCCC(C)C,1508.167,1508.167,0.0
12668,[H][C@](O)(COP(O)(=O)OC[C@@]([H])(COC(=O)CCCCCCCCCC)OC(=O)CCCCCCCCCCCCCCC(C)C)COP(O)(=O)OC[C@@]([H])(COC(=O)CCCCCCCCCCCCCCCC(C)C)OC(=O)CCCCCCCCCCCCCCCCCCCCCCCC,[H][C@@](O)(COP(O)(=O)OC[C@@]([H])(COC(=O)CCCCCCCCCCCCCCCC(C)C)OC(=O)CCCCCCCCCCCCCCCCC(C)C)COP(O)(=O)OC[C@@]([H])(COC(=O)CCCCCCCCCCCC(C)C)OC(=O)CCCCCCCCCCCCCCCCCC,1480.113,1480.113,0.0
12707,[H][C@@](COC(=O)CCCCCCCC1OC1C\C=C/CCCCC)(COP([O-])(=O)OCC[N+](C)(C)C)OC(=O)CCC\C=C/C\C=C/C\C=C/CCCCCCCC,[H][C@](O)(CO)COP(O)(=O)OC[C@@]([H])(COC(=O)CCCCCCCCCCCCCC(C)C)OC(=O)CCC(O)\C=C/C=C\C\C=C/C\C=C/C\C=C/C\C=C/CC,824.1339999999996,825.0740000000003,0.9400000000007367
12744,[H][C@@](O)(COP(O)(=O)OC[C@@]([H])(COC(=O)CCCCCCCCCCCCCCCCC(C)CC)OC(=O)CCCCCCCCCCCCCCCCCCCCC(C)C)COP(O)(=O)OC[C@@]([H])(COC(=O)CCCCCCCCC(C)CC)OC(=O)CCCCCCCCC(C)CC,[H][C@@](O)(COP(O)(=O)OC[C@@]([H])(COC(=O)CCCCCCCCCCCCCCCCC(C)C)OC(=O)CCCCCCCCCCCCCCCCCCCC)COP(O)(=O)OC[C@@]([H])(COC(=O)CCCCCCCCC(C)C)OC(=O)CCCCCCCCCCCCCCC(C)C,1452.0589999999995,1452.0589999999997,2.2737367544323206e-13
12803,[H][C@@](O)(COP(O)(=O)OC[C@@]([H])(COC(=O)CCCCCCCCCCCCCC(C)C)OC(=O)CCCCCCCCCCCCCCCCCC)COP(O)(=O)OC[C@@]([H])(COC(=O)CCCCCCCCCCCCCC)OC(=O)CCCCCCCCCCCC(C)C,[H]C(O)(COP(O)(=O)OC[C@@]([H])(COC(=O)CCCCCCCCCCCCC(C)C)OC(=O)CCCCCCCCCCCCC(C)CC)COP(O)(=O)OC[C@@]([H])(COC(=O)CCCCCCCCCC(C)C)OC(=O)CCCCCCCCCCCCCCCCC(C)C,1381.9239999999995,1381.9239999999995,0.0
12818,[H][C@](O)(COP(O)(=O)OC[C@@]([H])(COC(=O)CCCCCCCCCCC)OC(=O)CCCCCCCCCCCCC)COP(O)(=O)OC[C@@]([H])(COC(=O)CCCCCCCCCCCCCC)OC(=O)CCCCCCCCCCCCCCCCCC,[H]C(O)(COP(O)(=O)OC[C@@]([H])(COC(=O)CCCCCCCCC(C)CC)OC(=O)CCCCCCCCCCCCCCCCCC(C)C)COP(O)(=O)OC[C@@]([H])(COC(=O)CCCCCCCCCC(C)C)OC(=O)CCCCCCCCC(C)CC,1297.762,1297.7619999999993,6.821210263296962e-13
13078,[H][C@@](O)(COP(O)(=O)OC[C@@]([H])(COC(=O)CCCCCCCCCCCC(C)C)OC(=O)CCCCCCCCCCCCCCCC)COP(O)(=O)OC[C@@]([H])(COC(=O)CCCCCCCCCC(C)C)OC(=O)CCCCCCCCCC(C)C,[H][C@](O)(COP(O)(=O)OC[C@@]([H])(COC(=O)CCCCCCC)OC(=O)CCCCCCCCCCCCC)COP(O)(=O)OC[C@@]([H])(COC(=O)CCCCCCCCCCC(C)C)OC(=O)CCCCCCCCCCCCCCCCCCC(C)C,1269.707999999999,1269.7079999999999,9.094947017729282e-13
13425,[H][C@](O)(COP(O)(=O)OC[C@@]([H])(COC(=O)CCCCCCCCCCC)OC(=O)CCCCCCCCCCCCC(C)CC)COP(O)(=O)OC[C@@]([H])(COC(=O)CCCCCCCCCCCCC(C)CC)OC(=O)CCCCCCCCCCCCC(C)CC,[H][C@](O)(COP(O)(=O)OC[C@@]([H])(COC(=O)CCCCCCCCC)OC(=O)CCCCCCCCCCCC(C)C)COP(O)(=O)OC[C@@]([H])(COC(=O)CCCCCCCCCCCCCCCC(C)C)OC(=O)CCCCCCCCCCCCCCCC(C)C,1339.8429999999994,1339.8429999999994,0.0
13685,[H][C@@](COC(=O)CCCCCCC)(COC(=O)CCCCCCCCCCCCCCCCCCCCC(C)C)OC(=O)CCCCCCCCCCCCCC(C)C,[H][C@](COC(=O)CCCCCCCCCCCCCC(C)C)(COC(=O)CCCCCCCCCCCC(C)C)OC(=O)CCCCCCCCCCCCC(C)CC,821.3659999999998,821.3659999999995,2.2737367544323206e-13
13917,[H][C@](O)(COP(O)(=O)OC[C@@]([H])(COC(=O)CCCCCCCCCCCC)OC(=O)CCCCCCCCCCCCC)COP(O)(=O)OC[C@@]([H])(COC(=O)CCCCCCCCCCCCC)OC(=O)CCCCCCCCCCCCCCCCC(C)CC,[H][C@](O)(COP(O)(=O)OC[C@@]([H])(COC(=O)CCCCCCCCCC)OC(=O)CCCCCCCCCCCC)COP(O)(=O)OC[C@@]([H])(COC(=O)CCCCCCCCC(C)CC)OC(=O)CCCCCCCCCCCCCCCCCCCCCCCC,1325.8159999999998,1325.8160000000003,4.547473508864641e-13
14275,[H][C@@](O)(COP(O)(=O)OC[C@@]([H])(COC(=O)CCCCCCCCCCCCCCCCCC)OC(=O)CCCCCCCCCCCCCCCCC(C)CC)COP(O)(=O)OC[C@@]([H])(COC(=O)CCCCCCCCCCC(C)CC)OC(=O)CCCCCCCCCCCCCCC,[H][C@@](O)(COP(O)(=O)OC[C@@]([H])(COC(=O)CCCCCCCCCCCCCCCCCC(C)C)OC(=O)CCCCCCCCCCCCCCCCCCCCCC)COP(O)(=O)OC[C@@]([H])(COC(=O)CCCCCCCCC(C)C)OC(=O)CCCCCCCCCCCCCC,1452.059,1452.0589999999995,4.547473508864641e-13
14617,[H]C(O)(COP(O)(=O)OC[C@@]([H])(COC(=O)CCCCCCCCCC(C)C)OC(=O)CCCCCCCCCCCCCCCCCC(C)C)COP(O)(=O)OC[C@@]([H])(COC(=O)CCCCCCCCCCCCCC(C)C)OC(=O)CCCCCCCCC(C)C,[H]C(O)(COP(O)(=O)OC[C@@]([H])(COC(=O)CCCCCCCCCC(C)C)OC(=O)CCCCCCCCCCCCCCCCC(C)CC)COP(O)(=O)OC[C@@]([H])(COC(=O)CCCCCCCCCC(C)C)OC(=O)CCCCCCCCCCCCC(C)C,1339.8429999999994,1339.8429999999994,0.0
14674,[H]C(O)(COP(O)(=O)OC[C@@]([H])(COC(=O)CCCCCCCCCCCCCCCCC(C)C)OC(=O)CCCCCCCCCCCCCCCCCCCCC(C)C)COP(O)(=O)OC[C@@]([H])(COC(=O)CCCCCCCCC(C)C)OC(=O)CCCCCCCCCCCCCCCCC(C)C,[H][C@](O)(COP(O)(=O)OC[C@@]([H])(COC(=O)CCCCCCCCCCCC)OC(=O)CCCCCCCCCCCCC(C)CC)COP(O)(=O)OC[C@@]([H])(COC(=O)CCCCCCCCCCCCCCCCCCCCCC)OC(=O)CCCCCCCCCCCCCCCCCCCCCC,1522.1939999999995,1522.1940000000004,9.094947017729282e-13
14721,[H][C@](O)(COP(O)(=O)OC[C@@]([H])(COC(=O)CCCCCCCCCCCC)OC(=O)CCCCCCCCCCCCCCCC)COP(O)(=O)OC[C@@]([H])(COC(=O)CCCCCCCCCCCCCCC(C)C)OC(=O)CCCCCCCCCCCCCCCCCCCC,[H][C@@](O)(COP(O)(=O)OC[C@@]([H])(COC(=O)CCCCCCCCCCCCCCCC)OC(=O)CCCCCCCCCCCCCCCCC(C)C)COP(O)(=O)OC[C@@]([H])(COC(=O)CCCCCCCCCCCCC(C)C)OC(=O)CCCCCCCCCCCCC(C)C,1424.0049999999997,1424.0049999999997,0.0
14860,[H][C@](COC(=O)CCCCCCCCC)(COC(=O)CCCCCCCCC(C)CC)OC(=O)CCCCCCCCCCCCCCCCCCCCC(C)CC,[H][C@](COC(=O)CCCCCCCCCCCCCCC)(COC(=O)CCCCCCCCCCCCCCCCCCCCC)OC(=O)CCCCCCCCC,807.3389999999993,807.3389999999995,2.2737367544323206e-13
14948,[H][C@](O)(COP(O)(=O)OC[C@@]([H])(COC(=O)CCCCCCCCC(C)CC)OC(=O)CCCCCCCCCCCCCCCCCC(C)C)COP(O)(=O)OC[C@@]([H])(COC(=O)CCCCCCCCCCCC(C)C)OC(=O)CCCCCCCCC(C)CC,[H]C(O)(COP(O)(=O)OC[C@@]([H])(COC(=O)CCCCCCCCCCCCCC(C)C)OC(=O)CCCCCCCCCCCCCCCC(C)C)COP(O)(=O)OC[C@@]([H])(COC(=O)CCCCCCCCCC(C)C)OC(=O)CCCCCCCCCC(C)C,1325.8159999999993,1325.8159999999993,0.0
15416,[H]C(O)(COP(O)(=O)OC[C@@]([H])(COC(=O)CCCCCCCCCCCCCCCCCCCCC(C)CC)OC(=O)CCCCCCCCCC(C)C)COP(O)(=O)OC[C@@]([H])(COC(=O)CCCCCCCCCCC(C)C)OC(=O)CCCCCCCCC(C)CC,[H][C@@](O)(COP(O)(=O)OC[C@@]([H])(COC(=O)CCCCCCCCCCCCCCCCC(C)C)OC(=O)CCCCCCCCCCC(C)CC)COP(O)(=O)OC[C@@]([H])(COC(=O)CCCCCCCCC(C)CC)OC(=O)CCCCCCCCCCCCCC(C)C,1367.897,1367.8969999999995,4.547473508864641e-13
15443,[H][C@@](O)(COP(O)(=O)OC[C@@]([H])(COC(=O)CCCCCCCCCCCCCCCCCCCC)OC(=O)CCCCCCCCCCCCCCCCCCCC)COP(O)(=O)OC[C@@]([H])(COC(=O)CCCCCCCCCCCCCC)OC(=O)CCCCCCCCCCCC(C)C,[H]C(O)(COP(O)(=O)OC[C@@]([H])(COC(=O)CCCCCCCCCCCCCCCCCCCCC(C)CC)OC(=O)CCCCCCCCCCCCCCCCC(C)C)COP(O)(=O)OC[C@@]([H])(COC(=O)CCCCCCCCCCC(C)C)OC(=O)CCCCCCCCCC(C)C,1466.0859999999998,1466.0859999999998,0.0
16244,[H][C@](COC(=O)CCCCCCCCCCC\C=C/C\C=C/CCCCC)(COC(=O)CCCCCCC\C=C/C\C=C/C\C=C/CC)OC(=O)CCCCCCC\C=C/C\C=C/CCCCC,[H][C@](COC(=O)CCCCCCCCCCCCCCCCCCCC)(COC(=O)CCCCCCCCCCCCC(C)C)OC(=O)CCCCCCCCCCCCCCCCC(C)C,933.4969999999995,933.5819999999991,0.08499999999958163
16264,[H][C@](COC(=O)CCCCCCCCC\C=C/CCCCCCCC)(COC(=O)CCCCCC\C=C/C\C=C/C\C=C/C\C=C/CC)OC(=O)CCCCCCC\C=C/C\C=C/CCCCC,[H][C@@](COC(=O)CCCCCCCCCCCCCCCCCC)(COC(=O)CCCCCCCCCCCCCCCCC(C)CC)OC(=O)CCCCCCCCCCCCCCCC,933.4969999999995,933.581999999999,0.08499999999946795
16330,[H]C(O)(COP(O)(=O)OC[C@@]([H])(COC(=O)CCCCCCCCCCCCCCCCC(C)C)OC(=O)CCCCCCCCCCCCCCCC(C)C)COP(O)(=O)OC[C@@]([H])(COC(=O)CCCCCCCCCCC(C)C)OC(=O)CCCCCCCCC(C)C,[H][C@@](O)(COP(O)(=O)OC[C@@]([H])(COC(=O)CCCCCCCCCCCCCC)OC(=O)CCCCCCCCCCCCCCCCCCCCC(C)CC)COP(O)(=O)OC[C@@]([H])(COC(=O)CCCCCCCCC(C)C)OC(=O)CCCCCCCCCC(C)C,1367.8969999999995,1367.8969999999995,0.0
16431,[H][C@@](O)(COP(O)(=O)OC[C@@]([H])(COC(=O)CCCCCCCCCCCCCCCCC)OC(=O)CCCCCCCCCCCCCCCCCCC(C)C)COP(O)(=O)OC[C@@]([H])(COC(=O)CCCCCCCCCCCC(C)C)OC(=O)CCCCCCCCCCCCCCCCC,[H][C@@](O)(COP(O)(=O)OC[C@@]([H])(COC(=O)CCCCCCCCCCCCCCCCCCCCC(C)CC)OC(=O)CCCCCCCCCCCCC(C)C)COP(O)(=O)OC[C@@]([H])(COC(=O)CCCCCCCCC(C)C)OC(=O)CCCCCCCCCCCCCCCCC(C)C,1480.113,1480.1130000000003,2.2737367544323206e-13
16728,[H][C@@](O)(COP(O)(=O)OC[C@@]([H])(COC(=O)CCCCCCCCCCCCCCCCC(C)C)OC(=O)CCCCCCCCCCCCCCCCCCCCC(C)C)COP(O)(=O)OC[C@@]([H])(COC(=O)CCCCCCCCCCCC(C)C)OC(=O)CCCCCCCCCCCCCCCCC,[H]C(O)(COP(O)(=O)OC[C@@]([H])(COC(=O)CCCCCCCCCCCCCCCCCCCCC(C)CC)OC(=O)CCCCCCCCCCCCCCCC(C)C)COP(O)(=O)OC[C@@]([H])(COC(=O)CCCCCCCCC(C)C)OC(=O)CCCCCCCCCCCCCCCCCC(C)C,1536.2209999999998,1536.221,2.2737367544323206e-13
17924,[H][C@@](O)(COP(O)(=O)OC[C@@]([H])(COC(=O)CCCCCCCCCCCCCCCCC(C)C)OC(=O)CCCCCCCCCCCCCCCCCCCC)COP(O)(=O)OC[C@@]([H])(COC(=O)CCCCCCCCCCC)OC(=O)CCCCCCCCCCC(C)CC,[H][C@](O)(COP(O)(=O)OC[C@@]([H])(COC(=O)CCCCCCCCCCCCC)OC(=O)CCCCCCCCCCCCC)COP(O)(=O)OC[C@@]([H])(COC(=O)CCCCCCCCCCCCCC(C)C)OC(=O)CCCCCCCCCCCCCCCCCCCCCC,1409.9779999999998,1409.9779999999996,2.2737367544323206e-13
18102,[H][C@@](O)(COP(O)(=O)OC[C@@]([H])(COC(=O)CCCCCCCCCCCCCCCCC)OC(=O)CCCCCCCCCCCCCCCCCCCC)COP(O)(=O)OC[C@@]([H])(COC(=O)CCCCCCCCCCCCC)OC(=O)CCCCCCCCCCCCC(C)C,[H][C@](O)(COP(O)(=O)OC[C@@]([H])(COC(=O)CCCCCCCCCC)OC(=O)CCCCCCCCCCCCCCC)COP(O)(=O)OC[C@@]([H])(COC(=O)CCCCCCCCCCCCC(C)CC)OC(=O)CCCCCCCCCCCCCCCCCCCCC(C)CC,1424.0049999999997,1424.0049999999999,2.2737367544323206e-13
18132,[H][C@](O)(COP(O)(=O)OC[C@@]([H])(COC(=O)CCCCCCCCCC)OC(=O)CCCCCCCCCCCCCC)COP(O)(=O)OC[C@@]([H])(COC(=O)CCCCCCCCCCCCCCC)OC(=O)CCCCCCCCCCCCCCCCC(C)C,[H][C@@](O)(COP(O)(=O)OC[C@@]([H])(COC(=O)CCCCCCCCC(C)C)OC(=O)CCCCCCCCCCCCCCCCCCCCC(C)CC)COP(O)(=O)OC[C@@]([H])(COC(=O)CCCCCCCCC(C)C)OC(=O)CCCCCCCCC(C)CC,1325.8159999999996,1325.8159999999993,2.2737367544323206e-13
18286,[H][C@](O)(COP(O)(=O)OC[C@@]([H])(COC(=O)CCCCCCCCC)OC(=O)CCCCCCCCCCC(C)C)COP(O)(=O)OC[C@@]([H])(COC(=O)CCCCCCCCCCC(C)CC)OC(=O)CCCCCCCCCCCCCCCCCCC(C)C,[H][C@@](O)(COP(O)(=O)OC[C@@]([H])(COC(=O)CCCCCCCCCCCCC(C)C)OC(=O)CCCCCCCCCCCCCCCCCC)COP(O)(=O)OC[C@@]([H])(COC(=O)CCCCCCCCCCC)OC(=O)CCCCCCCCCCC(C)C,1311.7890000000002,1311.7889999999993,9.094947017729282e-13
18326,[H][C@@](O)(COP(O)(=O)OC[C@@]([H])(COC(=O)CCCCCCCCCCCCCCCCC(C)CC)OC(=O)CCCCCCCCCCCCC(C)CC)COP(O)(=O)OC[C@@]([H])(COC(=O)CCCCCCCCC(C)CC)OC(=O)CCCCCCCCC(C)C,[H][C@@](O)(COP(O)(=O)OC[C@@]([H])(COC(=O)CCCCCCCCCCCCCCC)OC(=O)CCCCCCCCCCCCCCCCCCCC)COP(O)(=O)OC[C@@]([H])(COC(=O)CCCCCCCCCC(C)C)OC(=O)CCCCCCCCCC(C)C,1339.8429999999996,1339.8429999999992,4.547473508864641e-13
18359,[H][C@@](O)(COP(O)(=O)OC[C@@]([H])(COC(=O)CCCCCCCCCCCCCCCC(C)C)OC(=O)CCCCCCCCCCCCCCCC(C)C)COP(O)(=O)OC[C@@]([H])(COC(=O)CCCCCCCCCCC)OC(=O)CCCCCCCCCCC(C)CC,[H][C@@](O)(COP(O)(=O)OC[C@@]([H])(COC(=O)CCCCCCCCCCC(C)CC)OC(=O)CCCCCCCCCCCCCCCCCCCCCCC)COP(O)(=O)OC[C@@]([H])(COC(=O)CCCCCCCCC(C)C)OC(=O)CCCCCCCCCCC(C)C,1367.8969999999997,1367.8969999999993,4.547473508864641e-13
18616,[H]C(COC(=O)CCC\C=C/C\C=C/C\C=C/C\C=C/C\C=C/CC)(COP(O)(=O)OCCN(C)C)OC(=O)CCCCCCCCCCCCCCCCCCCCC,[H][C@](COC(=O)CCCCCCCCCCCCCCCCCC(C)C)(COC(=O)CCCCCCCCCCCCCC(C)C)OC(=O)CCCCCCCCCCCC,850.2159999999989,849.4199999999993,0.7959999999995944
18696,[H][C@](COC(=O)CCCCCCCCCCCCC(C)C)(COC(=O)CCCCCCCCCCCCC(C)CC)OC(=O)CCCCCCCCCCCCCCCCC(C)C,[H][C@](COC(=O)CCCCCCCCCCCCCCC)(COC(=O)CCCCCCCCCCCCCC(C)C)OC(=O)CCCCCCCCCCCCCCCCC(C)C,877.4739999999994,877.4739999999994,0.0
18782,[H][C@](CO)(COC(=O)CCCC\C=C/C\C=C/C\C=C/C\C=C/CC)OC(=O)CCCCCC\C=C/C\C=C/C\C=C/CCCCC,[H][C@](CO)(COC(=O)CCC\C=C/C\C=C/C\C=C/CCCCCCCC)OC(=O)CCCC\C=C/C\C=C/C\C=C/C\C=C/CC,638.9740000000002,638.9740000000004,2.2737367544323206e-13
18854,[H][C@@](O)(COP(O)(=O)OC[C@@]([H])(COC(=O)CCCCCCCCCCC(C)CC)OC(=O)CCCCCCCCCCCC(C)C)COP(O)(=O)OC[C@@]([H])(COC(=O)CCCCCCCCC(C)C)OC(=O)CCCCCCCCCCC(C)CC,[H][C@](O)(COP(O)(=O)OC[C@@]([H])(COC(=O)CCCCCCCCC(C)CC)OC(=O)CCCCCCCCCCCCCC(C)C)COP(O)(=O)OC[C@@]([H])(COC(=O)CCCCCCCCCCCC(C)C)OC(=O)CCCCCCCCC(C)C,1255.6809999999996,1255.6809999999991,4.547473508864641e-13
19192,[H][C@](O)(COP(O)(=O)OC[C@@]([H])(COC(=O)CCCCCCC)OC(=O)CCCCCCCCCCCCCCCCC)COP(O)(=O)OC[C@@]([H])(COC(=O)CCCCCCCCCCCCCCCCC(C)C)OC(=O)CCCCCCCCCCCCCCCCC(C)C,[H][C@](O)(COP(O)(=O)OC[C@@]([H])(COC(=O)CCCCCCC)OC(=O)CCCCCCCCCCCCCCC)COP(O)(=O)OC[C@@]([H])(COC(=O)CCCCCCCCCCCCCC(C)C)OC(=O)CCCCCCCCCCCCCCCCCCCCCCCC,1381.9239999999993,1381.9240000000002,9.094947017729282e-13
19218,[H][C@@](O)(COP(O)(=O)OC[C@@]([H])(COC(=O)CCCCCCCCCCCCCCCCCCC(C)C)OC(=O)CCCCCCCCCCCCCCCCCCCCCCCC)COP(O)(=O)OC[C@@]([H])(COC(=O)CCCCCCCCC(C)C)OC(=O)CCCCCCCCCCCCCCC(C)C,[H][C@](O)(COP(O)(=O)OC[C@@]([H])(COC(=O)CCCCCCCCCC)OC(=O)CCCCCCCCCCCCCCCCCC)COP(O)(=O)OC[C@@]([H])(COC(=O)CCCCCCCCCCCCCCCCCCC(C)C)OC(=O)CCCCCCCCCCCCCCCCCCCCC(C)CC,1536.2209999999998,1536.2209999999998,0.0
19287,[H][C@@](COC(=O)CCCCCCCCCCCCCCCCCCCCC)(COC(=O)CCCCCCCCCCCCCC(C)C)OC(=O)CCCCCCCCCCCCCCCCC,[H][C@](COC(=O)CCCCCCCCCCCCCCCCC(C)CC)(COC(=O)CCCCCCCCC(C)C)OC(=O)CCCCCCCCCCCCCCCCCCCCC(C)C,933.581999999999,933.581999999999,0.0
19551,[H][C@](O)(COP(O)(=O)OC[C@@]([H])(COC(=O)CCCCCCCCC)OC(=O)CCCCCCCCCCCC(C)C)COP(O)(=O)OC[C@@]([H])(COC(=O)CCCCCCCCCCCCCCCCCCC(C)C)OC(=O)CCCCCCCCCCCCCCCCCCCCCCC,[H][C@@](O)(COP(O)(=O)OC[C@@]([H])(COC(=O)CCCCCCCCCCCCCCCCCCCC)OC(=O)CCCCCCCCCCCCCCCCC(C)CC)COP(O)(=O)OC[C@@]([H])(COC(=O)CCCCCCCCCC(C)C)OC(=O)CCCCCCCCCCCCC(C)C,1452.059,1452.0589999999997,2.2737367544323206e-13
19752,[H][C@](O)(COP(O)(=O)OC[C@@]([H])(COC(=O)CCCCCCC)OC(=O)CCCCCCCCCCC(C)C)COP(O)(=O)OC[C@@]([H])(COC(=O)CCCCCCCCCCCCCCCCCCCCCC)OC(=O)CCCCCCCCCCCCCCCCCCCCCCC,[H][C@](O)(COP(O)(=O)OC[C@@]([H])(COC(=O)CCCCCCCCCCC)OC(=O)CCCCCCCCCCC)COP(O)(=O)OC[C@@]([H])(COC(=O)CCCCCCCCCCCCCCCCC(C)C)OC(=O)CCCCCCCCCCCCCCCCCCCCCCCC,1424.005,1424.0049999999999,2.2737367544323206e-13
19783,[H][C@](O)(COP(O)(=O)OC[C@@]([H])(COC(=O)CCCCCCCCC)OC(=O)CCCCCCCCCCCC(C)C)COP(O)(=O)OC[C@@]([H])(COC(=O)CCCCCCCCCCCCCCCCCCCCCC)OC(=O)CCCCCCCCCCCCCCCCCCCCCCC,[H][C@@](O)(COP(O)(=O)OC[C@@]([H])(COC(=O)CCCCCCCCCCCCCCCCCC)OC(=O)CCCCCCCCCCCCCCCC(C)C)COP(O)(=O)OC[C@@]([H])(COC(=O)CCCCCCCCCCCC(C)C)OC(=O)CCCCCCCCCCCCCCCCCC,1466.0860000000002,1466.086,2.2737367544323206e-13
19928,[H][C@](O)(COP(O)(=O)OC[C@@]([H])(COC(=O)CCCCCCCCC)OC(=O)CCCCCCCCCCCCC(C)C)COP(O)(=O)OC[C@@]([H])(COC(=O)CCCCCCCCCCCCCCC(C)C)OC(=O)CCCCCCCCCCCCCCCCCCCCCCCC,[H]C(O)(COP(O)(=O)OC[C@@]([H])(COC(=O)CCCCCCCCCCCCCC(C)C)OC(=O)CCCCCCCCCCCCCCCCCC(C)C)COP(O)(=O)OC[C@@]([H])(COC(=O)CCCCCCCCCCC(C)C)OC(=O)CCCCCCCCCCCCC(C)CC,1424.0049999999999,1424.0049999999997,2.2737367544323206e-13
20002,[H][C@](O)(COP(O)(=O)OC[C@@]([H])(COC(=O)CCCCCCCCC)OC(=O)CCCCCCCCCCCC)COP(O)(=O)OC[C@@]([H])(COC(=O)CCCCCCCCCCCCCCCCCCCCCC)OC(=O)CCCCCCCCCCCCCCCCCCCCC(C)CC,[H][C@](O)(COP(O)(=O)OC[C@@]([H])(COC(=O)CCCCCCCCCCC)OC(=O)CCCCCCCCCCCCCC)COP(O)(=O)OC[C@@]([H])(COC(=O)CCCCCCCCCCCCCCCC(C)C)OC(=O)CCCCCCCCCCCCCCCCCCCCCCCC,1452.0589999999997,1452.0589999999997,0.0
20126,[H][C@](COC(=O)CCCCC\C=C/C\C=C/C\C=C/C\C=C/CCCCC)(COC(=O)CCC\C=C/C\C=C/C\C=C/C\C=C/C\C=C/CC)OC(=O)CCCCC\C=C/C\C=C/C\C=C/C\C=C/C\C=C/CC,[H][C@@](COC(=O)CCC\C=C/C\C=C/CC1OC1C\C=C/CCCCC)(COP(O)(=O)OP(O)(=O)OC[C@H]1O[C@H]([C@H](O)[C@@H]1O)N1C=CC(N)=NC1=O)OC(=O)CCCCCCCCCCC(C)CC,1003.5469999999997,1004.1019999999994,0.5549999999997226
20266,[H][C@@](O)(COP(O)(=O)OC[C@@]([H])(COC(=O)CCCCCCCCCCCCCCCCC(C)CC)OC(=O)CCCCCCCCCCCCCC(C)C)COP(O)(=O)OC[C@@]([H])(COC(=O)CCCCCCCCC(C)CC)OC(=O)CCCCCCCCCCC(C)C,[H][C@@](O)(COP(O)(=O)OC[C@@]([H])(COC(=O)CCCCCCCCCCC(C)CC)OC(=O)CCCCCCCCCC(C)C)COP(O)(=O)OC[C@@]([H])(COC(=O)CCCCCCCCC(C)C)OC(=O)CCCCCCCCCCCCCCCCCCCCC(C)CC,1367.8969999999997,1367.8970000000002,4.547473508864641e-13
20359,[H][C@@](O)(COP(O)(=O)OC[C@@]([H])(COC(=O)CCCCCCCCCCCCCCCCC(C)C)OC(=O)CCCCCCCCCCCCCCCCCCCCCCCC)COP(O)(=O)OC[C@@]([H])(COC(=O)CCCCCCCCC(C)C)OC(=O)CCCCCCCCCCC(C)CC,[H][C@@](O)(COP(O)(=O)OC[C@@]([H])(COC(=O)CCCCCCCCCCCCCCCCC(C)C)OC(=O)CCCCCCCCCCCCCCCCCC(C)C)COP(O)(=O)OC[C@@]([H])(COC(=O)CCCCCCCCC(C)C)OC(=O)CCCCCCCCCCCCCCCCCC,1466.0859999999993,1466.086,6.821210263296962e-13
20414,[H][C@](COC(=O)CCCCCCCCCCCCCC)(COC(=O)CCCCCCCCCCCCCCC)OC(=O)CCCCCCCCCCCCCCCCCCCCC(C)C,[H][C@@](COC(=O)CCCCCCCCCCCCCCCCC)(COC(=O)CCCCCCCCCCCCCCC(C)C)OC(=O)CCCCCCCCCCCCCCCC(C)C,905.5279999999991,905.5279999999992,1.1368683772161603e-13
21095,[H][C@@](O)(COP(O)(=O)OC[C@@]([H])(COC(=O)CCCCCCCCCCCCCCCC)OC(=O)CCCCCCCCCCCCCCCCCCCCC(C)C)COP(O)(=O)OC[C@@]([H])(COC(=O)CCCCCCCCC(C)C)OC(=O)CCCCCCCCCCCCC,[H]C(O)(COP(O)(=O)OC[C@@]([H])(COC(=O)CCCCCCCCCCCC(C)C)OC(=O)CCCCCCCCCCCCCCCCCCCCC(C)C)COP(O)(=O)OC[C@@]([H])(COC(=O)CCCCCCCCCC(C)C)OC(=O)CCCCCCCCCCC(C)CC,1395.9509999999998,1395.9509999999996,2.2737367544323206e-13
21412,[H][C@](O)(COP(O)(=O)OC[C@@]([H])(COC(=O)CCCCCCCCCCCCCC)OC(=O)CCCCCCCCCCCCCC)COP(O)(=O)OC[C@@]([H])(COC(=O)CCCCCCC\C=C/C=C\CCCCCC)OC(=O)CCCCCCCCCCCCCCCCC(C)CC,[H][C@](O)(COP(O)(=O)OC[C@@]([H])(COC(=O)CCCCCCCCCC(C)C)OC(=O)CCCCCCCCCCCCCCCC)COP(O)(=O)OC[C@@]([H])(COC(=O)CCCCCCC\C=C/C=C\CCCCCC)OC(=O)CCCCCCCCCCCCCCCCCCCC,1419.973,1419.9730000000002,2.2737367544323206e-13
21421,[H]C(O)(COP(O)(=O)OC[C@@]([H])(COC(=O)CCCCCCCCCCCCCCCCCC(C)C)OC(=O)CCCCCCCCCCCCCCCCC(C)C)COP(O)(=O)OC[C@@]([H])(COC(=O)CCCCCCCCCC(C)C)OC(=O)CCCCCCCCCCC(C)C,[H][C@@](O)(COP(O)(=O)OC[C@@]([H])(COC(=O)CCCCCCCCCCCCCCC)OC(=O)CCCCCCCCCCCCCCCCCCC(C)C)COP(O)(=O)OC[C@@]([H])(COC(=O)CCCCCCCCCCC(C)CC)OC(=O)CCCCCCCCCCCC(C)C,1409.9779999999998,1409.9779999999996,2.2737367544323206e-13
21729,[H][C@@](O)(COP(O)(=O)OC[C@@]([H])(COC(=O)CCCCCCCCCCCCCCCCC(C)C)OC(=O)CCCCCCCCCCCCCCCCCCCCC(C)C)COP(O)(=O)OC[C@@]([H])(COC(=O)CCCCCCCCCCC(C)CC)OC(=O)CCCCCCCCCCCCCCCCCC,[H][C@@](O)(COP(O)(=O)OC[C@@]([H])(COC(=O)CCCCCCCCCCCCCCCCCCCCC)OC(=O)CCCCCCCCCCCCCCCCCCCCC(C)CC)COP(O)(=O)OC[C@@]([H])(COC(=O)CCCCCCCCCC(C)C)OC(=O)CCCCCCCCCCCCCCCCC,1550.2479999999998,1550.248,2.2737367544323206e-13
21778,[H][C@](O)(COP(O)(=O)OC[C@@]([H])(COC(=O)CCCCCCCCC)OC(=O)CCCCCCCCCCCCCCCCC(C)C)COP(O)(=O)OC[C@@]([H])(COC(=O)CCCCCCCCCCCCCCCCC(C)CC)OC(=O)CCCCCCCCCCCCCCCCCCCCCCCC,[H]C(O)(COP(O)(=O)OC[C@@]([H])(COC(=O)CCCCCCCCCCCCCCCC(C)C)OC(=O)CCCCCCCCCCCCCCCCCCCCC(C)CC)COP(O)(=O)OC[C@@]([H])(COC(=O)CCCCCCCCCC(C)C)OC(=O)CCCCCCCCCCCCCCCC(C)C,1522.1940000000002,1522.1939999999995,6.821210263296962e-13
21791,[H][C@@](O)(COP(O)(=O)OC[C@@]([H])(COC(=O)CCCCCCCCC(C)CC)OC(=O)CCCCCCCCCCCCCCCCCCCCC(C)CC)COP(O)(=O)OC[C@@]([H])(COC(=O)CCCCCCCCC(C)C)OC(=O)CCCCCCCCCC(C)C,[H][C@@](O)(COP(O)(=O)OC[C@@]([H])(COC(=O)CCCCCCCCCCCCCC)OC(=O)CCCCCCCCCCCCCCCCCC(C)C)COP(O)(=O)OC[C@@]([H])(COC(=O)CCCCCCCCC(C)C)OC(=O)CCCCCCCCCCCCCC,1339.8429999999994,1339.8429999999996,2.2737367544323206e-13
21918,[H][C@](COC(=O)CCCCCCCCCCCCC)(COC(=O)CCCCC\C=C/C\C=C/C\C=C/C\C=C/CCCCC)OC(=O)CCCCCCCCCCCCCCCCC,[H][C@](COC(=O)CCCCCCCCCCCCCCCCCCC)(COC(=O)CCC\C=C/C\C=C/C\C=C/CCCCCCCC)OC(=O)CCCCCCC\C=C/CCCC,883.436999999999,883.4369999999992,2.2737367544323206e-13
22351,[H][C@@](O)(COP(O)(=O)OC[C@@]([H])(COC(=O)CCCCCCCCCCC(C)CC)OC(=O)CCCCCCCCCCCCCCCCCCCCC)COP(O)(=O)OC[C@@]([H])(COC(=O)CCCCCCCCCC(C)C)OC(=O)CCCCCCCCCC(C)C,[H][C@](O)(COP(O)(=O)OC[C@@]([H])(COC(=O)CCCCCCC)OC(=O)CCCCCCCCCC(C)C)COP(O)(=O)OC[C@@]([H])(COC(=O)CCCCCCCCCCCCCCC(C)C)OC(=O)CCCCCCCCCCCCCCCCCCCCCCC,1339.8429999999992,1339.8430000000003,1.1368683772161603e-12
22474,[H][C@@](O)(COP(O)(=O)OC[C@@]([H])(COC(=O)CCCCCCCCCCCCCCCCCCC(C)C)OC(=O)CCCCCCCCCCCCCC(C)C)COP(O)(=O)OC[C@@]([H])(COC(=O)CCCCCCCCC(C)C)OC(=O)CCCCCCCCC(C)CC,[H][C@](O)(COP(O)(=O)OC[C@@]([H])(COC(=O)CCCCCCCCC)OC(=O)CCCCCCCCCCCCCCCCC)COP(O)(=O)OC[C@@]([H])(COC(=O)CCCCCCCCCCCCCCC(C)C)OC(=O)CCCCCCCCCCCCCCC(C)C,1353.8699999999997,1353.8699999999992,4.547473508864641e-13
22549,CCCCCCCC\C=C/C\C=C/C\C=C/CCCC(=O)O[C@H](COC(=O)CCC\C=C/C[C@@H]1[C@@H](\C=C\[C@@H](O)CCCCC)[C@H](O)CC1=O)COP(O)(=O)OC[C@@H](O)CO,[H][C@](COC(=O)CCCCCCC\C=C/C\C=C/C\C=C/CC)(COC(=O)CCCC\C=C/C\C=C/C\C=C/C\C=C/CC)OC(=O)CCCC\C=C/C\C=C/C\C=C/C\C=C/CC,869.0830000000003,869.3249999999998,0.24199999999950705
22915,[H][C@@](O)(COP(O)(=O)OC[C@@]([H])(COC(=O)CCCCCCCCCCCCCCCCC(C)CC)OC(=O)CCCCCCCCCCCC(C)C)COP(O)(=O)OC[C@@]([H])(COC(=O)CCCCCCCCC(C)CC)OC(=O)CCCCCCCCCCCC(C)C,[H][C@](O)(COP(O)(=O)OC[C@@]([H])(COC(=O)CCCCCCCCCCC)OC(=O)CCCCCCCCCCCC(C)C)COP(O)(=O)OC[C@@]([H])(COC(=O)CCCCCCCCCCCCCCCC)OC(=O)CCCCCCCCCCCCCCCCCCC,1353.8699999999997,1353.87,2.2737367544323206e-13
23100,[H][C@](O)(COP(O)(=O)OC[C@@]([H])(COC(=O)CCCCCCCCCCCC)OC(=O)CCCCCCCCCCCCCCCCCCC)COP(O)(=O)OC[C@@]([H])(COC(=O)CCCCCCCCCCCCCCCCC(C)CC)OC(=O)CCCCCCCCCCCCCCCCC(C)CC,[H][C@](O)(COP(O)(=O)OC[C@@]([H])(COC(=O)CCCCCCCCCCCCCCC)OC(=O)CCCCCCCCCCCCCCC)COP(O)(=O)OC[C@@]([H])(COC(=O)CCCCCCCCCCCCCCC(C)C)OC(=O)CCCCCCCCCCCCCCCCCCCCC(C)CC,1508.1669999999997,1508.1669999999997,0.0
23120,[H][C@@](O)(COP(O)(=O)OC[C@@]([H])(COC(=O)CCCCCCCCCCC(C)C)OC(=O)CCCCCCCCCCCCC(C)CC)COP(O)(=O)OC[C@@]([H])(COC(=O)CCCCCCCCC(C)C)OC(=O)CCCCCCCCCCCC(C)C,[H][C@](O)(COP(O)(=O)OC[C@@]([H])(COC(=O)CCCCCCC)OC(=O)CCCCCCCCCCC)COP(O)(=O)OC[C@@]([H])(COC(=O)CCCCCCCCCCCCC)OC(=O)CCCCCCCCCCCCCCCCCCCCC(C)C,1269.7079999999994,1269.7079999999999,4.547473508864641e-13
23181,[H][C@@](O)(COP(O)(=O)OC[C@@]([H])(COC(=O)CCCCCCCCCCCCCCC(C)C)OC(=O)CCCCCCCCCCCCCCCCCC)COP(O)(=O)OC[C@@]([H])(COC(=O)CCCCCCCCCCCCC)OC(=O)CCCCCCCCCCC(C)CC,[H][C@@](O)(COP(O)(=O)OC[C@@]([H])(COC(=O)CCCCCCCCCCCCCCCCCCC)OC(=O)CCCCCCCCCCCCCCCCC(C)CC)COP(O)(=O)OC[C@@]([H])(COC(=O)CCCCCCCCC(C)C)OC(=O)CCCCCCCCCCCC,1381.9239999999995,1381.924,4.547473508864641e-13
23550,[H][C@](O)(COP(O)(=O)OC[C@@]([H])(COC(=O)CCCCCCCCCCCC)OC(=O)CCCCCCCCCCCCCCC)COP(O)(=O)OC[C@@]([H])(COC(=O)CCCCCCCCCCCCC(C)C)OC(=O)CCCCCCCCCCCCCCCCCCC(C)C,[H][C@@](O)(COP(O)(=O)OC[C@@]([H])(COC(=O)CCCCCCCCCCCCCCC(C)C)OC(=O)CCCCCCCCCCCCCCCCCCCC)COP(O)(=O)OC[C@@]([H])(COC(=O)CCCCCCCCCCC(C)C)OC(=O)CCCCCCCCCCC(C)C,1395.9509999999993,1395.9509999999993,0.0
23648,[H]C(O)(COP(O)(=O)OC[C@@]([H])(COC(=O)CCCCCCCCCCCCCCCCCCCCC(C)C)OC(=O)CCCCCCCCCCCC(C)C)COP(O)(=O)OC[C@@]([H])(COC(=O)CCCCCCCCCC(C)C)OC(=O)CCCCCCCCCCC(C)C,[H][C@@](O)(COP(O)(=O)OC[C@@]([H])(COC(=O)CCCCCCCCC(C)CC)OC(=O)CCCCCCCCCCCCCCCCCCCCC(C)CC)COP(O)(=O)OC[C@@]([H])(COC(=O)CCCCCCCCC(C)CC)OC(=O)CCCCCCCCCCCC(C)C,1381.924,1381.9239999999995,4.547473508864641e-13
23805,[H][C@](O)(COP(O)(=O)OC[C@@]([H])(COC(=O)CCCCCCCCCCCC)OC(=O)CCCCCCCCCCCCCCCC)COP(O)(=O)OC[C@@]([H])(COC(=O)CCCCCCCCCCCCCCCC(C)C)OC(=O)CCCCCCCCCCCCCCCCCCCCCCCC,[H][C@@](O)(COP(O)(=O)OC[C@@]([H])(COC(=O)CCCCCCCCCCCCCCCCCCCCC)OC(=O)CCCCCCCCCCCCCCCCCCCCC(C)C)COP(O)(=O)OC[C@@]([H])(COC(=O)CCCCCCCCCCCCC)OC(=O)CCCCCCCCCCC(C)C,1494.1399999999999,1494.1399999999999,0.0
23971,[H][C@](O)(COP(O)(=O)OC[C@@]([H])(COC(=O)CCCCCCCCCC)OC(=O)CCCCCCCCCCCCCCC)COP(O)(=O)OC[C@@]([H])(COC(=O)CCCCCCCCCCCCCCCCCCC)OC(=O)CCCCCCCCCCCCCCCCCCCCCCCC,[H][C@@](O)(COP(O)(=O)OC[C@@]([H])(COC(=O)CCCCCCCCCCCCCCCCCC(C)C)OC(=O)CCCCCCCCCCCCCCCCCCCCCC)COP(O)(=O)OC[C@@]([H])(COC(=O)CCCCCCCCC(C)CC)OC(=O)CCCCCCCCCCCC(C)C,1466.086,1466.0859999999993,6.821210263296962e-13
24201,CCCCC[C@H](O)\C=C\[C@H]1[C@H](O)CC(=O)[C@@H]1C\C=C/CCCC(=O)OC[C@@H](O)CO,C[N+](C)(C)CC(CC([O-])=O)OC(=O)CCCCCC=CCCCCC=CCC(O)=O,426.55000000000024,425.56600000000026,0.9839999999999804
24204,[H][C@@](O)(COP(O)(=O)OC[C@@]([H])(COC(=O)CCCCCCCCCCCCCCCCCCC)OC(=O)CCCCCCCCCCCCCCCCCCCCC(C)C)COP(O)(=O)OC[C@@]([H])(COC(=O)CCCCCCCCCCC(C)CC)OC(=O)CCCCCCCCCCCCCCCCC,[H][C@@](O)(COP(O)(=O)OC[C@@]([H])(COC(=O)CCCCCCCCCCCCCCCCCCCCCCC)OC(=O)CCCCCCCCCCCCCCCCCCCCC(C)CC)COP(O)(=O)OC[C@@]([H])(COC(=O)CCCCCCCCC(C)CC)OC(=O)CCCCCCCCCCCCCC,1536.221,1536.2209999999998,2.2737367544323206e-13
24352,[H][C@](O)(COP(O)(=O)OC[C@@]([H])(COC(=O)CCCCCCC)OC(=O)CCCCCCCCC)COP(O)(=O)OC[C@@]([H])(COC(=O)CCCCCCCCCCCCC(C)C)OC(=O)CCCCCCCCCCCCCCCCCCC(C)C,[H][C@](O)(COP(O)(=O)OC[C@@]([H])(COC(=O)CCCCCCC)OC(=O)CCCCCCCCCCC(C)C)COP(O)(=O)OC[C@@]([H])(COC(=O)CCCCCCCCCCCCCCC)OC(=O)CCCCCCCCCCCCCCCCC,1241.6539999999998,1241.654,2.2737367544323206e-13
24360,[H][C@](O)(COP(O)(=O)OC[C@@]([H])(COC(=O)CCCCCCCCCCCC)OC(=O)CCCCCCCCCCCCCCC(C)C)COP(O)(=O)OC[C@@]([H])(COC(=O)CCCCCCCCCCCCCCCCC(C)CC)OC(=O)CCCCCCCCCCCCCCCCCCC(C)C,[H][C@@](O)(COP(O)(=O)OC[C@@]([H])(COC(=O)CCCCCCCCCCCCCCCCCCCCCC)OC(=O)CCCCCCCCCCCCCCCCCCCCCCC)COP(O)(=O)OC[C@@]([H])(COC(=O)CCCCCCCCC(C)C)OC(=O)CCCCCCCCCCCC(C)C,1494.1399999999999,1494.1399999999996,2.2737367544323206e-13
24511,[H][C@](COC(=O)CCCCCCCCCCCCCCCC)(COC(=O)CCCCCCCCC(C)CC)OC(=O)CCCCCCCCCCCCCCCCCCC(C)C,[H][C@@](COC(=O)CCCCCCCCCCCCCCCCC)(COC(=O)CCCCCCCCCCCC(C)C)OC(=O)CCCCCCCCCCCCCCCCCC,863.4469999999992,863.4469999999993,1.1368683772161603e-13
24936,[H][C@](O)(COP(O)(=O)OC[C@@]([H])(COC(=O)CCCCCCCCC)OC(=O)CCCCCCCCC)COP(O)(=O)OC[C@@]([H])(COC(=O)CCCCCCCCCCCCCCCCCC(C)C)OC(=O)CCCCCCCCCCCCCCCCCCCCCC,[H]C(O)(COP(O)(=O)OC[C@@]([H])(COC(=O)CCCCCCCCCCCCC(C)CC)OC(=O)CCCCCCCCCCCCCCCCC(C)C)COP(O)(=O)OC[C@@]([H])(COC(=O)CCCCCCCCCCC(C)C)OC(=O)CCCCCCCCCC(C)C,1353.8700000000001,1353.8699999999994,6.821210263296962e-13
25209,[H][C@](O)(COP(O)(=O)OC[C@@]([H])(COC(=O)CCCCCCCCCCC)OC(=O)CCCCCCCCCCCCC(C)C)COP(O)(=O)OC[C@@]([H])(COC(=O)CCCCCCCCCCCCCCCCC(C)CC)OC(=O)CCCCCCCCCCCCCCCCCCCCCC,[H]C(O)(COP(O)(=O)OC[C@@]([H])(COC(=O)CCCCCCCCCCCCC(C)CC)OC(=O)CCCCCCCCCCCCCCCCC(C)C)COP(O)(=O)OC[C@@]([H])(COC(=O)CCCCCCCCCC(C)C)OC(=O)CCCCCCCCCCCCCCCCCCC(C)C,1466.086,1466.0859999999998,2.2737367544323206e-13
25256,[H][C@@](O)(COP(O)(=O)OC[C@@]([H])(COC(=O)CCCCCCCCCCC(C)CC)OC(=O)CCCCCCCCCCCCCC(C)C)COP(O)(=O)OC[C@@]([H])(COC(=O)CCCCCCCCC(C)C)OC(=O)CCCCCCCCCCCCCCCCC(C)CC,[H][C@@](O)(COP(O)(=O)OC[C@@]([H])(COC(=O)CCCCCCCCCCCCCCCC)OC(=O)CCCCCCCCCCCCCCCC(C)C)COP(O)(=O)OC[C@@]([H])(COC(=O)CCCCCCCCCCC(C)C)OC(=O)CCCCCCCCCCCCCC,1367.8969999999995,1367.8969999999997,2.2737367544323206e-13
25257,[H][C@@](O)(COP(O)(=O)OC[C@@]([H])(COC(=O)CCCCCCCCCCCCCC)OC(=O)CCCCCCCCCCCCCCCCCCC(C)C)COP(O)(=O)OC[C@@]([H])(COC(=O)CCCCCCCCCCC)OC(=O)CCCCCCCCC(C)CC,[H][C@](O)(COP(O)(=O)OC[C@@]([H])(COC(=O)CCCCCCCCC(C)CC)OC(=O)CCCCCCCCCCC(C)C)COP(O)(=O)OC[C@@]([H])(COC(=O)CCCCCCCCCCCCCCCCCCC(C)C)OC(=O)CCCCCCCCC(C)CC,1325.8159999999996,1325.8159999999993,2.2737367544323206e-13
25314,[H][C@](COC(=O)CCCCCCCCCCCCC)(COC(=O)CCCCCCCCCCCCCCCCCCCCC(C)C)OC(=O)CCCCCCCCCCCCCCC,[H][C@@](COC(=O)CCCCCCCCCCC)(COC(=O)CCCCCCCCCCCCCC(C)C)OC(=O)CCCCCCCCCCCCCCCCCCCCC(C)CC,891.5009999999992,891.5009999999991,1.1368683772161603e-13
25605,[H][C@](O)(COP(O)(=O)OC[C@@]([H])(COC(=O)CCCCCCCCCCCC)OC(=O)CCCCCCCCCCCCCCCC)COP(O)(=O)OC[C@@]([H])(COC(=O)CCCCCCCCCCCCCCCCCCC)OC(=O)CCCCCCCCCCCCCCCCCCCCC,[H][C@@](O)(COP(O)(=O)OC[C@@]([H])(COC(=O)CCCCCCCCCCCCCCCCC)OC(=O)CCCCCCCCCCCCCCCCC(C)CC)COP(O)(=O)OC[C@@]([H])(COC(=O)CCCCCCCCCCCC(C)C)OC(=O)CCCCCCCCCCCCCCCCC,1466.086,1466.086,0.0
26053,[H][C@](O)(COP(O)(=O)OC[C@@]([H])(COC(=O)CCCCCCCCC(C)C)OC(=O)CCCCCCCCCCC(C)C)COP(O)(=O)OC[C@@]([H])(COC(=O)CCCCCCCCC(C)CC)OC(=O)CCCCCCCCCCCCCCCCCCCCC(C)CC,[H][C@](O)(COP(O)(=O)OC[C@@]([H])(COC(=O)CCCCCCCCCC)OC(=O)CCCCCCCCCCCCC(C)CC)COP(O)(=O)OC[C@@]([H])(COC(=O)CCCCCCCCCCCCCCC(C)C)OC(=O)CCCCCCCCCCCCCCC(C)C,1353.8700000000003,1353.8699999999994,9.094947017729282e-13
26186,[H][C@@](O)(COP(O)(=O)OC[C@@]([H])(COC(=O)CCCCCCCCCCCCCCCCCC(C)C)OC(=O)CCCCCCCCCCCCCCCCCCCCC(C)CC)COP(O)(=O)OC[C@@]([H])(COC(=O)CCCCCCCCCCCCCC)OC(=O)CCCCCCCCCCCCCC(C)C,[H][C@@](O)(COP(O)(=O)OC[C@@]([H])(COC(=O)CCCCCCCCCCCCCCCCC(C)C)OC(=O)CCCCCCCCCCCCCCCCCCCCC(C)CC)COP(O)(=O)OC[C@@]([H])(COC(=O)CCCCCCCCC(C)CC)OC(=O)CCCCCCCCCCCCCCCCCCC,1550.248,1550.2479999999998,2.2737367544323206e-13
26288,[H][C@](COC(=O)CCCCCCCCCCCCCCCCCC(C)C)(COC(=O)CCCCCCCCCC(C)C)OC(=O)CCCCCCCCCCC(C)CC,[H][C@](COC(=O)CCCCCCCCCCCCCC)(COC(=O)CCCCCCCCCCCCCCCCC(C)CC)OC(=O)CCCCCCCCCCCC,821.3659999999995,821.3659999999995,0.0
26540,[H][C@@](O)(COP(O)(=O)OC[C@@]([H])(COC(=O)CCCCCCCCCCCCCCCCC)OC(=O)CCCCCCCCCCCCCCCCCCCCC(C)C)COP(O)(=O)OC[C@@]([H])(COC(=O)CCCCCCCCCCC(C)CC)OC(=O)CCCCCCCCCCC(C)CC,[H][C@@](O)(COP(O)(=O)OC[C@@]([H])(COC(=O)CCCCCCCCCCCCCC(C)C)OC(=O)CCCCCCCCCCCCCCCCCCCCC(C)CC)COP(O)(=O)OC[C@@]([H])(COC(=O)CCCCCCCCCCCCC)OC(=O)CCCCCCCCCCCCC(C)C,1466.0859999999996,1466.0859999999998,2.2737367544323206e-13
27007,[H][C@@](O)(COP(O)(=O)OC[C@@]([H])(COC(=O)CCCCCCCCCCCCCCCCC(C)CC)OC(=O)CCCCCCCCCCCC(C)C)COP(O)(=O)OC[C@@]([H])(COC(=O)CCCCCCCCC(C)C)OC(=O)CCCCCCCCCCCC(C)C,[H][C@](O)(COP(O)(=O)OC[C@@]([H])(COC(=O)CCCCCCCCC)OC(=O)CCCCCCCCCCCCCC(C)C)COP(O)(=O)OC[C@@]([H])(COC(=O)CCCCCCCCCCCCCCCCC)OC(=O)CCCCCCCCCCCCCCCCC,1339.8429999999996,1339.8429999999998,2.2737367544323206e-13
27057,CC1=CC=CC(=N1)C(O)=O,OCC(=O)C1=CC=CC=C1,137.138,136.14999999999998,0.988000000000028
27110,[H][C@](COC(=O)CCCCCCCCCCCCCCCCCC(C)C)(COC(=O)CCCCCCCCCC(C)C)OC(=O)CCCCCCCCCCCCCCCCCCCCC,[H][C@@](COC(=O)CCCCCCCCCCCC)(COC(=O)CCCCCCCCCCCCCCCCCCCCC(C)CC)OC(=O)CCCCCCCCCCCCCCCCC,919.5549999999989,919.554999999999,1.1368683772161603e-13
27359,[H][C@@](O)(COP(O)(=O)OC[C@@]([H])(COC(=O)CCCCCCCCCCCCCCC(C)C)OC(=O)CCCCCCCCCCCCCCCCCCC(C)C)COP(O)(=O)OC[C@@]([H])(COC(=O)CCCCCCCCCCCCCC)OC(=O)CCCCCCCCCCCCC(C)CC,[H][C@](O)(COP(O)(=O)OC[C@@]([H])(COC(=O)CCCCCCCCCCCC)OC(=O)CCCCCCCCCCCCCCC(C)C)COP(O)(=O)OC[C@@]([H])(COC(=O)CCCCCCCCCCCCCCCCCCC)OC(=O)CCCCCCCCCCCCCCCCCCCC,1466.086,1466.0860000000002,2.2737367544323206e-13
27417,[H][C@](O)(COP(O)(=O)OC[C@@]([H])(COC(=O)CCCCCCCCCCC)OC(=O)CCCCCCCCCCCCCCCC(C)C)COP(O)(=O)OC[C@@]([H])(COC(=O)CCCCCCCCCCCCCCCCC(C)C)OC(=O)CCCCCCCCCCCCCCCCCCCCCCCC,[H][C@@](O)(COP(O)(=O)OC[C@@]([H])(COC(=O)CCCCCCCCCCCCCCCCCCCCC(C)CC)OC(=O)CCCCCCCCCCCCC(C)C)COP(O)(=O)OC[C@@]([H])(COC(=O)CCCCCCCCC(C)CC)OC(=O)CCCCCCCCCCCCCCCCCCC(C)C,1522.1940000000002,1522.1940000000004,2.2737367544323206e-13
27602,[H][C@](O)(COP(O)(=O)OC[C@@]([H])(COC(=O)CCCCCCCCCC)OC(=O)CCCCCCCCCCCCCCCC)COP(O)(=O)OC[C@@]([H])(COC(=O)CCCCCCCCCCCCCCCCCCCCC)OC(=O)CCCCCCCCCCCCCCCCCCCCCC,[H]C(O)(COP(O)(=O)OC[C@@]([H])(COC(=O)CCCCCCCCCCCCCCCCC(C)CC)OC(=O)CCCCCCCCCCC(C)CC)COP(O)(=O)OC[C@@]([H])(COC(=O)CCCCCCCCCC(C)C)OC(=O)CCCCCCCCCCCCCCCCCCCCC(C)C,1480.113,1480.113,0.0
27883,[H][C@@](O)(COP(O)(=O)OC[C@@]([H])(COC(=O)CCCCCCCCCCCCCCCCCCC)OC(=O)CCCCCCCCCCCCCCCCC(C)C)COP(O)(=O)OC[C@@]([H])(COC(=O)CCCCCCCCCCCC(C)C)OC(=O)CCCCCCCCCCCCCC(C)C,[H][C@](O)(COP(O)(=O)OC[C@@]([H])(COC(=O)CCCCCCC)OC(=O)CCCCCCCCCCCCCCCCCC(C)C)COP(O)(=O)OC[C@@]([H])(COC(=O)CCCCCCCCCCCCCCCCCC(C)C)OC(=O)CCCCCCCCCCCCCCCCCCC(C)C,1466.086,1466.0859999999998,2.2737367544323206e-13
28208,CCCCC[C@H](O)\C=C\C=C/C\C=C/C=C/[C@H](O)CCCC(=O)OC[C@H](O)COC(=O)CCCCCCCCCCCCCCC(C)C,[H][C@](CO)(COC(=O)CCCCCCCCCCCCCCCCCCCCC)OC(=O)CCCCCCC\C=C/C\C=C/CCCCC,677.0199999999999,677.1080000000002,0.0880000000003065
28304,[H][C@](O)(COP(O)(=O)OC[C@@]([H])(COC(=O)CCCCCCCCC(C)CC)OC(=O)CCCCCCCCCCCCCCCCCCCCC(C)CC)COP(O)(=O)OC[C@@]([H])(COC(=O)CCCCCCCCCCCC(C)C)OC(=O)CCCCCCCCC(C)C,[H][C@](O)(COP(O)(=O)OC[C@@]([H])(COC(=O)CCCCCCCCCC)OC(=O)CCCCCCCCCCCCCCCC)COP(O)(=O)OC[C@@]([H])(COC(=O)CCCCCCCCCCCCC(C)CC)OC(=O)CCCCCCCCCCCCCCCCC(C)C,1367.8969999999995,1367.8969999999995,0.0
28432,[H][C@](COC(=O)CCCCCCCCCCCCCCC)(COC(=O)CCCCCCCCCCCC(C)C)OC(=O)CCCCCCCCCCCCCCCC,[H][C@@](COC(=O)CCCCCCCCCCC(C)C)(COC(=O)CCCCCCCCCCC(C)CC)OC(=O)CCCCCCCCCCCCCCCC(C)C,807.3389999999995,807.3389999999995,0.0
28607,[H][C@](O)(COP(O)(=O)OC[C@@]([H])(COC(=O)CCCCCCCCC)OC(=O)CCCCCCCCCCCCC)COP(O)(=O)OC[C@@]([H])(COC(=O)CCCCCCCCCCCCCCCCCCCC)OC(=O)CCCCCCCCCCCCCCCCCCCCCCCC,[H][C@](O)(COP(O)(=O)OC[C@@]([H])(COC(=O)CCCCCCCCC)OC(=O)CCCCCCCCCC)COP(O)(=O)OC[C@@]([H])(COC(=O)CCCCCCCCCCCCCCCCCCCCC(C)C)OC(=O)CCCCCCCCCCCCCCCCCCCCC(C)CC,1438.032,1438.0319999999995,4.547473508864641e-13
28777,CC=CCC=CCCCCC(=O)SCCNC(=O)CCNC(=O)C(O)C(C)(C)COP(O)(=O)OP(O)(=O)OCC1OC(C(O)C1OP(O)(O)=O)N1C=NC2=C1N=CN=C2N,[H][C@@](COC(=O)CCCCCCCCCCCCCCC)(COP(O)(=O)O[C@H]1C(O)C(O)C(O)[C@@H](OP(O)(O)=O)C1O)OC(=O)CCCCCCC\C=C/CC1OC1CCCCC,931.7890000000003,931.0439999999995,0.7450000000008004
29155,[H][C@@](O)(COP(O)(=O)OC[C@@]([H])(COC(=O)CCCCCCCCCCCCCCCCC(C)CC)OC(=O)CCCCCCCCCCC(C)C)COP(O)(=O)OC[C@@]([H])(COC(=O)CCCCCCCCC(C)CC)OC(=O)CCCCCCCCCCC(C)CC,[H]C(O)(COP(O)(=O)OC[C@@]([H])(COC(=O)CCCCCCCCC(C)C)OC(=O)CCCCCCCCCCCCCCCCCC(C)C)COP(O)(=O)OC[C@@]([H])(COC(=O)CCCCCCCCC(C)C)OC(=O)CCCCCCCCCCCCCCC(C)C,1339.8429999999996,1339.8429999999994,2.2737367544323206e-13
29163,CC\C(=C(\C1=CC=C(OCCN(C)C)C=C1)C1=CC=CC(O)=C1)C1=CC=CC=C1,COC1=CC(C)C2CC3OC(=O)CC4C(C)=C(OC)C(=O)C(C34C)C2(C)C1=O,387.523,388.46000000000015,0.9370000000001255
29262,CCCCCCCCCCC=CCCCCCCCC(=O)SCCNC(=O)CCNC(=O)C(O)C(C)(C)COP(O)(=O)OP(O)(=O)OCC1OC(C(O)C1OP(O)(O)=O)N1C=NC2=C1N=CN=C2N,[H][C@](O)(COP(O)(=O)OC[C@@]([H])(COC(=O)CCCCCCCCC)OC(=O)CCCCCCCCC)COP(O)(=O)OC[C@@]([H])(COC(=O)CCCCCCCCCC)OC(=O)CCCCCCCCCCC,1060.0480000000007,1059.3029999999994,0.7450000000012551
29357,[H]C(O)(COP(O)(=O)OC[C@@]([H])(COC(=O)CCCCCCCCCC(C)C)OC(=O)CCCCCCCCCCCCC(C)C)COP(O)(=O)OC[C@@]([H])(COC(=O)CCCCCCCCCCCCC(C)C)OC(=O)CCCCCCCCC(C)CC,[H][C@@](O)(COP(O)(=O)OC[C@@]([H])(COC(=O)CCCCCCCCCCCC(C)C)OC(=O)CCCCCCCCCCCCCCCCC(C)CC)COP(O)(=O)OC[C@@]([H])(COC(=O)CCCCCCCCC)OC(=O)CCCCCCCCC(C)C,1269.7079999999992,1269.7079999999994,2.2737367544323206e-13
29443,[H][C@](O)(COP(O)(=O)OC[C@@]([H])(COC(=O)CCCCCCC)OC(=O)CCCCCCCCCCCCCC)COP(O)(=O)OC[C@@]([H])(COC(=O)CCCCCCCCCCCCCCCCCCCCCC)OC(=O)CCCCCCCCCCCCCCCCCCCCCCC,[H][C@](O)(COP(O)(=O)OC[C@@]([H])(COC(=O)CCCCCCCCCCCCC)OC(=O)CCCCCCCCCCCCC)COP(O)(=O)OC[C@@]([H])(COC(=O)CCCCCCCCCCCCCCC(C)C)OC(=O)CCCCCCCCCCCCCCCCCCCCC(C)C,1438.032,1438.0319999999995,4.547473508864641e-13
29492,[H][C@@](O)(COP(O)(=O)OC[C@@]([H])(COC(=O)CCCCCCCCCCCCCCC(C)C)OC(=O)CCCCCCCCCCCCCCCCCCCCC)COP(O)(=O)OC[C@@]([H])(COC(=O)CCCCCCCCC(C)C)OC(=O)CCCCCCCCCC(C)C,[H]C(O)(COP(O)(=O)OC[C@@]([H])(COC(=O)CCCCCCCCCC(C)C)OC(=O)CCCCCCCCCCCCCCCCCCCCC(C)C)COP(O)(=O)OC[C@@]([H])(COC(=O)CCCCCCCCCCC(C)CC)OC(=O)CCCCCCCCCC(C)C,1367.8969999999993,1367.8969999999995,2.2737367544323206e-13
29874,[H][C@@](COC(=O)CCCC(O)C(O)C\C=C/C\C=C/C\C=C/CCCCC)(COP(O)(=O)OCCN)OC(=O)CCCCCC\C=C/C\C=C/C\C=C/C\C=C/CC,[H][C@](COC(=O)CCCCCCCCCCCCCC)(COC(=O)CCCCCCCCCCCCCCCCC(C)C)OC(=O)CCCCCCCCCCC(C)C,822.0739999999997,821.3659999999996,0.7080000000000837
29875,[H][C@](O)(COP(O)(=O)OC[C@@]([H])(COC(=O)CCCCCCCCCCCC)OC(=O)CCCCCCCCCCCC)COP(O)(=O)OC[C@@]([H])(COC(=O)CCCCCCCCCCCCC)OC(=O)CCCCCCCCCCCCCCCCCC,[H]C(O)(COP(O)(=O)OC[C@@]([H])(COC(=O)CCCCCCCCCC(C)C)OC(=O)CCCCCCCCCCCCCCC(C)C)COP(O)(=O)OC[C@@]([H])(COC(=O)CCCCCCCCC(C)CC)OC(=O)CCCCCCCCCCC(C)CC,1283.735,1283.7349999999994,4.547473508864641e-13
30309,[H][C@@](O)(COP(O)(=O)OC[C@@]([H])(COC(=O)CCCCCCCCCCCCCCCCCC)OC(=O)CCCCCCCCCCCCCCCCCCCCC(C)C)COP(O)(=O)OC[C@@]([H])(COC(=O)CCCCCCCCCC(C)C)OC(=O)CCCCCCCCCCCCCCC(C)C,[H]C(O)(COP(O)(=O)OC[C@@]([H])(COC(=O)CCCCCCCCCCCCCCCCCCCCC(C)CC)OC(=O)CCCCCCCCCCCCCCC(C)C)COP(O)(=O)OC[C@@]([H])(COC(=O)CCCCCCCCCC(C)C)OC(=O)CCCCCCCCCCCCCCC(C)C,1494.1399999999996,1494.14,4.547473508864641e-13
30521,[H][C@](O)(COP(O)(=O)OC[C@@]([H])(COC(=O)CCCCCCCCC(C)CC)OC(=O)CCCCCCCCCCCCCCCC(C)C)COP(O)(=O)OC[C@@]([H])(COC(=O)CCCCCCCCC(C)CC)OC(=O)CCCCCCCCCCC(C)CC,[H][C@@](O)(COP(O)(=O)OC[C@@]([H])(COC(=O)CCCCCCCCCCCCCC(C)C)OC(=O)CCCCCCCCCCCCCCC(C)C)COP(O)(=O)OC[C@@]([H])(COC(=O)CCCCCCCCC(C)CC)OC(=O)CCCCCCCCC(C)C,1297.7619999999993,1297.7619999999993,0.0
30650,CCCCCCCCCCCCCCCC(=O)CC(O)CCCC,COC(=O)\C=C\C1=CC=C(OC2OC(CO)C(O)C(O)C2O)C=C1,340.59200000000004,340.328,0.26400000000006685
31019,NC(CCC(O)=NC(CSC=O)C(O)=NCC(O)=O)C(O)=O,CN(C)(=O)CCCN1C2=CC=CC=C2SC2=C1C=C(Cl)C=C2,335.3380000000001,334.87200000000007,0.4660000000000082
31254,[H][C@@](O)(COP(O)(=O)OC[C@@]([H])(COC(=O)CCCCCCCCCCCCC(C)C)OC(=O)CCCCCCCCCCC(C)C)COP(O)(=O)OC[C@@]([H])(COC(=O)CCCCCCCCC(C)C)OC(=O)CCCCCCCCCC(C)C,[H][C@](O)(COP(O)(=O)OC[C@@]([H])(COC(=O)CCCCCCC)OC(=O)CCCCCCCCCCCCC)COP(O)(=O)OC[C@@]([H])(COC(=O)CCCCCCCCCCCCC)OC(=O)CCCCCCCCCCCCCCCC(C)C,1227.6269999999995,1227.6269999999997,2.2737367544323206e-13
31423,[H][C@@](O)(COP(O)(=O)OC[C@@]([H])(COC(=O)CCCCCCCCCCCCCCCCCC)OC(=O)CCCCCCCCCCCCCCCCCCCCCCC)COP(O)(=O)OC[C@@]([H])(COC(=O)CCCCCCCCCCC(C)C)OC(=O)CCCCCCCCCCCCCCCCC,[H]C(O)(COP(O)(=O)OC[C@@]([H])(COC(=O)CCCCCCCCCCC(C)CC)OC(=O)CCCCCCCCCCCCCCCCCCCCC(C)C)COP(O)(=O)OC[C@@]([H])(COC(=O)CCCCCCCCC(C)C)OC(=O)CCCCCCCCCCCCCCCCCCCCC(C)C,1508.167,1508.167,0.0
31432,[H][C@@](O)(COP(O)(=O)OC[C@@]([H])(COC(=O)CCCCCCCCCCCCCCCCCC(C)C)OC(=O)CCCCCCCCCCCCC(C)C)COP(O)(=O)OC[C@@]([H])(COC(=O)CCCCCCCCC(C)C)OC(=O)CCCCCCCCCCCCCCCC(C)C,[H][C@](O)(COP(O)(=O)OC[C@@]([H])(COC(=O)CCCCCCCCC(C)CC)OC(=O)CCCCCCCCCCCCC(C)CC)COP(O)(=O)OC[C@@]([H])(COC(=O)CCCCCCCCCCCCCCCCCCCCC(C)CC)OC(=O)CCCCCCCCCC(C)C,1409.9779999999998,1409.9779999999996,2.2737367544323206e-13
31479,[H][C@](COC(=O)CCCCCCCCCCC)(COC(=O)CCCCCCCCCCCCCCCCCCC(C)C)OC(=O)CCCCCCCCC(C)C,[H][C@](COC(=O)CCCCCCCCCCCCCCC)(COC(=O)CCCCCCCCCCCCCCCCCCCCC)OC(=O)CCCCCCC,779.2849999999999,779.2849999999996,2.2737367544323206e-13
31508,[H][C@](COC(=O)CCCCCCCCCCCC)(COC(=O)CCCCCCCCC(C)C)OC(=O)CCCCCCCCC,[H][C@](CO)(COC(=O)CCCCCCCCCCCCCCCC)OC(=O)CCCCCCCCCCCCCCCC(C)C,624.9879999999999,625.0320000000003,0.04400000000032378
31934,[H][C@@](O)(COP(O)(=O)OC[C@@]([H])(COC(=O)CCCCCCCCCCCCCCCCCCC)OC(=O)CCCCCCCCCCCCCCCCCCCCC)COP(O)(=O)OC[C@@]([H])(COC(=O)CCCCCCCCCCCC(C)C)OC(=O)CCCCCCCCCCCCCCCCCCC,[H][C@@](O)(COP(O)(=O)OC[C@@]([H])(COC(=O)CCCCCCCCCCCCCCCCCCC)OC(=O)CCCCCCCCCCCCCCCCCCCCCCC)COP(O)(=O)OC[C@@]([H])(COC(=O)CCCCCCCCCCCC(C)C)OC(=O)CCCCCCCCCCCCCCC(C)C,1536.221,1536.2209999999995,4.547473508864641e-13
31951,[H][C@](O)(COP(O)(=O)OC[C@@]([H])(COC(=O)CCCCCCC)OC(=O)CCCCCCCCCCCCCCCCC)COP(O)(=O)OC[C@@]([H])(COC(=O)CCCCCCCCCCCCCCC(C)C)OC(=O)CCCCCCCCCCCCCCCCCCCCC(C)C,[H][C@](O)(COP(O)(=O)OC[C@@]([H])(COC(=O)CCCCCCC)OC(=O)CCCCCCCCC)COP(O)(=O)OC[C@@]([H])(COC(=O)CCCCCCCCCCCCCCCCCCCCCCCC)OC(=O)CCCCCCCCCCCCCCCCCCCCCCCC,1409.9779999999996,1409.9779999999998,2.2737367544323206e-13
31991,COC1=CC(O)=C2C(=O)C(OC3OCC(O)C(O)C3O)=C(OC2=C1)C1=CC(OC2OC(C)C(O)C(O)C2O)=C(O)C=C1,CCCCCCCCCCCC(=O)OC[C@H](O)COC(=O)CCCC(O)C(O)C\C=C/C\C=C/C\C=C/CCCCC,594.5220000000004,594.874,0.3519999999996344
32135,[H][C@](N)(COP(O)(=O)OC[C@@]([H])(COC(=O)CCCCCCC\C=C/CCCC)OC(=O)CCCCCCC\C=C/C\C=C/CCCCC)C(O)=O,[H][C@@](COC(=O)CCCC\C=C/C\C=C/C\C=C/C\C=C/CC)(COP(O)(O)=O)OC(=O)CCC\C=C/C\C=C/C\C=C/C=C/CC(O)\C=C/CC,729.9330000000001,730.9200000000002,0.98700000000008
32143,[H][C@@](O)(COP(O)(=O)OC[C@@]([H])(COC(=O)CCCCCCCCCCCCCC(C)C)OC(=O)CCCCCCCCCCCCCCCCCC)COP(O)(=O)OC[C@@]([H])(COC(=O)CCCCCCCCCCC(C)CC)OC(=O)CCCCCCCCCCC(C)CC,[H][C@@](O)(COP(O)(=O)OC[C@@]([H])(COC(=O)CCCCCCCCCCCCC(C)C)OC(=O)CCCCCCCCCCCCCCCCCCCCC(C)C)COP(O)(=O)OC[C@@]([H])(COC(=O)CCCCCCCCC(C)C)OC(=O)CCCCCCCCCCC(C)C,1381.9239999999993,1381.9239999999995,2.2737367544323206e-13
32410,[H]C(O)(COP(O)(=O)OC[C@@]([H])(COC(=O)CCCCCCCCCCCCC(C)CC)OC(=O)CCCCCCCCCCCCCCCCCC(C)C)COP(O)(=O)OC[C@@]([H])(COC(=O)CCCCCCCCCC(C)C)OC(=O)CCCCCCCCCCCC(C)C,[H]C(O)(COP(O)(=O)OC[C@@]([H])(COC(=O)CCCCCCCCCCCC(C)C)OC(=O)CCCCCCCCCCCCCCCCC(C)CC)COP(O)(=O)OC[C@@]([H])(COC(=O)CCCCCCCCCCC(C)C)OC(=O)CCCCCCCCCCCCC(C)C,1381.9239999999995,1381.9239999999995,0.0
32572,[H][C@](COC(=O)CCCCCCCCCCCCCCCC)(COC(=O)CCCCCCCCCCCCCCCCCCCCC(C)CC)OC(=O)CCCCCCCCCCCCCCCC(C)C,[H][C@@](COC(=O)CCCCCCCCCCC\C=C/C\C=C/CCCCC)(COC(=O)CCCC\C=C/C\C=C/C\C=C/CCCCC)OC(=O)CCCCCCCCCCC\C=C/C\C=C/CCCCC,989.6899999999988,989.604999999999,0.084999999999809
32696,[H][C@@](O)(COP(O)(=O)OC[C@@]([H])(COC(=O)CCCCCCCCCCCCCCCCC)OC(=O)CCCCCCCCCCCCCCCCCCC(C)C)COP(O)(=O)OC[C@@]([H])(COC(=O)CCCCCCCCC)OC(=O)CCCCCCCCC(C)CC,[H][C@@](O)(COP(O)(=O)OC[C@@]([H])(COC(=O)CCCCCCCCCC(C)C)OC(=O)CCCCCCCCCCCCCCCCCCCCC(C)C)COP(O)(=O)OC[C@@]([H])(COC(=O)CCCCCCCCC(C)CC)OC(=O)CCCCCCCCC(C)CC,1339.8429999999996,1339.8429999999994,2.2737367544323206e-13
32956,[H][C@](O)(COP(O)(=O)OC[C@@]([H])(COC(=O)CCCCCCCCC)OC(=O)CCCCCCCCCCCCC)COP(O)(=O)OC[C@@]([H])(COC(=O)CCCCCCCCCCCCCCCC(C)C)OC(=O)CCCCCCCCCCCCCCCCCCCCC(C)CC,[H][C@](O)(COP(O)(=O)OC[C@@]([H])(COC(=O)CCCCCCCCC)OC(=O)CCCCCCCCCCCCCCC)COP(O)(=O)OC[C@@]([H])(COC(=O)CCCCCCCCCCCCCCC(C)C)OC(=O)CCCCCCCCCCCCCCCCCCCCC(C)C,1409.9779999999998,1409.9779999999996,2.2737367544323206e-13
33169,[H]C(O)(COP(O)(=O)OC[C@@]([H])(COC(=O)CCCCCCCCCCCCCCCCCC(C)C)OC(=O)CCCCCCCCCCC(C)C)COP(O)(=O)OC[C@@]([H])(COC(=O)CCCCCCCCCCC(C)C)OC(=O)CCCCCCCCCCC(C)C,[H]C(O)(COP(O)(=O)OC[C@@]([H])(COC(=O)CCCCCCCCCC(C)C)OC(=O)CCCCCCCCCCC(C)CC)COP(O)(=O)OC[C@@]([H])(COC(=O)CCCCCCCCC(C)CC)OC(=O)CCCCCCCCCCCCCCCCCCC(C)C,1339.8429999999996,1339.843,4.547473508864641e-13
33291,CCCCCCCCCCCCCCCCCCCCC(=O)OC[C@@H](COC(=O)CCCCCCCCCCCCCCC(C)C)OC(=O)CCCCCCCCCCCCC(C)CC,[H][C@](COC(=O)CCCCCCCCCCCCCCCCCC(C)C)(COC(=O)CCCCCCCCCC(C)C)OC(=O)CCCCCCCCCCCCCCCCCCC(C)C,919.554999999999,919.554999999999,0.0
33350,[H]C(O)(COP(O)(=O)OC[C@@]([H])(COC(=O)CCCCCCCCCCCCCCCCC(C)C)OC(=O)CCCCCCCCCCCCCCCCCC(C)C)COP(O)(=O)OC[C@@]([H])(COC(=O)CCCCCCCCCC(C)C)OC(=O)CCCCCCCCCCC(C)CC,[H][C@@](O)(COP(O)(=O)OC[C@@]([H])(COC(=O)CCCCCCCCCCCCCCCCC(C)CC)OC(=O)CCCCCCCCCCCCCCCCCCCCCCC)COP(O)(=O)OC[C@@]([H])(COC(=O)CCCCCCCCCC)OC(=O)CCCCCCCCC(C)CC,1424.0049999999997,1424.0049999999994,2.2737367544323206e-13
33374,[H][C@@](O)(COP(O)(=O)OC[C@@]([H])(COC(=O)CCCCCCCCCCCCC(C)C)OC(=O)CCCCCCCCCCCCCCCC(C)C)COP(O)(=O)OC[C@@]([H])(COC(=O)CCCCCCCCCCCC(C)C)OC(=O)CCCCCCCCCCCC(C)C,[H][C@](O)(COP(O)(=O)OC[C@@]([H])(COC(=O)CCCCCCC)OC(=O)CCCCCCCCCCC(C)CC)COP(O)(=O)OC[C@@]([H])(COC(=O)CCCCCCCCCCCCCCCCCC(C)C)OC(=O)CCCCCCCCCCCCCCCCCC(C)C,1367.8969999999995,1367.8969999999995,0.0
33377,[H][C@](O)(COP(O)(=O)OC[C@@]([H])(COC(=O)CCCCCCCCCC)OC(=O)CCCCCCCCCCC(C)C)COP(O)(=O)OC[C@@]([H])(COC(=O)CCCCCCCCCCCCCCCCCC(C)C)OC(=O)CCCCCCCCCCCCCCCCCCCCC,[H][C@@](O)(COP(O)(=O)OC[C@@]([H])(COC(=O)CCCCCCCCCCCCCC(C)C)OC(=O)CCCCCCCCCCCCCCCC(C)C)COP(O)(=O)OC[C@@]([H])(COC(=O)CCCCCCCCCCC(C)CC)OC(=O)CCCCCCCCCCCCCCCC,1409.9779999999998,1409.9779999999998,0.0
33422,[H][C@@](O)(COP(O)(=O)OC[C@@]([H])(COC(=O)CCCCCCCCCCC(C)C)OC(=O)CCCCCCCCCCCCCCCCCCCCCCC)COP(O)(=O)OC[C@@]([H])(COC(=O)CCCCCCCCCCCC)OC(=O)CCCCCCCCC(C)CC,[H]C(O)(COP(O)(=O)OC[C@@]([H])(COC(=O)CCCCCCCCCCC(C)C)OC(=O)CCCCCCCCCCCCC(C)C)COP(O)(=O)OC[C@@]([H])(COC(=O)CCCCCCCCCC(C)C)OC(=O)CCCCCCCCCCCCCCCCCC(C)C,1353.8699999999994,1353.8699999999997,2.2737367544323206e-13
33432,[H]C(O)(COP(O)(=O)OC[C@@]([H])(COC(=O)CCCCCCCCCC(C)C)OC(=O)CCCCCCCCCCCCC(C)C)COP(O)(=O)OC[C@@]([H])(COC(=O)CCCCCCCCC(C)C)OC(=O)CCCCCCCCCCCCCCCCCCC(C)C,[H][C@@](O)(COP(O)(=O)OC[C@@]([H])(COC(=O)CCCCCCCCCCCCC(C)C)OC(=O)CCCCCCCCCCCCCCCCCCCCC(C)C)COP(O)(=O)OC[C@@]([H])(COC(=O)CCCCCCCCC)OC(=O)CCCCCCCCC(C)CC,1339.843,1339.8429999999996,4.547473508864641e-13
33477,[H][C@@](O)(COP(O)(=O)OC[C@@]([H])(COC(=O)CCCCCCCCCCCCCCC)OC(=O)CCCCCCCCCCCCCCCCCCC(C)C)COP(O)(=O)OC[C@@]([H])(COC(=O)CCCCCCCCC(C)CC)OC(=O)CCCCCCCCCCC(C)CC,[H][C@](O)(COP(O)(=O)OC[C@@]([H])(COC(=O)CCCCCCCCCC)OC(=O)CCCCCCCCCCCC(C)C)COP(O)(=O)OC[C@@]([H])(COC(=O)CCCCCCCCCCCCC(C)CC)OC(=O)CCCCCCCCCCCCCCCCCCCCCC,1381.9239999999995,1381.924,4.547473508864641e-13
33492,[H][C@](O)(COP(O)(=O)OC[C@@]([H])(COC(=O)CCCCCCC)OC(=O)CCCCCCCCCC)COP(O)(=O)OC[C@@]([H])(COC(=O)CCCCCCCCCCCCCCCC(C)C)OC(=O)CCCCCCCCCCCCCCCCCCC,[H][C@](O)(COP(O)(=O)OC[C@@]([H])(COC(=O)CCCCCCCCCC)OC(=O)CCCCCCCCCCCCC)COP(O)(=O)OC[C@@]([H])(COC(=O)CCCCCCCCCCCCC(C)C)OC(=O)CCCCCCCCCCCCCCCC,1269.708,1269.7079999999999,2.2737367544323206e-13
33648,[H]C(O)(COP(O)(=O)OC[C@@]([H])(COC(=O)CCCCCCCCCCC(C)C)OC(=O)CCCCCCCCCCC(C)CC)COP(O)(=O)OC[C@@]([H])(COC(=O)CCCCCCCCC(C)C)OC(=O)CCCCCCCCCCC(C)C,[H][C@@](O)(COP(O)(=O)OC[C@@]([H])(COC(=O)CCCCCCCCCCCC(C)C)OC(=O)CCCCCCCCCCCCC(C)C)COP(O)(=O)OC[C@@]([H])(COC(=O)CCCCCCCCCC)OC(=O)CCCCCCCCC(C)CC,1227.6269999999997,1227.6269999999993,4.547473508864641e-13
33699,[H][C@](O)(COP(O)(=O)OC[C@@]([H])(COC(=O)CCCCCCCCCCC)OC(=O)CCCCCCCCCCC)COP(O)(=O)OC[C@@]([H])(COC(=O)CCCCCCCCC(C)CC)OC(=O)CCCCCCCCCCCCCCCCCCCCC,[H][C@@](O)(COP(O)(=O)OC[C@@]([H])(COC(=O)CCCCCCCCCCCCC(C)C)OC(=O)CCCCCCCCCCCCC(C)CC)COP(O)(=O)OC[C@@]([H])(COC(=O)CCCCCCCCCCCC)OC(=O)CCCCCCCCCC(C)C,1283.7350000000001,1283.7349999999994,6.821210263296962e-13
33725,[H][C@](O)(COP(O)(=O)OC[C@@]([H])(COC(=O)CCCCCCCCCCCCC)OC(=O)CCCCCCCCCCCCCCCC)COP(O)(=O)OC[C@@]([H])(COC(=O)CCCCCCCCCCCCCCC(C)C)OC(=O)CCCCCCCCCCCCCCCCCCCCCCCC,[H][C@@](O)(COP(O)(=O)OC[C@@]([H])(COC(=O)CCCCCCCCCCCCCCCCCCCCCC)OC(=O)CCCCCCCCCCCCCCCCCCCCC(C)C)COP(O)(=O)OC[C@@]([H])(COC(=O)CCCCCCCCCC(C)C)OC(=O)CCCCCCCCCCCCC,1494.1399999999999,1494.1399999999999,0.0
33751,[H][C@](COC(=O)CCCCCCCCCCC)(COC(=O)CCCCCCCCCCCCCCCCC(C)C)OC(=O)CCCCCCCCCCC(C)CC,[H][C@@](COC(=O)CCCCCCCCCCCCCCCCCCCC)(COC(=O)CCCCCCCCCC(C)C)OC(=O)CCCCCCCCC(C)CC,793.3119999999998,793.3119999999998,0.0
33957,[H][C@](O)(COP(O)(=O)OC[C@@]([H])(COC(=O)CCCCCCCCCCCCCC)OC(=O)CCCCCCCCCCCCCC)COP(O)(=O)OC[C@@]([H])(COC(=O)CCCCCCCCCCCCCC(C)C)OC(=O)CCCCCCCCCCCCCCCCCCCC,[H][C@](O)(COP(O)(=O)OC[C@@]([H])(COC(=O)CCCCCCCCCCCCCC)OC(=O)CCCCCCCCCCCCCCCC)COP(O)(=O)OC[C@@]([H])(COC(=O)CCCCCCCCCCCCC(C)CC)OC(=O)CCCCCCCCCCCCCCCCCC,1409.9779999999996,1409.9779999999996,0.0
34298,[H][C@@](COC(=O)CCCCCCCCCCCCCCC)(COC(=O)CCCCCCCCCCCCCCCCCC(C)C)OC(=O)CCCCCCCCCCC(C)C,[H][C@@](COC(=O)CCCCCCCCCCCCCCCCCC(C)C)(COC(=O)CCCCCCCCCCC(C)CC)OC(=O)CCCCCCCCCCCC(C)C,849.4199999999995,849.4199999999994,1.1368683772161603e-13
34702,[H][C@](O)(COP(O)(=O)OC[C@@]([H])(COC(=O)CCCCCCC)OC(=O)CCCCCCCCCCCCCCCCC)COP(O)(=O)OC[C@@]([H])(COC(=O)CCCCCCCCCCCCCCCCCC(C)C)OC(=O)CCCCCCCCCCCCCCCCCCCCC(C)C,[H][C@](O)(COP(O)(=O)OC[C@@]([H])(COC(=O)CCCCCCC\C=C/CCCCCC)OC(=O)CCCCCCC\C=C/CCCCCCCC)COP(O)(=O)OC[C@@]([H])(COC(=O)CCCCCCCCC\C=C/CCCCCC)OC(=O)CCC\C=C/C\C=C/C\C=C/C\C=C/CCCCC,1452.0589999999995,1451.9739999999997,0.084999999999809
34874,[H][C@](O)(COP(O)(=O)OC[C@@]([H])(COC(=O)CCCCCCCCC)OC(=O)CCCCCCCCCCC(C)CC)COP(O)(=O)OC[C@@]([H])(COC(=O)CCCCCCCCCCCC(C)C)OC(=O)CCCCCCCCCCCCCCCCC,[H][C@@](O)(COP(O)(=O)OC[C@@]([H])(COC(=O)CCCCCCCCCCCCCC(C)C)OC(=O)CCCCCCCCCCCC(C)C)COP(O)(=O)OC[C@@]([H])(COC(=O)CCCCCCCCC(C)CC)OC(=O)CCCCCCCCCC(C)C,1269.708,1269.7079999999992,9.094947017729282e-13
35104,[H][C@](O)(COP(O)(=O)OC[C@@]([H])(COC(=O)CCCCCCCCC)OC(=O)CCCCCCCCCCCCCC)COP(O)(=O)OC[C@@]([H])(COC(=O)CCCCCCCCCCCC(C)C)OC(=O)CCCCCCCCCCCCC(C)CC,[H]C(O)(COP(O)(=O)OC[C@@]([H])(COC(=O)CCCCCCCCC(C)CC)OC(=O)CCCCCCCCCCCCCCC(C)C)COP(O)(=O)OC[C@@]([H])(COC(=O)CCCCCCCCCC(C)C)OC(=O)CCCCCCCCC(C)CC,1255.6809999999996,1255.6809999999991,4.547473508864641e-13
35303,[H][C@@](O)(COP(O)(=O)OC[C@@]([H])(COC(=O)CCCCCCCCCCCCCCCCC(C)CC)OC(=O)CCCCCCCCCCCCC(C)C)COP(O)(=O)OC[C@@]([H])(COC(=O)CCCCCCCCC(C)C)OC(=O)CCCCCCCCCCCC(C)C,[H][C@](O)(COP(O)(=O)OC[C@@]([H])(COC(=O)CCCCCCCCCCC)OC(=O)CCCCCCCCCCCC)COP(O)(=O)OC[C@@]([H])(COC(=O)CCCCCCCCCCCCCCCCC)OC(=O)CCCCCCCCCCCCCCCCCCCC,1353.8699999999997,1353.8699999999997,0.0
35595,[H][C@](O)(CO)COP(O)(=O)OC[C@@]([H])(COC(=O)CCCCCC\C=C/C\C=C/C\C=C/C\C=C/CC)OC(=O)CCC[C@@H](O)\C=C/C=C/C=C/[C@@H](O)C\C=C/CCCCC,CCCCC[C@H](O)\C=C\[C@H]1OC(O)C[C@H](O)[C@@H]1C\C=C/CCCC(=O)O[C@H](COC(=O)CCCCCCCCCCCCCC(C)C)COP(O)(=O)OC[C@@H](O)CO,851.0680000000001,851.065,0.0030000000000427463
35677,[H][C@](O)(COP(O)(=O)OC[C@@]([H])(COC(=O)CCCCCCCCCC)OC(=O)CCCCCCCCCCCCCCCC)COP(O)(=O)OC[C@@]([H])(COC(=O)CCCCCCCCCCCCCCCC)OC(=O)CCCCCCCCCCCCCCCCCCC(C)C,[H][C@](O)(COP(O)(=O)OC[C@@]([H])(COC(=O)CCCCCCCCC(C)CC)OC(=O)CCCCCCCCCCCCCC(C)C)COP(O)(=O)OC[C@@]([H])(COC(=O)CCCCCCCCCCCCCCCCCCCCC(C)C)OC(=O)CCCCCCCCC(C)CC,1395.9509999999996,1395.9509999999996,0.0
35723,[H][C@@](O)(COP(O)(=O)OC[C@@]([H])(COC(=O)CCCCCCCCCCCCCCCCCC(C)C)OC(=O)CCCCCCCCCCCCCCCCCCC(C)C)COP(O)(=O)OC[C@@]([H])(COC(=O)CCCCCCCCC(C)C)OC(=O)CCCCCCCCC(C)C,[H][C@](O)(COP(O)(=O)OC[C@@]([H])(COC(=O)CCCCCCCCCCCC)OC(=O)CCCCCCCCCCCCC(C)CC)COP(O)(=O)OC[C@@]([H])(COC(=O)CCCCCCCCCCCCCC(C)C)OC(=O)CCCCCCCCCCCCCCCCC(C)C,1395.9509999999996,1395.9509999999996,0.0
35774,[H][C@](O)(COP(O)(=O)OC[C@@]([H])(COC(=O)CCCCCCC)OC(=O)CCCCCCCCCCCCCCCC)COP(O)(=O)OC[C@@]([H])(COC(=O)CCCCCCCCCCCCCCCC)OC(=O)CCCCCCCCCCCCCCCCC(C)CC,[H][C@](O)(COP(O)(=O)OC[C@@]([H])(COC(=O)CCCCCCC)OC(=O)CCCCCCCCCC(C)C)COP(O)(=O)OC[C@@]([H])(COC(=O)CCCCCCCCCCCCCCCCCCCC)OC(=O)CCCCCCCCCCCCCCCCCCCC,1339.8429999999996,1339.8429999999998,2.2737367544323206e-13
35801,[H][C@@](O)(COP(O)(=O)OC[C@@]([H])(COC(=O)CCCCCCCCCCCCCCCC(C)C)OC(=O)CCCCCCCCCCCCCCCC(C)C)COP(O)(=O)OC[C@@]([H])(COC(=O)CCCCCCCCC(C)CC)OC(=O)CCCCCCCCCCCCC(C)C,[H][C@](O)(COP(O)(=O)OC[C@@]([H])(COC(=O)CCCCCCCCCCCCCC)OC(=O)CCCCCCCCCCCCCCC)COP(O)(=O)OC[C@@]([H])(COC(=O)CCCCCCCCCCCCC(C)CC)OC(=O)CCCCCCCCCCCCCCCCCC,1395.9509999999996,1395.9509999999996,0.0
35887,[H][C@](O)(COP(O)(=O)OC[C@@]([H])(COC(=O)CCCCCCCCCCCCCC)OC(=O)CCCCCCCCCCCCCCCCC)COP(O)(=O)OC[C@@]([H])(COC(=O)CCCCCCCCCCCCCCCCCCC)OC(=O)CCCCCCCCCCCCCCCCCCCCCCC,[H][C@](O)(COP(O)(=O)OC[C@@]([H])(COC(=O)CCCCCCCCCCCCC)OC(=O)CCCCCCCCCCCCCCCCC)COP(O)(=O)OC[C@@]([H])(COC(=O)CCCCCCCCCCCCCCCCC(C)C)OC(=O)CCCCCCCCCCCCCCCCCCCCC(C)CC,1536.2210000000002,1536.2209999999998,4.547473508864641e-13
36157,[H][C@](COC(=O)CCCCCCCCCCCCCCCCCCC)(COC(=O)CCCCCCCCCCCCCCCCCCCCC)OC(=O)CCCCCCCCCC(C)C,[H][C@](COC(=O)CCCCCCCCCCCCC)(COC(=O)CCCCCCCCCCCCCCCC(C)C)OC(=O)CCCCCCCCCCCCCCCCCCCCC,905.5279999999991,905.5279999999991,0.0
36524,[H][C@@](COC(=O)CCC\C=C/C\C=C/C\C=C/C\C=C/CCCCC)(COP([O-])(=O)OCC[N+](C)(C)C)OC(=O)CCC\C=C/C\C=C/C\C=C/C\C=C/CC[C@H](O)CC,[H][C@@](COC(=O)CCCCCC\C=C/C\C=C/C\C=C/CCCCC)(COP([O-])(=O)OCC[N+](C)(C)C)OC(=O)CCC\C=C/C\C=C/C\C=C/C=C/C(=O)CCCCC,846.1399999999999,846.1399999999998,1.1368683772161603e-13
36531,[H][C@@](O)(COP(O)(=O)OC[C@@]([H])(COC(=O)CCCCCCCCCCCCCCCCCCC)OC(=O)CCCCCCCCCCCCCCCCCC(C)C)COP(O)(=O)OC[C@@]([H])(COC(=O)CCCCCCCCC(C)C)OC(=O)CCCCCCCCCCCCC(C)C,[H][C@](O)(COP(O)(=O)OC[C@@]([H])(COC(=O)CCCCCCCCCCC)OC(=O)CCCCCCCCCCCCCCC(C)C)COP(O)(=O)OC[C@@]([H])(COC(=O)CCCCCCCCCCCCCCCCCC)OC(=O)CCCCCCCCCCCCCCCCCCC,1424.0049999999999,1424.005,2.2737367544323206e-13
36715,[H][C@@](O)(COP(O)(=O)OC[C@@]([H])(COC(=O)CCCCCCCCCCCCCCCCCCCCC(C)C)OC(=O)CCCCCCCCCCCCC(C)C)COP(O)(=O)OC[C@@]([H])(COC(=O)CCCCCCCCC(C)CC)OC(=O)CCCCCCCCCCCC(C)C,[H][C@](O)(COP(O)(=O)OC[C@@]([H])(COC(=O)CCCCCCCCCCCCCC)OC(=O)CCCCCCCCCCCCCCC)COP(O)(=O)OC[C@@]([H])(COC(=O)CCCCCCCCCCCCCC(C)C)OC(=O)CCCCCCCCCCCCCCCCCCC,1409.978,1409.9779999999996,4.547473508864641e-13
36725,[H][C@@](O)(COP(O)(=O)OC[C@@]([H])(COC(=O)CCCCCCCCCCCCCCC)OC(=O)CCCCCCCCCCCCCCCCCCCCC(C)CC)COP(O)(=O)OC[C@@]([H])(COC(=O)CCCCCCCCC(C)CC)OC(=O)CCCCCCCCCCCC(C)C,[H][C@@](O)(COP(O)(=O)OC[C@@]([H])(COC(=O)CCCCCCCCCCCCCC(C)C)OC(=O)CCCCCCCCCCCCCCCCCCCCCC)COP(O)(=O)OC[C@@]([H])(COC(=O)CCCCCCCCCC(C)C)OC(=O)CCCCCCCCCCCCC(C)C,1424.0049999999997,1424.0049999999994,2.2737367544323206e-13
36799,[H][C@](O)(COP(O)(=O)OC[C@@]([H])(COC(=O)CCCCCCCCCCCC)OC(=O)CCCCCCCCCCCCCCC)COP(O)(=O)OC[C@@]([H])(COC(=O)CCCCCCCCCCCCCCCCC(C)CC)OC(=O)CCCCCCCCCCCCCCCCCCCCC(C)CC,[H][C@@](O)(COP(O)(=O)OC[C@@]([H])(COC(=O)CCCCCCCCCCCCCCCCC(C)C)OC(=O)CCCCCCCCCCCCCCCCCC(C)C)COP(O)(=O)OC[C@@]([H])(COC(=O)CCCCCCCCCCCCCCC)OC(=O)CCCCCCCCCCCCCCC(C)C,1508.1669999999997,1508.1670000000001,4.547473508864641e-13
36800,[H][C@@](O)(COP(O)(=O)OC[C@@]([H])(COC(=O)CCCCCCCCCCCCC(C)C)OC(=O)CCCCCCCCCCCCCCCC(C)C)COP(O)(=O)OC[C@@]([H])(COC(=O)CCCCCCCCC(C)CC)OC(=O)CCCCCCCCCCCCCCCCCCC(C)C,[H][C@@](O)(COP(O)(=O)OC[C@@]([H])(COC(=O)CCCCCCCCCCCCCCCCCCCC)OC(=O)CCCCCCCCCCCCCCCCCCCCC(C)C)COP(O)(=O)OC[C@@]([H])(COC(=O)CCCCCCCCC(C)C)OC(=O)CCCCCCCCCCCC,1438.0319999999997,1438.0319999999997,0.0
36914,[H]C(O)(COP(O)(=O)OC[C@@]([H])(COC(=O)CCCCCCCCCCCCCCCCC(C)CC)OC(=O)CCCCCCCCCCCCCCCCC(C)CC)COP(O)(=O)OC[C@@]([H])(COC(=O)CCCCCCCCCC(C)C)OC(=O)CCCCCCCCCC(C)C,[H][C@@](O)(COP(O)(=O)OC[C@@]([H])(COC(=O)CCCCCCCCCCCCCCCCC(C)CC)OC(=O)CCCCCCCCCCCCCCCCCCCCCCC)COP(O)(=O)OC[C@@]([H])(COC(=O)CCCCCCCCCC)OC(=O)CCCCCCCCC(C)C,1409.9779999999996,1409.9779999999994,2.2737367544323206e-13
36931,[H]C(O)(COP(O)(=O)OC[C@@]([H])(COC(=O)CCCCCCCCCCCCCCCCC(C)CC)OC(=O)CCCCCCCCCCCC(C)C)COP(O)(=O)OC[C@@]([H])(COC(=O)CCCCCCCCCC(C)C)OC(=O)CCCCCCCCC(C)C,[H][C@@](O)(COP(O)(=O)OC[C@@]([H])(COC(=O)CCCCCCCCCCCCC(C)CC)OC(=O)CCCCCCCCCCC(C)CC)COP(O)(=O)OC[C@@]([H])(COC(=O)CCCCCCCCC(C)C)OC(=O)CCCCCCCCCCCCC(C)CC,1311.7889999999995,1311.7889999999993,2.2737367544323206e-13
37002,[H][C@@](O)(COP(O)(=O)OC[C@@]([H])(COC(=O)CCCCCCCCCCCCCCCCCCC(C)C)OC(=O)CCCCCCCCCCCCC(C)CC)COP(O)(=O)OC[C@@]([H])(COC(=O)CCCCCCCCC(C)C)OC(=O)CCCCCCCCCCCCCCC(C)C,[H][C@@](O)(COP(O)(=O)OC[C@@]([H])(COC(=O)CCCCCCCCCCCCCCC(C)C)OC(=O)CCCCCCCCCCCCCCCCCC(C)C)COP(O)(=O)OC[C@@]([H])(COC(=O)CCCCCCCCCCC(C)CC)OC(=O)CCCCCCCCCCCC(C)C,1424.0049999999999,1424.0049999999997,2.2737367544323206e-13
37519,[H][C@@](O)(COP(O)(=O)OC[C@@]([H])(COC(=O)CCCCCCCCCCCCC(C)C)OC(=O)CCCCCCCCCCCCCCCCCCCCCCC)COP(O)(=O)OC[C@@]([H])(COC(=O)CCCCCCCCCCC(C)C)OC(=O)CCCCCCCCCCC(C)CC,[H][C@@](O)(COP(O)(=O)OC[C@@]([H])(COC(=O)CCCCCCCCCCCCCCC(C)C)OC(=O)CCCCCCCCCCCCCCCCCC)COP(O)(=O)OC[C@@]([H])(COC(=O)CCCCCCCCCCC(C)CC)OC(=O)CCCCCCCCCCCCCC(C)C,1424.0049999999994,1424.0049999999994,0.0
37927,[H][C@](O)(COP(O)(=O)OC[C@@]([H])(COC(=O)CCCCCCCCC(C)CC)OC(=O)CCCCCCCCCC(C)C)COP(O)(=O)OC[C@@]([H])(COC(=O)CCCCCCCCCCC(C)CC)OC(=O)CCCCCCCCC(C)CC,[H][C@](O)(COP(O)(=O)OC[C@@]([H])(COC(=O)CCCCCCCCC)OC(=O)CCCCCCCCCCCCC)COP(O)(=O)OC[C@@]([H])(COC(=O)CCCCCCCCCCCCCC)OC(=O)CCCCCCCCCCCC(C)C,1213.5999999999997,1213.5999999999997,0.0
38307,[H][C@@](O)(COP(O)(=O)OC[C@@]([H])(COC(=O)CCCCCCCCCCCCC(C)CC)OC(=O)CCCCCCCCCCCCCCCCCCCCCC)COP(O)(=O)OC[C@@]([H])(COC(=O)CCCCCCCCCC(C)C)OC(=O)CCCCCCCCCCCCCC,[H][C@@](O)(COP(O)(=O)OC[C@@]([H])(COC(=O)CCCCCCCCCCCCCCCC)OC(=O)CCCCCCCCCCCCCCCCCCCCCC)COP(O)(=O)OC[C@@]([H])(COC(=O)CCCCCCCCC(C)CC)OC(=O)CCCCCCCCCCC(C)CC,1409.9779999999996,1409.9779999999994,2.2737367544323206e-13
38344,[H][C@](O)(COP(O)(=O)OC[C@@]([H])(COC(=O)CCCCCCCCCCCCCC)OC(=O)CCCCCCCCCCCCCCC)COP(O)(=O)OC[C@@]([H])(COC(=O)CCCCCCCCCCCCCC(C)C)OC(=O)CCCCCCCCCCCCCCCCCC,[H][C@](O)(COP(O)(=O)OC[C@@]([H])(COC(=O)CCCCCCC)OC(=O)CCCCCCCCCCCCC(C)CC)COP(O)(=O)OC[C@@]([H])(COC(=O)CCCCCCCCCCCCCC(C)C)OC(=O)CCCCCCCCCCCCCCCCCCCCCCCC,1395.9509999999996,1395.9510000000002,6.821210263296962e-13
38430,[H][C@@](COC(=O)CCCCCCC[C@@H](O)[C@H](O)C\C=C/CCCCC)(COP(O)(=O)OC[C@H](N)C(O)=O)OC(=O)CCCCCCCCCCCCC,[H][C@](COC(=O)CCCCCCCCCCCCCCCCC(C)C)(COC(=O)CCCCCCCCCCC(C)CC)OC(=O)CCCCCCCCC,765.9629999999996,765.2579999999997,0.7049999999999272
38456,[H]C(O)(COP(O)(=O)OC[C@@]([H])(COC(=O)CCCCCCCCCCC(C)C)OC(=O)CCCCCCCCCCC(C)CC)COP(O)(=O)OC[C@@]([H])(COC(=O)CCCCCCCCCCC(C)C)OC(=O)CCCCCCCCC(C)CC,[H]C(O)(COP(O)(=O)OC[C@@]([H])(COC(=O)CCCCCCCCCCC(C)C)OC(=O)CCCCCCCCCCCC(C)C)COP(O)(=O)OC[C@@]([H])(COC(=O)CCCCCCCCC(C)C)OC(=O)CCCCCCCCCCC(C)CC,1241.6539999999993,1241.6539999999998,4.547473508864641e-13
38501,[H][C@](O)(COP(O)(=O)OC[C@@]([H])(COC(=O)CCCCCCCCCCCCCC)OC(=O)CCCCCCCCCCCCCC)COP(O)(=O)OC[C@@]([H])(COC(=O)CCCCCCCCCCCCCCCC(C)C)OC(=O)CCCCCCCCCCCCCCCCCCC,[H][C@@](O)(COP(O)(=O)OC[C@@]([H])(COC(=O)CCCCCCCCCCCCCCCCCCC(C)C)OC(=O)CCCCCCCCCCCCCCCCCCCCCCCC)COP(O)(=O)OC[C@@]([H])(COC(=O)CCCCCCCCC)OC(=O)CCCCCCCCC(C)C,1424.0049999999997,1424.0049999999997,0.0
38628,[H][C@@](O)(COP(O)(=O)OC[C@@]([H])(COC(=O)CCCCCCCCCCCCC(C)C)OC(=O)CCCCCCCCCCCCC(C)C)COP(O)(=O)OC[C@@]([H])(COC(=O)CCCCCCCCC(C)C)OC(=O)CCCCCCCCCCCCC(C)CC,[H][C@@](O)(COP(O)(=O)OC[C@@]([H])(COC(=O)CCCCCCCCCCCCC(C)C)OC(=O)CCCCCCCCCCCCC(C)CC)COP(O)(=O)OC[C@@]([H])(COC(=O)CCCCCCCCC(C)CC)OC(=O)CCCCCCCCCCCC(C)C,1311.7889999999993,1311.7889999999993,0.0
38725,[H][C@@](COC(=O)CCCCCCC)(COC(=O)CCCCCCCCCCCCC(C)C)OC(=O)CCCCCCCCCCCCCCCCCCCCC,[H][C@](COC(=O)CCCCCCCCCCCCCCCCC)(COC(=O)CCCCCCCCCCCCC(C)C)OC(=O)CCCCCCCCCCC,779.2849999999993,779.2849999999997,4.547473508864641e-13
39097,[H][C@](O)(COP(O)(=O)OC[C@@]([H])(COC(=O)CCCCCCCCCCC)OC(=O)CCCCCCCCCCCCC)COP(O)(=O)OC[C@@]([H])(COC(=O)CCCCCCCCCCCCCCC(C)C)OC(=O)CCCCCCCCCCCCCCCCCCCCCCCC,[H][C@@](O)(COP(O)(=O)OC[C@@]([H])(COC(=O)CCCCCCCCCCCCCCCCCCCC)OC(=O)CCCCCCCCCCCCCCCCCCCC)COP(O)(=O)OC[C@@]([H])(COC(=O)CCCCCCCCCCC)OC(=O)CCCCCCCCCCC(C)CC,1424.0049999999999,1424.0049999999997,2.2737367544323206e-13
39181,CCCCC[C@H](O)\C=C\[C@@H]1[C@@H](O)[C@@H](O)[C@H]2OP(O)(=O)OC[C@@H](COC(=O)CC\C=C/C\C=C/C\C=C/C\C=C/C\C=C/C\C=C/CC)OC(=O)CCC\C=C/C[C@@H]([C@@H](O)CC1=O)[C@@H](O)[C@H](O)[C@H]2O,[H][C@@](COCCCCCCCCCCCCCCCCCC)(COC(=O)CCCCCCCCCCCCC\C=C/CCCCCCCC)OC(=O)CCC\C=C/C\C=C/C\C=C/C\C=C/CCCCC,979.1510000000001,979.6539999999993,0.5029999999992469
39290,[H]C(O)(COP(O)(=O)OC[C@@]([H])(COC(=O)CCCCCCCCCCCCC(C)C)OC(=O)CCCCCCCCCCCCCCCCC(C)C)COP(O)(=O)OC[C@@]([H])(COC(=O)CCCCCCCCCC(C)C)OC(=O)CCCCCCCCCCCCCCCCC(C)CC,[H][C@](O)(COP(O)(=O)OC[C@@]([H])(COC(=O)CCCCCCCCCCCC)OC(=O)CCCCCCCCCCCCC(C)CC)COP(O)(=O)OC[C@@]([H])(COC(=O)CCCCCCCCCCCCCCC(C)C)OC(=O)CCCCCCCCCCCCCCCCCCC(C)C,1438.0319999999997,1438.0319999999997,0.0
39307,[H][C@](O)(COP(O)(=O)OC[C@@]([H])(COC(=O)CCCCCCCCCC)OC(=O)CCCCCCCCCCCCCC(C)C)COP(O)(=O)OC[C@@]([H])(COC(=O)CCCCCCCCCCCCCCCCCC)OC(=O)CCCCCCCCCCCCCCCCCCCCC,[H][C@](O)(COP(O)(=O)OC[C@@]([H])(COC(=O)CCCCCCC)OC(=O)CCCCCCCCCCCCCCCC)COP(O)(=O)OC[C@@]([H])(COC(=O)CCCCCCCCCCCCCCCCCCCC)OC(=O)CCCCCCCCCCCCCCCCCCCCCC,1424.005,1424.0049999999999,2.2737367544323206e-13
39576,[H][C@](COC(=O)CCCCCCCCCCCCCCCCCCCC)(COC(=O)CCCCCCCCCCCCCCC(C)C)OC(=O)CCCCCCCCCCCCC,[H][C@@](COC(=O)CCCCCCCCCCCCCCCCCCC)(COC(=O)CCCCCCCCCCCCC(C)C)OC(=O)CCCCCCCCCCCCCC(C)C,877.4739999999993,877.4739999999994,1.1368683772161603e-13
40251,[H][C@](COC(=O)CCCCCCCCCCCCCCCCCCCC)(COC(=O)CCCCCCCCCC(C)C)OC(=O)CCCCCCCCCCCCCC(C)C,[H][C@](COC(=O)CCCCCCCCCCCCCCC(C)C)(COC(=O)CCCCCCCCCCCCC(C)C)OC(=O)CCCCCCCCCCCCCC(C)C,849.4199999999995,849.4199999999994,1.1368683772161603e-13
40255,[H][C@](COC(=O)CCCCCCCCCCCCCCC(C)C)(COC(=O)CCCCCCCCCCC(C)CC)OC(=O)CCCCCCC,[H][C@@](O)(COC(=O)CCCCCCCCCCCCCCCCCCCCC)COC(=O)CCCCCCCCCCCCCCCCC(C)C,709.15,709.1939999999998,0.04399999999986903
40369,[H][C@@](O)(COP(O)(=O)OC[C@@]([H])(COC(=O)CCCCCCCCCCCCCCC)OC(=O)CCCCCCCCCCCCCCCCCCCCC)COP(O)(=O)OC[C@@]([H])(COC(=O)CCCCCCCCCC(C)C)OC(=O)CCCCCCCCCCCCCCC,[H][C@](O)(COP(O)(=O)OC[C@@]([H])(COC(=O)CCCCCCCCCCCCC)OC(=O)CCCCCCCCCCCCCCC)COP(O)(=O)OC[C@@]([H])(COC(=O)CCCCCCCCCCCCCCC)OC(=O)CCCCCCCCCCCCCCCCCCCC,1395.9509999999996,1395.9509999999998,2.2737367544323206e-13
40648,[H][C@](O)(COP(O)(O)=O)COP(O)(=O)OC[C@@]([H])(COC(=O)CCC\C=C/C\C=C/C\C=C/C\C=C/[C@@H](O)CCCC)OC(=O)CCCCCCCCC\C=C/C\C=C/CCCCC,[H][C@](O)(COP(O)(O)=O)COP(O)(=O)OC[C@@]([H])(COC(=O)CCCCCCCCCCCCCCCCC)OC(=O)CC\C=C/C\C=C/C\C=C/C\C=C/CC1OC1C\C=C/CC,919.0799999999992,919.0799999999998,5.684341886080801e-13
40818,[H][C@](COC(=O)CCCCCCCCCCCCCCC)(COC(=O)CCCCCCCCCCCCCCC(C)C)OC(=O)CCCCCCCCCCCCCCCCCC(C)C,[H][C@](COC(=O)CCCCCCCCCCCCCC)(COC(=O)CCCCCCCCCCCCCCCCCC)OC(=O)CCCCCCCCCCCCCCCCCC(C)C,905.5279999999992,905.5279999999991,1.1368683772161603e-13
40959,[H][C@](O)(COP(O)(=O)OC[C@@]([H])(COC(=O)CCCCCCCCCCC)OC(=O)CCCCCCCCCCCCC)COP(O)(=O)OC[C@@]([H])(COC(=O)CCCCCCCCCCCCCCCC(C)C)OC(=O)CCCCCCCCCCCCCCCCCCCCCCC,[H][C@](O)(COP(O)(=O)OC[C@@]([H])(COC(=O)CCCCCCCCC)OC(=O)CCCCCCCCCCCCCCCC(C)C)COP(O)(=O)OC[C@@]([H])(COC(=O)CCCCCCCCCCCCCCCC(C)C)OC(=O)CCCCCCCCCCCCCCCCCC(C)C,1424.0049999999997,1424.0049999999997,0.0
41108,[H][C@@](O)(COP(O)(=O)OC[C@@]([H])(COC(=O)CCCCCCCCCCCCCCC(C)C)OC(=O)CCCCCCCCCCCCCCCCCC)COP(O)(=O)OC[C@@]([H])(COC(=O)CCCCCCCCCCC(C)C)OC(=O)CCCCCCCCCCCCCCCCC,[H][C@@](O)(COP(O)(=O)OC[C@@]([H])(COC(=O)CCCCCCCCCCCCCCC)OC(=O)CCCCCCC\C=C/C\C=C/CCCCC)COP(O)(=O)OC[C@@]([H])(COC(=O)CCCCCCC\C=C/CCCCCC)OC(=O)CCC\C=C/C\C=C/C\C=C/C\C=C/CCCCC,1424.0049999999997,1423.9199999999998,0.084999999999809
41289,[H][C@@](COC(=O)CCCCCCCCCCCCCCCCCCCC)(COC(=O)CCCCCCCCCCCCC(C)CC)OC(=O)CCCCCCCCCCCCCC,[H][C@@](COC(=O)CCCCCCCCCCCCCCCCCCC(C)C)(COC(=O)CCCCCCCCCCCCC(C)C)OC(=O)CCCCCCCCCCC(C)CC,877.4739999999993,877.4739999999993,0.0
41390,[H]C(O)(COP(O)(=O)OC[C@@]([H])(COC(=O)CCCCCCCCCCC(C)C)OC(=O)CCCCCCCCCCC(C)CC)COP(O)(=O)OC[C@@]([H])(COC(=O)CCCCCCCCC(C)CC)OC(=O)CCCCCCCCCCCCCCCCC(C)C,[H][C@@](O)(COP(O)(=O)OC[C@@]([H])(COC(=O)CCCCCCCCCCCCC(C)C)OC(=O)CCCCCCCCCCCCCC(C)C)COP(O)(=O)OC[C@@]([H])(COC(=O)CCCCCCCCC(C)C)OC(=O)CCCCCCCCCCCCC(C)CC,1325.8159999999998,1325.8159999999993,4.547473508864641e-13
41422,[H][C@@](O)(COP(O)(=O)OC[C@@]([H])(COC(=O)CCCCCCCCCC(C)C)OC(=O)CCCCCCCCCCCCCCCCCCCC)COP(O)(=O)OC[C@@]([H])(COC(=O)CCCCCCCCC(C)CC)OC(=O)CCCCCCCCCC(C)C,[H][C@](O)(COP(O)(=O)OC[C@@]([H])(COC(=O)CCCCCCCCC(C)C)OC(=O)CCCCCCCCCCCCCCCCC(C)C)COP(O)(=O)OC[C@@]([H])(COC(=O)CCCCCCCCCCCC(C)C)OC(=O)CCCCCCCCC(C)CC,1297.761999999999,1297.7619999999993,2.2737367544323206e-13
41507,[H][C@@](COC(=O)CCC\C=C/CC1OC1C\C=C/C\C=C/CCCCC)(COP(O)(=O)OP(O)(=O)OC[C@H]1O[C@H]([C@H](O)[C@@H]1O)N1C=CC(N)=NC1=O)OC(=O)CCCCCCCCC(C)CC,[H][C@@](COC(=O)CCCCCCCCCCCCCCCCCCCC)(COC(=O)CCCCCCCCCCCCCCCC(C)C)OC(=O)CCCCCCCCCCCCCCCCCCC,976.0479999999995,975.6629999999988,0.3850000000007867
41696,[H][C@@](O)(COP(O)(=O)OC[C@@]([H])(COC(=O)CCCCCCCCCCCCCCCCC)OC(=O)CCCCCCCCCCCCCCCCC(C)C)COP(O)(=O)OC[C@@]([H])(COC(=O)CCCCCCCCC(C)C)OC(=O)CCCCCCCCCCC(C)C,[H]C(O)(COP(O)(=O)OC[C@@]([H])(COC(=O)CCCCCCCCCCCC(C)C)OC(=O)CCCCCCCCCCCCCCCCC(C)C)COP(O)(=O)OC[C@@]([H])(COC(=O)CCCCCCCCCCC(C)C)OC(=O)CCCCCCCCCCC(C)CC,1353.8699999999994,1353.8699999999994,0.0
41708,[H][C@](O)(COP(O)(=O)OC[C@@]([H])(COC(=O)CCCCCCCCCC)OC(=O)CCCCCCCCCCCCCCCCC)COP(O)(=O)OC[C@@]([H])(COC(=O)CCCCCCCCCCCCCCCCC(C)C)OC(=O)CCCCCCCCCCCCCCCCCCCCCCC,[H][C@@](O)(COP(O)(=O)OC[C@@]([H])(COC(=O)CCCCCCCCCCCCCCCCCC)OC(=O)CCCCCCCCCCCCCCCCCCCCC(C)C)COP(O)(=O)OC[C@@]([H])(COC(=O)CCCCCCCCC(C)C)OC(=O)CCCCCCCCCCCCCCCCC,1480.1129999999998,1480.1129999999998,0.0
41719,[H][C@](COC(=O)CCCCCCCCCCCCCCCCCCCC)(COC(=O)CCCCCCCCCCCCCCCCC(C)C)OC(=O)CCCCCCC,[H][C@@](COC(=O)CCCCCCCCCCCCCCCC)(COC(=O)CCCCCCCCCCCC(C)C)OC(=O)CCCCCCCCCCCCCC(C)C,821.3659999999995,821.3659999999996,1.1368683772161603e-13
41723,[H]C(O)(COP(O)(=O)OC[C@@]([H])(COC(=O)CCCCCCCCC(C)C)OC(=O)CCCCCCCCCCCCCCCCCCCCC(C)C)COP(O)(=O)OC[C@@]([H])(COC(=O)CCCCCCCCCCCCC(C)CC)OC(=O)CCCCCCCCCC(C)C,[H][C@](O)(COP(O)(=O)OC[C@@]([H])(COC(=O)CCCCCCCCC)OC(=O)CCCCCCCCCCCCCC)COP(O)(=O)OC[C@@]([H])(COC(=O)CCCCCCCCCCCCCC(C)C)OC(=O)CCCCCCCCCCCCCCCCCCCCCCC,1381.9239999999995,1381.924,4.547473508864641e-13
41922,[H]C(O)(COP(O)(=O)OC[C@@]([H])(COC(=O)CCCCCCCCCCCCC(C)CC)OC(=O)CCCCCCCCCCC(C)C)COP(O)(=O)OC[C@@]([H])(COC(=O)CCCCCCCCC(C)C)OC(=O)CCCCCCCCCCCCCCCCCCC(C)C,[H][C@@](O)(COP(O)(=O)OC[C@@]([H])(COC(=O)CCCCCCCCCC(C)C)OC(=O)CCCCCCCCCCCCCCCCCCCCC(C)C)COP(O)(=O)OC[C@@]([H])(COC(=O)CCCCCCCCC(C)CC)OC(=O)CCCCCCCCCCCC(C)C,1367.8969999999997,1367.8969999999995,2.2737367544323206e-13
42156,[H][C@](O)(COP(O)(=O)OC[C@@]([H])(COC(=O)CCCCCCCCC(C)C)OC(=O)CCCCCCCCCCCCCCCC(C)C)COP(O)(=O)OC[C@@]([H])(COC(=O)CCCCCCC\C=C/C=C\CCCCCC)OC(=O)CCCCCCCCC(C)CC,[H][C@](O)(COP(O)(=O)OC[C@@]([H])(COC(=O)CCCCCCC)OC(=O)CCCCCCCCC(C)C)COP(O)(=O)OC[C@@]([H])(COC(=O)CCCCCCC\C=C/C=C\CCCCCC)OC(=O)CCCCCCCCCCCCCCCCCCCCCCC,1321.7839999999997,1321.7840000000006,9.094947017729282e-13
42470,CCCCC[C@@H](O)\C=C\[C@H]1[C@H](O)C[C@H](O)[C@H]1C\C=C/CC(=O)OC[C@H](COP(O)(O)=O)OC(=O)CCCCCCCCCCCCCCCCC(C)CC,[H][C@@](COC(=O)CCCCCCCCCCCCCCCCCCC)(COP(O)(O)=O)OC(=O)CCCCCCCCCCCCCCCCCCC(C)C,789.040999999999,789.1729999999991,0.13200000000006185
42671,[H][C@](O)(COP(O)(=O)OC[C@@]([H])(COC(=O)CCCCCCCCC)OC(=O)CCCCCCCCCCC(C)CC)COP(O)(=O)OC[C@@]([H])(COC(=O)CCCCCCCCCCCCCCCCC)OC(=O)CCCCCCCCCCCCCCC(C)C,[H][C@@](O)(COP(O)(=O)OC[C@@]([H])(COC(=O)CCCCCCCCCCCCC)OC(=O)CCCCCCCCCCCCCCCCCCC(C)C)COP(O)(=O)OC[C@@]([H])(COC(=O)CCCCCCCCCCC)OC(=O)CCCCCCCCC(C)CC,1311.7889999999995,1311.7889999999995,0.0
42727,[H][C@](COC(=O)CCCCCCCCCCCCCCC)(COC(=O)CCCCCCCCCCCCCCCC(C)C)OC(=O)CCCCCCCCCCCC,[H][C@](COC(=O)CCCCCCCCCCCCCCCC)(COC(=O)CCCCCCCCCCCCCCCCCCCC)OC(=O)CCCCCCCCC,807.3389999999996,807.3389999999995,1.1368683772161603e-13
42907,[H][C@@](O)(COP(O)(=O)OC[C@@]([H])(COC(=O)CCCCCCCCCCCCCCCCC(C)C)OC(=O)CCCCCCCCCCCCCC(C)C)COP(O)(=O)OC[C@@]([H])(COC(=O)CCCCCCCCC(C)C)OC(=O)CCCCCCCCCCCCCCCCC(C)CC,[H][C@@](O)(COP(O)(=O)OC[C@@]([H])(COC(=O)CCCCCCCCCCCCCCCCCC)OC(=O)CCCCCCCCCCCCCCCC(C)C)COP(O)(=O)OC[C@@]([H])(COC(=O)CCCCCCCCCC(C)C)OC(=O)CCCCCCCCCCCCCCCCCC,1438.0319999999997,1438.032,2.2737367544323206e-13
42978,CC1=CCC(CC1)C(C)(C)OC(=O)C1=CC=CC=C1N,O=N(=O)C1=CC2=C(C=CC3=CC=CC=C23)C2=CC=CC=C12,273.37600000000003,273.291,0.08500000000003638
43034,[H][C@](O)(COP(O)(=O)OC[C@@]([H])(COC(=O)CCCCCCC)OC(=O)CCCCCCCCCCCC)COP(O)(=O)OC[C@@]([H])(COC(=O)CCCCCCCCCCCCCCCCC(C)CC)OC(=O)CCCCCCCCCCCCCCCCCCCCCCCC,[H][C@@](O)(COP(O)(=O)OC[C@@]([H])(COC(=O)CCCCCCCCCCCCCCCC(C)C)OC(=O)CCCCCCCCCCCCCCCCCCC)COP(O)(=O)OC[C@@]([H])(COC(=O)CCCCCCCCC(C)C)OC(=O)CCCCCCCCCCCCC(C)C,1395.951,1395.9509999999993,6.821210263296962e-13
43107,[H][C@@](O)(COP(O)(=O)OC[C@@]([H])(COC(=O)CCCCCCCCCCCCCCCCCC)OC(=O)CCCCCCCCCCCCCCCCCCCCC)COP(O)(=O)OC[C@@]([H])(COC(=O)CCCCCCCCCCCCC)OC(=O)CCCCCCCCCCCCC(C)C,[H][C@@](O)(COP(O)(=O)OC[C@@]([H])(COC(=O)CCCCCCCCCCCCCC(C)C)OC(=O)CCCCCCCCCCCCCCCCCCCCC)COP(O)(=O)OC[C@@]([H])(COC(=O)CCCCCCCCCCCC(C)C)OC(=O)CCCCCCCCCCCCCCCC,1452.059,1452.0589999999997,2.2737367544323206e-13
43132,[H][C@](O)(COP(O)(=O)OC[C@@]([H])(COC(=O)CCCCCCC\C=C/CCCCCCCC)OC(=O)CCCCCCC\C=C/CCCCCCCC)COP(O)(=O)OC[C@@]([H])(COC(=O)CC\C=C/C\C=C/C\C=C/C\C=C/C\C=C/C\C=C/CC)OC(=O)CCCCCCC\C=C/CCCCCC,[H][C@](O)(COP(O)(=O)OC[C@@]([H])(COC(=O)CCC\C=C/C\C=C/C\C=C/C\C=C/CCCCC)OC(=O)CCCCCCC\C=C/CCCCCCCC)COP(O)(=O)OC[C@@]([H])(COC(=O)CCCCCCCCCCCCCCC)OC(=O)CCC\C=C/C\C=C/C\C=C/C\C=C/CCCCC,1475.9959999999999,1475.9959999999999,0.0
43184,[H][C@@](COCCCCCCCCCCCCCCCCCC)(COC(=O)CCCCCCCCC\C=C/CCCCCC)OC(=O)CCC\C=C/C\C=C/C\C=C/C\C=C/CCCCC,[H][C@](N)(COP(O)(=O)OC[C@@]([H])(COC(=O)CCCCCCCCCCCCCCCCCCCCC)OC(=O)CCCCC\C=C/C\C=C/C\C=C/C\C=C/CCCCC)C(O)=O,895.4919999999995,896.241,0.7490000000004784
43219,[H][C@@](COP([O-])(=O)OCC[N+](C)(C)C)(NC(=O)CCC[C@@H](O)\C=C\C=C/C\C=C/C\C=C/CCCCC)[C@H](O)\C=C\CCCCCCCC\C=C/CCC,[H][C@@](COC(=O)CCCCCCC)(COC(=O)CCCCCCCCCCCCC(C)C)OC(=O)CCCCCCCCCCCCCCCCC(C)CC,765.0699999999997,765.2579999999995,0.1879999999997608
43257,[H]C(O)(COP(O)(=O)OC[C@@]([H])(COC(=O)CCCCCCCCCC(C)C)OC(=O)CCCCCCCCCCCC(C)C)COP(O)(=O)OC[C@@]([H])(COC(=O)CCCCCCCCCCCCCCCCCCCCC(C)CC)OC(=O)CCCCCCCCC(C)C,[H][C@@](O)(COP(O)(=O)OC[C@@]([H])(COC(=O)CCCCCCCCCCCCCCCCC)OC(=O)CCCCCCCCCCCCCCCC(C)C)COP(O)(=O)OC[C@@]([H])(COC(=O)CCCCCCCCC(C)C)OC(=O)CCCCCCCCCCCCCCC,1367.8969999999995,1367.8969999999997,2.2737367544323206e-13
43408,[H][C@@](O)(COP(O)(=O)OC[C@@]([H])(COC(=O)CCCCCCCCCCCCC(C)CC)OC(=O)CCCCCCCCCCC(C)CC)COP(O)(=O)OC[C@@]([H])(COC(=O)CCCCCCCCC(C)C)OC(=O)CCCCCCCCCCCCCCCCC(C)CC,[H][C@@](O)(COP(O)(=O)OC[C@@]([H])(COC(=O)CCCCCCCCCCCCCCCC)OC(=O)CCCCCCCCCCCCCCCC(C)C)COP(O)(=O)OC[C@@]([H])(COC(=O)CCCCCCCCC(C)C)OC(=O)CCCCCCCCCCCCCCCC,1367.8969999999995,1367.8969999999997,2.2737367544323206e-13
43426,[H][C@](O)(COP(O)(=O)OC[C@@]([H])(COC(=O)CCCCCCCCC)OC(=O)CCCCCCCCCCCC)COP(O)(=O)OC[C@@]([H])(COC(=O)CCCCCCCCCCCCCCCCC)OC(=O)CCCCCCCCCCCCCCC(C)C,[H][C@@](O)(COP(O)(=O)OC[C@@]([H])(COC(=O)CCCCCCCCCCCCCC)OC(=O)CCCCCCCCCCCC(C)C)COP(O)(=O)OC[C@@]([H])(COC(=O)CCCCCCCCCCC(C)C)OC(=O)CCCCCCCCCCCCCC,1283.7349999999997,1283.7349999999994,2.2737367544323206e-13
43493,[H]C(O)(COP(O)(=O)OC[C@@]([H])(COC(=O)CCCCCCCCCC(C)C)OC(=O)CCCCCCCCCCCCCCCCC(C)C)COP(O)(=O)OC[C@@]([H])(COC(=O)CCCCCCCCCC(C)C)OC(=O)CCCCCCCCCCCCCCC(C)C,[H]C(O)(COP(O)(=O)OC[C@@]([H])(COC(=O)CCCCCCCCCC(C)C)OC(=O)CCCCCCCCCCCCC(C)CC)COP(O)(=O)OC[C@@]([H])(COC(=O)CCCCCCCCC(C)C)OC(=O)CCCCCCCCCCCCCCCCCCC(C)C,1353.8699999999994,1353.87,4.547473508864641e-13
43917,[H][C@@](COC(=O)CCCCCCCCC1=C(C)C(C)=C(CCCCC)O1)(COP(O)(=O)OCCN)OC(=O)CCC\C=C/C\C=C/C\C=C/C\C=C/[C@H](O)CCCC,[H][C@@](COC(=O)CCCCCCCCCCCCCCC)(COC(=O)CCCCCCCCCCC(C)CC)OC(=O)CCCCCCCCCCCCCCCCC,822.0739999999998,821.3659999999993,0.7080000000005384
43969,[H]C(O)(COP(O)(=O)OC[C@@]([H])(COC(=O)CCCCCCCCCC(C)C)OC(=O)CCCCCCCCCCCCCCCCCCCCC(C)CC)COP(O)(=O)OC[C@@]([H])(COC(=O)CCCCCCCCCCC(C)C)OC(=O)CCCCCCCCCC(C)C,[H][C@@](O)(COP(O)(=O)OC[C@@]([H])(COC(=O)CCCCCCCCCCCCCCCCCCC(C)C)OC(=O)CCCCCCCCCCCCC(C)C)COP(O)(=O)OC[C@@]([H])(COC(=O)CCCCCCCCC(C)C)OC(=O)CCCCCCCCCCC(C)CC,1367.8969999999995,1367.8969999999997,2.2737367544323206e-13
44130,[H][C@@](COC(=O)CCCCCCCCCCCCC(C)C)(COC(=O)CCCCCCCCCC(C)C)OC(=O)CCCCCCCCCCCCCCCCC(C)CC,[H][C@](COC(=O)CCCCCCCCCCCCCCC)(COC(=O)CCCCCCCCCCCCCCCC(C)C)OC(=O)CCCCCCCCCCC(C)CC,835.3929999999992,835.3929999999996,3.410605131648481e-13
44136,[H][C@@](O)(COP(O)(=O)OC[C@@]([H])(COC(=O)CCCCCCCCCCCCCCCCCC(C)C)OC(=O)CCCCCCCCCCCCCCCCCCCCC(C)C)COP(O)(=O)OC[C@@]([H])(COC(=O)CCCCCCCCCCC)OC(=O)CCCCCCCCCC(C)C,[H][C@@](O)(COP(O)(=O)OC[C@@]([H])(COC(=O)CCCCCCCCCCCCC(C)C)OC(=O)CCCCCCCCCCCCCCCCCCCCC(C)C)COP(O)(=O)OC[C@@]([H])(COC(=O)CCCCCCCCCCCCC)OC(=O)CCCCCCCCCCCCC(C)C,1438.0319999999997,1438.032,2.2737367544323206e-13
44445,[H][C@@](O)(COP(O)(=O)OC[C@@]([H])(COC(=O)CCCCCCCCCCCCC(C)C)OC(=O)CCCCCCCCCCCCCCC(C)C)COP(O)(=O)OC[C@@]([H])(COC(=O)CCCCCCCCC(C)CC)OC(=O)CCCCCCCCCCC(C)CC,[H][C@](O)(COP(O)(=O)OC[C@@]([H])(COC(=O)CCCCCCCCC)OC(=O)CCCCCCCCCC(C)C)COP(O)(=O)OC[C@@]([H])(COC(=O)CCCCCCCCCCCCCCCCCC)OC(=O)CCCCCCCCCCCCCCCCC(C)C,1325.8159999999993,1325.8159999999996,2.2737367544323206e-13
44757,[H][C@](COC(=O)CCCCCCCCCCCCCC)(COC(=O)CCCCCCCCCCCC(C)C)OC(=O)CCCCCCCCCCCC(C)C,[H][C@](COC(=O)CCCCCCCCCCCCCCC(C)C)(COC(=O)CCCCCCCCCCC(C)C)OC(=O)CCCCCCCCCC(C)C,765.2579999999997,765.2579999999998,1.1368683772161603e-13
44795,[H]C(O)(COP(O)(=O)OC[C@@]([H])(COC(=O)CCCCCCCCCCCCCCC(C)C)OC(=O)CCCCCCCCCCCCC(C)C)COP(O)(=O)OC[C@@]([H])(COC(=O)CCCCCCCCCC(C)C)OC(=O)CCCCCCCCCCC(C)CC,[H][C@](O)(COP(O)(=O)OC[C@@]([H])(COC(=O)CCCCCCCCC)OC(=O)CCCCCCCCCCCCC)COP(O)(=O)OC[C@@]([H])(COC(=O)CCCCCCCCCCCCC)OC(=O)CCCCCCCCCCCCCCCCCCCCCCC,1325.8159999999993,1325.8160000000003,9.094947017729282e-13
45109,[H][C@@](O)(COP(O)(=O)OC[C@@]([H])(COC(=O)CCCCCCCCCCCCCCCCCCCCC)OC(=O)CCCCCCCCCCCCCCCCCCCCC)COP(O)(=O)OC[C@@]([H])(COC(=O)CCCCCCCCC(C)CC)OC(=O)CCCCCCCCCCCCCCCC,[H][C@@](O)(COP(O)(=O)OC[C@@]([H])(COC(=O)CCCCCCCCCCCCCCCCCC(C)C)OC(=O)CCCCCCCCCCCCCCCCC(C)CC)COP(O)(=O)OC[C@@]([H])(COC(=O)CCCCCCCCC(C)CC)OC(=O)CCCCCCCCCCCCCCCC(C)C,1494.1399999999999,1494.1399999999999,0.0
45309,[H][C@](O)(COP(O)(=O)OC[C@@]([H])(COC(=O)CCCCCCC)OC(=O)CCCCCCCCCCCC)COP(O)(=O)OC[C@@]([H])(COC(=O)CCCCCCCCCCCCCCCCCCC)OC(=O)CCCCCCCCCCCCCCCCCCCCCCC,[H][C@](O)(COP(O)(=O)OC[C@@]([H])(COC(=O)CCCCCCCCC)OC(=O)CCCCCCCCC)COP(O)(=O)OC[C@@]([H])(COC(=O)CCCCCCCCCCCCCCCCC(C)C)OC(=O)CCCCCCCCCCCCCCCCCCCCCCCC,1367.8970000000002,1367.8970000000002,0.0
45387,[H][C@@](O)(COP(O)(=O)OC[C@@]([H])(COC(=O)CCCCCCCCCCCCCCCCCC(C)C)OC(=O)CCCCCCCCCCCCCCCCCCC(C)C)COP(O)(=O)OC[C@@]([H])(COC(=O)CCCCCCCCCC)OC(=O)CCCCCCCCC(C)C,[H][C@@](O)(COP(O)(=O)OC[C@@]([H])(COC(=O)CCCCCCCCCCCCC(C)C)OC(=O)CCCCCCCCCCCCCCCCCCCCC(C)C)COP(O)(=O)OC[C@@]([H])(COC(=O)CCCCCCCCCCC)OC(=O)CCCCCCCCCCC(C)C,1381.9239999999998,1381.9239999999998,0.0
45488,CC1(C)CCC2(CCC3(C)C(C2C1)C(=O)C=C1C2(C)C=C(C#N)C(=O)C(C)(C)C2CCC31C)C(=O)N1C=CN=C1,[H][C@](CO)(COC(=O)CCCCCCCCCCCCC(C)CC)OC(=O)CCCCCCCCCC(C)C,541.7360000000003,540.8700000000005,0.8659999999998718
45501,[H]C(O)(COP(O)(=O)OC[C@@]([H])(COC(=O)CCCCCCCCCCCCCCCCCCCCC(C)C)OC(=O)CCCCCCCCCCCCCCCCCCCCC(C)CC)COP(O)(=O)OC[C@@]([H])(COC(=O)CCCCCCCCC(C)C)OC(=O)CCCCCCCCCCCCCCCCCC(C)C,[H][C@@](O)(COP(O)(=O)OC[C@@]([H])(COC(=O)CCCCCCCCCCCCCCCCCCCCC(C)C)OC(=O)CCCCCCCCCCCCCCCCCCCCC(C)C)COP(O)(=O)OC[C@@]([H])(COC(=O)CCCCCCCCC(C)CC)OC(=O)CCCCCCCCCCCCCCCCCCCC,1606.3559999999998,1606.3560000000002,4.547473508864641e-13
45702,[H][C@@](O)(COP(O)(=O)OC[C@@]([H])(COC(=O)CCCCCCCCCCCCCCCC)OC(=O)CCCCCCCCCCCCCCCCCCC)COP(O)(=O)OC[C@@]([H])(COC(=O)CCCCCCCCCCCCC)OC(=O)CCCCCCCCCCCCC(C)C,[H][C@@](O)(COP(O)(=O)OC[C@@]([H])(COC(=O)CCCCCCCCCCCCCCC)OC(=O)CCCCCCCCCCCCCCCCCCCC)COP(O)(=O)OC[C@@]([H])(COC(=O)CCCCCCCCCCCC(C)C)OC(=O)CCCCCCCCCCCC(C)C,1395.9509999999996,1395.9509999999993,2.2737367544323206e-13
46707,CCC(C1CCC(C)C(O1)C(C)C(O)C(C)C(=O)C(CC)C1OC2(OC3(CCC(C)(O3)C3CCC(O)(CC)C(C)O3)C(O)C=C2)C(C)CC1C)C(O)=O,[H][C@](COC(=O)CCCCCCCCCCCCC(C)C)(COC(=O)CCCCCCCCCCCC(C)C)OC(=O)CCCCCCCCCC(C)C,751.0110000000004,751.2309999999999,0.21999999999945885
46731,[H][C@](O)(COP(O)(=O)OC[C@@]([H])(COC(=O)CCCCCCCCCCCC)OC(=O)CCCCCCCCCCCCCCC)COP(O)(=O)OC[C@@]([H])(COC(=O)CCCCCCCCCCCCCCCCC(C)C)OC(=O)CCCCCCCCCCCCCCCCCCCCC(C)C,[H][C@@](O)(COP(O)(=O)OC[C@@]([H])(COC(=O)CCCCCCCCCCCCCCCCC(C)C)OC(=O)CCCCCCCCCCCCCCCCCCCCC(C)CC)COP(O)(=O)OC[C@@]([H])(COC(=O)CCCCCCCCCCCCC)OC(=O)CCCCCCCCCCC(C)C,1480.1129999999996,1480.1129999999996,0.0
46881,[H][C@](O)(COP(O)(=O)OC[C@@]([H])(COC(=O)CCCCCCCCCCCC)OC(=O)CCCCCCCCCCCCCCCCCC(C)C)COP(O)(=O)OC[C@@]([H])(COC(=O)CCCCCCCCCCCCCCCCCCCCC)OC(=O)CCCCCCCCCCCCCCCCCCCCC(C)C,[H][C@](O)(COP(O)(=O)OC[C@@]([H])(COC(=O)CCCCCCCCCCCCCCC)OC(=O)CCCCCCCCCCCCCCCCC(C)CC)COP(O)(=O)OC[C@@]([H])(COC(=O)CCCCCCCCCCCCCCCCCC(C)C)OC(=O)CCCCCCCCCCCCCCCCCCC(C)C,1578.3020000000004,1578.3020000000001,2.2737367544323206e-13
46979,[H]C(O)(COP(O)(=O)OC[C@@]([H])(COC(=O)CCCCCCCCCCCCCCCCCCC(C)C)OC(=O)CCCCCCCCCCCCC(C)CC)COP(O)(=O)OC[C@@]([H])(COC(=O)CCCCCCCCCCC(C)C)OC(=O)CCCCCCCCC(C)C,[H]C(O)(COP(O)(=O)OC[C@@]([H])(COC(=O)CCCCCCCCCCCCCC(C)C)OC(=O)CCCCCCCCCCCCCCCCCC(C)C)COP(O)(=O)OC[C@@]([H])(COC(=O)CCCCCCCCCC(C)C)OC(=O)CCCCCCCCCCC(C)C,1367.8969999999997,1367.8969999999995,2.2737367544323206e-13
47035,[H][C@](COC(=O)CCCCCCCCCCCCCCCC(C)C)(COC(=O)CCCCCCCCCCC(C)C)OC(=O)CCCCCCCCCCC,[H][C@](COC(=O)CCCCCCCCCCCCC(C)C)(COC(=O)CCCCCCCCC(C)C)OC(=O)CCCCCCCCCCCCCCCC,765.2579999999997,765.2579999999995,2.2737367544323206e-13
47172,[H][C@@](O)(COP(O)(=O)OC[C@@]([H])(COC(=O)CCCCCCCCCCCCCCCCCC(C)C)OC(=O)CCCCCCCCCCCCCCCCCCCCC(C)C)COP(O)(=O)OC[C@@]([H])(COC(=O)CCCCCCCCC(C)C)OC(=O)CCCCCCCCCCCCCCC,[H][C@@](O)(COP(O)(=O)OC[C@@]([H])(COC(=O)CCCCCCCCCCCCCCCCCCC)OC(=O)CCCCCCCCCCCCCCCCCCCCC(C)C)COP(O)(=O)OC[C@@]([H])(COC(=O)CCCCCCCCCC(C)C)OC(=O)CCCCCCCCCCCCCCC,1480.1129999999998,1480.1129999999998,0.0
47236,[H][C@](COC(=O)CCCCCCCCCCCCCCCCCC)(COC(=O)CCCCCCCCCCCCCCCC(C)C)OC(=O)CCCCCCCCCCCCCCC(C)C,[H][C@@](COC(=O)CCCCCCCCCCCCCCCC)(COC(=O)CCCCCCCCCCCCCCCCCCC(C)C)OC(=O)CCCCCCCCCCCCCC(C)C,919.5549999999992,919.5549999999992,0.0
47507,[H][C@@](O)(COP(O)(=O)OC[C@@]([H])(COC(=O)CCCCCCCCCCCCC)OC(=O)CCCCCCCCCCCCCCCCCCC)COP(O)(=O)OC[C@@]([H])(COC(=O)CCCCCCCCCCC)OC(=O)CCCCCCCCCC(C)C,[H][C@](O)(COP(O)(=O)OC[C@@]([H])(COC(=O)CCCCCCC)OC(=O)CCCCCCCCC(C)C)COP(O)(=O)OC[C@@]([H])(COC(=O)CCCCCCCCCCCCCCC(C)C)OC(=O)CCCCCCCCCCCCCCCCCC(C)C,1283.7349999999992,1283.735,6.821210263296962e-13
48383,[H][C@](COC(=O)CCCCCCC\C=C/CCCCCCCC)(COC(=O)CCCC\C=C/C\C=C/C\C=C/C\C=C/CC)OC(=O)CCCCCCC\C=C/C\C=C/CCCCC,[H][C@@](COC(=O)CCCCCCCCCCC\C=C/C\C=C/CCCCC)(COP([O-])(=O)OCC[N+](C)(C)C)OC(=O)CCC\C=C/C\C=C/C\C=C/C=C/[C@@H](O)CCCCC,877.3889999999996,878.2259999999998,0.8370000000002165
48613,[H][C@](O)(COP(O)(=O)OC[C@@]([H])(COC(=O)CCCCCCC)OC(=O)CCCCCCCCCC(C)C)COP(O)(=O)OC[C@@]([H])(COC(=O)CCCCCCCCCCCCCCCCC(C)C)OC(=O)CCCCCCCCCCCCCCCCCCC(C)C,[H][C@](O)(COP(O)(=O)OC[C@@]([H])(COC(=O)CCCCCCCCCCC)OC(=O)CCCCCCCCCCCC)COP(O)(=O)OC[C@@]([H])(COC(=O)CCCCCCCCCCCCC(C)C)OC(=O)CCCCCCCCCCCCCCCCCCC(C)C,1339.8429999999998,1339.8429999999998,0.0
48672,[H][C@](O)(COP(O)(=O)OC[C@@]([H])(COC(=O)CCCCCCCCCC)OC(=O)CCCCCCCCCCCCCC(C)C)COP(O)(=O)OC[C@@]([H])(COC(=O)CCCCCCCCCCCCCCCCCC)OC(=O)CCCCCCCCCCCCCCCCC(C)CC,[H]C(O)(COP(O)(=O)OC[C@@]([H])(COC(=O)CCCCCCCCCCCCC(C)CC)OC(=O)CCCCCCCCCCCCCCCCCCCCC(C)C)COP(O)(=O)OC[C@@]([H])(COC(=O)CCCCCCCCCC(C)C)OC(=O)CCCCCCCCCCC(C)C,1409.9779999999998,1409.9779999999996,2.2737367544323206e-13
48787,[H][C@@](COC(=O)CCCCCCCCCCCCCCCCCCCC)(COC(=O)CCCCCCCCCCC(C)C)OC(=O)CCCCCCCCCCCCCCC(C)C,[H][C@@](COC(=O)CCCCCCCCCCCCCCCCCC)(COC(=O)CCCCCCCCCCCCCCCCCCCC)OC(=O)CCCCCCCCC(C)CC,877.4739999999994,877.4739999999993,1.1368683772161603e-13
48798,[H][C@@](O)(COP(O)(=O)OC[C@@]([H])(COC(=O)CCCCCCCCCCC(C)CC)OC(=O)CCCCCCCCCCCCCCC(C)C)COP(O)(=O)OC[C@@]([H])(COC(=O)CCCCCCCCC(C)CC)OC(=O)CCCCCCCCC(C)CC,[H]C(O)(COP(O)(=O)OC[C@@]([H])(COC(=O)CCCCCCCCCCC(C)C)OC(=O)CCCCCCCCCCCCC(C)CC)COP(O)(=O)OC[C@@]([H])(COC(=O)CCCCCCCCCCCCC(C)C)OC(=O)CCCCCCCCC(C)C,1283.7349999999992,1283.7349999999992,0.0
48815,[H][C@@](O)(COP(O)(=O)OC[C@@]([H])(COC(=O)CCCCCCCCCCCC(C)C)OC(=O)CCCCCCCCCCCCC(C)C)COP(O)(=O)OC[C@@]([H])(COC(=O)CCCCCCCCC(C)C)OC(=O)CCCCCCCCCCCCCCCC(C)C,[H][C@@](O)(COP(O)(=O)OC[C@@]([H])(COC(=O)CCCCCCCCC(C)C)OC(=O)CCCCCCCCCCCCC(C)CC)COP(O)(=O)OC[C@@]([H])(COC(=O)CCCCCCCCC(C)CC)OC(=O)CCCCCCCCCCCCCCCCC(C)C,1325.8159999999996,1325.8159999999998,2.2737367544323206e-13
48887,[H][C@](COC(=O)CCCCCCCCC\C=C/C\C=C/CCCCC)(COC(=O)CC\C=C/C\C=C/C\C=C/C\C=C/C\C=C/C\C=C/CC)OC(=O)CCCCCCCCCCCCC\C=C/CCCCCCCC,[H][C@](COC(=O)CCCCCC\C=C/C\C=C/C\C=C/CCCCC)(COC(=O)CC\C=C/C\C=C/C\C=C/C\C=C/C\C=C/C\C=C/CC)OC(=O)CCCCCCCCCCCCCCCCCCCCCCC,1041.680999999999,1041.6809999999987,2.2737367544323206e-13
48943,[H][C@@](O)(COP(O)(=O)OC[C@@]([H])(COC(=O)CCCCCCCCCCCCCC(C)C)OC(=O)CCCCCCCCCCCCCCCCC(C)CC)COP(O)(=O)OC[C@@]([H])(COC(=O)CCCCCCCCCCC)OC(=O)CCCCCCCCC(C)CC,[H][C@](O)(COP(O)(=O)OC[C@@]([H])(COC(=O)CCCCCCCCCCC)OC(=O)CCCCCCCCCCCCC(C)C)COP(O)(=O)OC[C@@]([H])(COC(=O)CCCCCCCCCCCCCCCC)OC(=O)CCCCCCCCCCCCCCCCC,1339.8429999999996,1339.8429999999998,2.2737367544323206e-13
49119,[H][C@](O)(COP(O)(=O)OC[C@@]([H])(COC(=O)CCCCCCCCCCC)OC(=O)CCCCCCCCCCC)COP(O)(=O)OC[C@@]([H])(COC(=O)CCCCCCCCCC(C)C)OC(=O)CCCCCCCCCCCCCCCCCCCCC(C)CC,[H][C@](O)(COP(O)(=O)OC[C@@]([H])(COC(=O)CCCCCCCCC(C)C)OC(=O)CCCCCCCCCCCCCCCCCCCCC(C)CC)COP(O)(=O)OC[C@@]([H])(COC(=O)CCCCCCCCC(C)C)OC(=O)CCCCCCCCC(C)CC,1325.816,1325.8159999999993,6.821210263296962e-13
49270,[H][C@](O)(COP(O)(=O)OC[C@@]([H])(COC(=O)CCCCCCCCC)OC(=O)CCCCCCCCCCCC)COP(O)(=O)OC[C@@]([H])(COC(=O)CCCCCCCCCCCC)OC(=O)CCCCCCCCC(C)CC,[H][C@](O)(COP(O)(=O)OC[C@@]([H])(COC(=O)CCCCCCCCCC)OC(=O)CCCCCCCCCC)COP(O)(=O)OC[C@@]([H])(COC(=O)CCCCCCCCCC)OC(=O)CCCCCCCCCCCCC(C)C,1143.4649999999995,1143.4649999999995,0.0
49642,[H][C@@](COC(=O)CCCCCCCCCCC)(COC(=O)CCCCCCCCCCCCCCCCC)OC(=O)CCCCCCCCCCC(C)C,[H][C@@](COC(=O)CCCCCC\C=C/C\C=C/C\C=C/CCCCC)(COP(O)(O)=O)OC(=O)CCCCCCCCC\C=C/C\C=C/CCCCC,751.2309999999999,751.0389999999995,0.19200000000034834
50113,[H][C@](O)(COP(O)(=O)OC[C@@]([H])(COC(=O)CCCCCCCCCCC)OC(=O)CCCCCCCCCCCCCCC(C)C)COP(O)(=O)OC[C@@]([H])(COC(=O)CCCCCCCCCCCCCCCCCC)OC(=O)CCCCCCCCCCCCCCCCCCCCCCCC,[H][C@@](O)(COP(O)(=O)OC[C@@]([H])(COC(=O)CCCCCCCCCCCCCCCCC)OC(=O)CCCCCCCCCCCCCCCCCCCCC(C)C)COP(O)(=O)OC[C@@]([H])(COC(=O)CCCCCCCCCCCCCCC)OC(=O)CCCCCCCCCCCCC(C)C,1494.1400000000003,1494.1399999999999,4.547473508864641e-13
50263,[H][C@@](O)(COP(O)(=O)OC[C@@]([H])(COC(=O)CCCCCCCCCCCCCC(C)C)OC(=O)CCCCCCCCCCCCCCCCCC(C)C)COP(O)(=O)OC[C@@]([H])(COC(=O)CCCCCCCCCCCCC(C)C)OC(=O)CCCCCCCCCCCCC(C)C,[H][C@](O)(COP(O)(=O)OC[C@@]([H])(COC(=O)CCCCCCCCCCC)OC(=O)CCCCCCCCCCCCCC(C)C)COP(O)(=O)OC[C@@]([H])(COC(=O)CCCCCCCCCCCCCC(C)C)OC(=O)CCCCCCCCCCCCCCCCCCCCCCC,1438.0319999999997,1438.032,2.2737367544323206e-13
50708,[H]C(O)(COP(O)(=O)OC[C@@]([H])(COC(=O)CCCCCCCCCC(C)C)OC(=O)CCCCCCCCCCCCCCCCCCC(C)C)COP(O)(=O)OC[C@@]([H])(COC(=O)CCCCCCCCCC(C)C)OC(=O)CCCCCCCCCCCCCCCC(C)C,[H][C@@](O)(COP(O)(=O)OC[C@@]([H])(COC(=O)CCCCCCCCCCCCCC(C)C)OC(=O)CCCCCCCCCCCCCC(C)C)COP(O)(=O)OC[C@@]([H])(COC(=O)CCCCCCCCCCCCC(C)C)OC(=O)CCCCCCCCCCCCCC(C)C,1395.9509999999996,1395.9509999999996,0.0
50727,[H][C@@](O)(COP(O)(=O)OC[C@@]([H])(COC(=O)CCCCCCCCCCCCC(C)C)OC(=O)CCCCCCCCCCCC(C)C)COP(O)(=O)OC[C@@]([H])(COC(=O)CCCCCCCCC(C)C)OC(=O)CCCCCCCCCCCCCCCCC(C)C,[H][C@@](O)(COP(O)(=O)OC[C@@]([H])(COC(=O)CCCCCCCCCCCCC(C)CC)OC(=O)CCCCCCCCCCCCC(C)C)COP(O)(=O)OC[C@@]([H])(COC(=O)CCCCCCCCC(C)CC)OC(=O)CCCCCCCCCCCCC(C)CC,1339.8429999999996,1339.8429999999994,2.2737367544323206e-13
51256,[H][C@@](O)(COP(O)(=O)OC[C@@]([H])(COC(=O)CCCCCCCCCCCCCCCCCC)OC(=O)CCCCCCCCCCCCCCCCCCCCCCC)COP(O)(=O)OC[C@@]([H])(COC(=O)CCCCCCCCCCC(C)CC)OC(=O)CCCCCCCCCCCCCCCCCC,[H][C@](O)(COP(O)(=O)OC[C@@]([H])(COC(=O)CCCCCCCCCC)OC(=O)CCCCCCCCCCCCCCCCCCCC)COP(O)(=O)OC[C@@]([H])(COC(=O)CCCCCCCCCCCCCCCCCC(C)C)OC(=O)CCCCCCCCCCCCCCCCCCCCCCC,1536.221,1536.221,0.0
51443,[H][C@](O)(COP(O)(=O)OC[C@@]([H])(COC(=O)CCCCCCCCCCCC)OC(=O)CCCCCCCCCCCCCCCCC(C)C)COP(O)(=O)OC[C@@]([H])(COC(=O)CCCCCCCCCCCCCCCCCCCC)OC(=O)CCCCCCCCCCCCCCCCCCCCCCCC,[H][C@@](O)(COP(O)(=O)OC[C@@]([H])(COC(=O)CCCCCCCCCCCCCCCCCCC(C)C)OC(=O)CCCCCCCCCCCCCCCCCCCCCCC)COP(O)(=O)OC[C@@]([H])(COC(=O)CCCCCCCCC(C)CC)OC(=O)CCCCCCCCCCCCCCCCCCC,1564.2750000000005,1564.275,4.547473508864641e-13
51891,[H][C@@](COC(=O)CCCCCCCCCCCCCC)(COC(=O)CCCCCCCCCCCCCCCCC)OC(=O)CCCCCCCCCCC(C)CC,[H][C@@](COC(=O)CCCCCCC)(COC(=O)CCCCCCCCCCCCCCCCCCCCC)OC(=O)CCCCCCCCCCCCCCC(C)C,807.3389999999996,807.3389999999997,1.1368683772161603e-13
52206,[H]C(O)(COP(O)(=O)OC[C@@]([H])(COC(=O)CCCCCCCCCCCCCCCCCCCCC(C)C)OC(=O)CCCCCCCCCCCCCCC(C)C)COP(O)(=O)OC[C@@]([H])(COC(=O)CCCCCCCCCC(C)C)OC(=O)CCCCCCCCCCCCCCCCC(C)C,[H][C@](O)(COP(O)(=O)OC[C@@]([H])(COC(=O)CCCCCCCCCCC)OC(=O)CCCCCCCCCCCCCCC(C)C)COP(O)(=O)OC[C@@]([H])(COC(=O)CCCCCCCCCCCCCCCCCCCC)OC(=O)CCCCCCCCCCCCCCCCCCCCCCC,1508.1670000000001,1508.1670000000004,2.2737367544323206e-13
52475,[H][C@](O)(COP(O)(=O)OC[C@@]([H])(COC(=O)CCCCCCCCC)OC(=O)CCCCCCCCCCCCCCCC)COP(O)(=O)OC[C@@]([H])(COC(=O)CCCCCCCCCCCCCCCCC(C)CC)OC(=O)CCCCCCCCCCCCCCCCCCCCC(C)CC,[H][C@@](O)(COP(O)(=O)OC[C@@]([H])(COC(=O)CCCCCCCCCCCCCCCC)OC(=O)CCCCCCCCCCCCCCCCCCCCC(C)CC)COP(O)(=O)OC[C@@]([H])(COC(=O)CCCCCCCCCCCCCC)OC(=O)CCCCCCCCCCCCC(C)C,1480.1129999999996,1480.1129999999998,2.2737367544323206e-13
52654,[H][C@](O)(COP(O)(=O)OC[C@@]([H])(COC(=O)CCCCCCCCC)OC(=O)CCCCCCCCCCCCC(C)C)COP(O)(=O)OC[C@@]([H])(COC(=O)CCCCCCCCCCCCCCCCCCCCCC)OC(=O)CCCCCCCCCCCCCCCCCCCCC(C)C,[H][C@](O)(COP(O)(=O)OC[C@@]([H])(COC(=O)CCCCCCCCCCC)OC(=O)CCCCCCCCCCCC(C)C)COP(O)(=O)OC[C@@]([H])(COC(=O)CCCCCCCCCCCCCCCCCCC(C)C)OC(=O)CCCCCCCCCCCCCCCCCCCCCCC,1480.113,1480.113,0.0
52744,[H][C@@](O)(COP(O)(=O)OC[C@@]([H])(COC(=O)CCCCCCCCCCCCCCCCCC(C)C)OC(=O)CCCCCCCCCCCCCCCCCC(C)C)COP(O)(=O)OC[C@@]([H])(COC(=O)CCCCCCCCCCC(C)CC)OC(=O)CCCCCCCCCCC(C)CC,[H][C@@](O)(COP(O)(=O)OC[C@@]([H])(COC(=O)CCCCCCCCCCCCCCCCC(C)C)OC(=O)CCCCCCCCCCCCCCCCCCCCCCC)COP(O)(=O)OC[C@@]([H])(COC(=O)CCCCCCCCCCCC)OC(=O)CCCCCCCCCCCC(C)C,1466.0859999999998,1466.0859999999996,2.2737367544323206e-13
53002,[H][C@](COC(=O)CCCCCCCCCCCCCCCCCC)(COC(=O)CCCCCCCCCCCCCCCCCCCCC(C)CC)OC(=O)CCCCCCCCCCCCCCC,[H][C@@](COC(=O)CCCCCCCCCCCCCCCCCCCCC)(COC(=O)CCCCCCCCCCCCCCC(C)C)OC(=O)CCCCCCCCCCCCCCCCC(C)C,975.6629999999988,975.6629999999989,1.1368683772161603e-13
53366,[H][C@](O)(COP(O)(=O)OC[C@@]([H])(COC(=O)CCCCCCCCCC(C)C)OC(=O)CCCCCCCCCCCCC(C)C)COP(O)(=O)OC[C@@]([H])(COC(=O)CCCCCCC\C=C/C=C\CCCCCC)OC(=O)CCCCCCCCCCCCCCCCCC,[H]C(O)(COP(O)(=O)OC[C@@]([H])(COC(=O)CCCCCCCCC(C)C)OC(=O)CCCCCCCCCCCCCCCCCCCCC(C)C)COP(O)(=O)OC[C@@]([H])(COC(=O)CCCCCCC\C=C/C=C\CCCCCC)OC(=O)CCCCCCCCC(C)C,1377.892,1377.8919999999996,4.547473508864641e-13
53505,[H][C@@](O)(COP(O)(=O)OC[C@@]([H])(COC(=O)CCCCCCCCCCCCCCCCC)OC(=O)CCCCCCCCCCCCCCCCCCCCC(C)CC)COP(O)(=O)OC[C@@]([H])(COC(=O)CCCCCCCCCCCCCC)OC(=O)CCCCCCCCCCCCC(C)CC,[H][C@@](O)(COP(O)(=O)OC[C@@]([H])(COC(=O)CCCCCCCCCCCCCCCCCC)OC(=O)CCCCCCCCCCCCCCCCCCCCCCCC)COP(O)(=O)OC[C@@]([H])(COC(=O)CCCCCCCCCCC(C)CC)OC(=O)CCCCCCCCCCCCCCC,1508.167,1508.1669999999997,2.2737367544323206e-13
53572,[H][C@](O)(COP(O)(=O)OC[C@@]([H])(COC(=O)CCCCCCCCCCCCCCC)OC(=O)CCCCCCCCCCCCCCC)COP(O)(=O)OC[C@@]([H])(COC(=O)CCCCCCCCCCCCCCCCCCC(C)C)OC(=O)CCCCCCCCCCCCCCCCCCCCCCCC,[H][C@@](O)(COP(O)(=O)OC[C@@]([H])(COC(=O)CCCCCCCCCCCCCCCCCCCCC(C)C)OC(=O)CCCCCCCCCCCCCCCCCCCCC(C)C)COP(O)(=O)OC[C@@]([H])(COC(=O)CCCCCCCCC(C)C)OC(=O)CCCCCCCCCCCCCCCCCC,1564.275,1564.275,0.0
54206,[O-][N+](=O)\N=C1/NCCN1CC1=CC=C(Cl)N=C1,OC1=CC(O)=C2C(=O)C3=CC=CC=C3C(=O)C2=C1O,255.665,256.21299999999997,0.5479999999999734
54705,[H][C@](O)(COP(O)(=O)OC[C@@]([H])(COC(=O)CCCCCCCCCC)OC(=O)CCCCCCCCCCCCCCC)COP(O)(=O)OC[C@@]([H])(COC(=O)CCCCCCCCCCCCCCCCCCCC)OC(=O)CCCCCCCCCCCCCCCCCCCCCCC,[H][C@@](O)(COP(O)(=O)OC[C@@]([H])(COC(=O)CCCCCCCCCCCCCC(C)C)OC(=O)CCCCCCCCCCCCCCCCCCCCC(C)C)COP(O)(=O)OC[C@@]([H])(COC(=O)CCCCCCCCCCCCCC)OC(=O)CCCCCCCCCCCCC(C)C,1466.086,1466.086,0.0
54936,[H]C(O)(COP(O)(=O)OC[C@@]([H])(COC(=O)CCCCCCCCCCCCCCCCCCCCC(C)CC)OC(=O)CCCCCCCCCCCC(C)C)COP(O)(=O)OC[C@@]([H])(COC(=O)CCCCCCCCCC(C)C)OC(=O)CCCCCCCCCC(C)C,[H][C@@](O)(COP(O)(=O)OC[C@@]([H])(COC(=O)CCCCCCCCCCC(C)CC)OC(=O)CCCCCCCCCCCCCCCCCCCCCC)COP(O)(=O)OC[C@@]([H])(COC(=O)CCCCCCCCCC(C)C)OC(=O)CCCCCCCCCCCCCC,1381.924,1381.9239999999995,4.547473508864641e-13
55329,CC1C2C(CC3C4CCC5CC(CCC5(C)C4CCC23C)OC2OC(CO)C(OC3OC(CO)C(O)C(OC4OCC(O)C(O)C4O)C3O)C(O)C2O)OC11CCC(C)CO1,CCCCC[C@@H](O)\C=C\[C@H]1[C@H](O)C[C@H](O)[C@H]1C\C=C/CC(=O)OC[C@H](COP(O)(=O)OC[C@@H](O)COP(O)(O)=O)OC(=O)CCCCCCCCCCCCC(C)C,873.0430000000005,872.9639999999996,0.07900000000086038
55571,[H][C@](O)(COP(O)(=O)OC[C@@]([H])(COC(=O)CCCCCCCCC)OC(=O)CCCCCCCCCCCCCC(C)C)COP(O)(=O)OC[C@@]([H])(COC(=O)CCCCCCCCCCCCCCCCCC)OC(=O)CCCCCCCCCCCCCCCCCCCCC,[H][C@](O)(COP(O)(=O)OC[C@@]([H])(COC(=O)CCCCCCCCCCC)OC(=O)CCCCCCCCCCCC(C)C)COP(O)(=O)OC[C@@]([H])(COC(=O)CCCCCCCCCCCCCCC)OC(=O)CCCCCCCCCCCCCCCCCCCCCCCC,1409.978,1409.978,0.0
55585,[H][C@@](O)(COP(O)(=O)OC[C@@]([H])(COC(=O)CCCCCCCCC(C)CC)OC(=O)CCCCCCCCCCCCCCCCCCC(C)C)COP(O)(=O)OC[C@@]([H])(COC(=O)CCCCCCCCC(C)CC)OC(=O)CCCCCCCCCCCCCCCCC(C)CC,[H][C@@](O)(COP(O)(=O)OC[C@@]([H])(COC(=O)CCCCCCCCCCCCCCCCC(C)C)OC(=O)CCCCCCCCCCCCCCCCCCCCC(C)C)COP(O)(=O)OC[C@@]([H])(COC(=O)CCCCCCCCC(C)C)OC(=O)CCCCCCCCCCCC,1424.0049999999997,1424.0049999999994,2.2737367544323206e-13
55724,[H][C@@](O)(COP(O)(=O)OC[C@@]([H])(COC(=O)CCCCCCCCCCCCCCCCCCC(C)C)OC(=O)CCCCCCCCCCCCCCCCCCCCC(C)C)COP(O)(=O)OC[C@@]([H])(COC(=O)CCCCCCCCCC)OC(=O)CCCCCCCCC(C)CC,[H][C@@](O)(COP(O)(=O)OC[C@@]([H])(COC(=O)CCCCCCCCCCCCCCCCCCC)OC(=O)CCCCCCCCCCCCCCCCCCC)COP(O)(=O)OC[C@@]([H])(COC(=O)CCCCCCCCC(C)CC)OC(=O)CCCCCCCCCCCCCCCC,1438.0319999999997,1438.032,2.2737367544323206e-13
56239,[H][C@@](O)(COP(O)(=O)OC[C@@]([H])(COC(=O)CCCCCCCCCCCCCCCCCCC(C)C)OC(=O)CCCCCCCCCCCCCCCCC(C)C)COP(O)(=O)OC[C@@]([H])(COC(=O)CCCCCCCCC(C)CC)OC(=O)CCCCCCCCC(C)CC,[H][C@](O)(COP(O)(=O)OC[C@@]([H])(COC(=O)CCCCCCCCCC)OC(=O)CCCCCCCCCCCCC(C)C)COP(O)(=O)OC[C@@]([H])(COC(=O)CCCCCCCCCCCCCCCCCC)OC(=O)CCCCCCCCCCCCCCCCCCCCC,1409.9779999999996,1409.978,4.547473508864641e-13
56692,[H][C@@](O)(COP(O)(=O)OC[C@@]([H])(COC(=O)CCCCCCCCCCCCCCCCCCCCC)OC(=O)CCCCCCCCCCCCCCCCCCCCC(C)CC)COP(O)(=O)OC[C@@]([H])(COC(=O)CCCCCCCCCCC(C)C)OC(=O)CCCCCCCCCCCCCC(C)C,[H][C@@](O)(COP(O)(=O)OC[C@@]([H])(COC(=O)CCCCCCCCCCCCCCCCCCCCCCC)OC(=O)CCCCCCCCCCCCCCCCCCCCC(C)CC)COP(O)(=O)OC[C@@]([H])(COC(=O)CCCCCCCCC(C)C)OC(=O)CCCCCCCCCCCCC(C)CC,1550.2479999999998,1550.2479999999996,2.2737367544323206e-13
56749,[H][C@@](O)(COP(O)(=O)OC[C@@]([H])(COC(=O)CCCCCCCCCCCCCCCCCCCC)OC(=O)CCCCCCCCCCCCCCCCCCCCCC)COP(O)(=O)OC[C@@]([H])(COC(=O)CCCCCCCCC(C)C)OC(=O)CCCCCCCCCCCCCCC,[H][C@](O)(COP(O)(=O)OC[C@@]([H])(COC(=O)CCCCCCCCCCCCC)OC(=O)CCCCCCCCCCCCCCCC)COP(O)(=O)OC[C@@]([H])(COC(=O)CCCCCCCCCCCCCCCCC(C)C)OC(=O)CCCCCCCCCCCCCCCCC(C)CC,1466.0859999999996,1466.0859999999996,0.0
56766,[H][C@@]12C[C@@H]([C@@H](O)C[C@@]1(C)CCCC2=C)C(C)(C)C,CCC1(C(=O)NC(=O)NC1=O)C1=CCCCC1,236.39899999999994,236.27099999999993,0.12800000000001432
56893,[H][C@](O)(COP(O)(=O)OC[C@@]([H])(COC(=O)CCCCCCCCC(C)CC)OC(=O)CCCCCCCCCCCCCCCCC(C)C)COP(O)(=O)OC[C@@]([H])(COC(=O)CCCCCCCCCCCCCCC(C)C)OC(=O)CCCCCCCCC(C)CC,[H][C@](O)(COP(O)(=O)OC[C@@]([H])(COC(=O)CCCCCCC)OC(=O)CCCCCCCCCCCCC)COP(O)(=O)OC[C@@]([H])(COC(=O)CCCCCCCCCCCCCCCCC(C)CC)OC(=O)CCCCCCCCCCCCCCCCC(C)CC,1353.8699999999994,1353.8699999999997,2.2737367544323206e-13
56992,[H][C@](COC(=O)CCCCCCCCCCCC)(COC(=O)CCCCCCCCCCCCCCCCC(C)C)OC(=O)CCCCCCCCCCCCCCC,[H][C@@](COC(=O)CCCCCCCC(=O)\C=C\C=C/CCCCC)(COP([O-])(=O)OCC[N+](C)(C)C)OC(=O)CCC\C=C/C\C=C/C\C=C/CCCCCCCC,821.3659999999995,822.1179999999996,0.7520000000000664
57062,CC(NC(=O)OC(C)(C)C)C(=O)C(N)=O,CC(CCC(=O)C(C)=C)C1=CC=C(C)C=C1,216.23699999999994,216.324,0.08700000000007435
57153,[H][C@@](O)(COP(O)(=O)OC[C@@]([H])(COC(=O)CCCCCCCCCCCCCCCCCCCC)OC(=O)CCCCCCCCCCCCCCCCCCCC)COP(O)(=O)OC[C@@]([H])(COC(=O)CCCCCCCCCCCC)OC(=O)CCCCCCCCCC(C)C,[H][C@@](O)(COP(O)(=O)OC[C@@]([H])(COC(=O)CCCCCCCCCCCCCCCCCC(C)C)OC(=O)CCCCCCCCCCCCCCCCC(C)CC)COP(O)(=O)OC[C@@]([H])(COC(=O)CCCCCCCCC(C)CC)OC(=O)CCCCCCCCCC(C)C,1409.9779999999996,1409.9779999999996,0.0
57158,[H][C@@](COC(=O)CCCCCCCCCC(C)C)(COP(O)(=O)OP(O)(=O)OC[C@H]1O[C@H]([C@H](O)[C@@H]1O)N1C=CC(N)=NC1=O)OC(=O)CCC[C@@H](O)\C=C\C=C/C\C=C/C\C=C/CCCCC,[H][C@](COC(=O)CCCCC\C=C/C\C=C/C\C=C/C\C=C/CCCCC)(COC(=O)CC\C=C/C\C=C/C\C=C/C\C=C/C\C=C/C\C=C/CC)OC(=O)CCCC\C=C/C\C=C/C\C=C/C\C=C/CC,976.0479999999994,975.4929999999997,0.5549999999997226
57200,[H][C@@](O)(COP(O)(=O)OC[C@@]([H])(COC(=O)CCCCCCCCCCCCCCCCC)OC(=O)CCCCCCCCCCCCCCCC(C)C)COP(O)(=O)OC[C@@]([H])(COC(=O)CCCCCCCCCCC(C)CC)OC(=O)CCCCCCCCCCCCCCC,[H][C@@](O)(COP(O)(=O)OC[C@@]([H])(COC(=O)CCCCCCCCCCCCCCCCCC)OC(=O)CCCCCCCCCCCCCCCC(C)C)COP(O)(=O)OC[C@@]([H])(COC(=O)CCCCCCCCC(C)CC)OC(=O)CCCCCCCCCCCCC(C)CC,1409.9779999999998,1409.9779999999996,2.2737367544323206e-13
57311,[H][C@](O)(CO)COP(O)(=O)OC[C@@]([H])(COC(=O)CCC[C@@H](O)\C=C\C=C/C\C=C/C=C/[C@@H](O)CCCCC)OC(=O)CCCCCCC\C=C/C=C\CCCCCC,[H][C@](COC(=O)CCCCCCC\C=C/CCCC)(COC(=O)CCCCCCC\C=C/CCCCCCCC)OC(=O)CCCCCCC\C=C/C\C=C/CCCCC,827.0459999999994,827.3289999999996,0.28300000000024284
57313,[H][C@@](O)(COP(O)(=O)OC[C@@]([H])(COC(=O)CCCCCCCCCCCCCCCCC(C)C)OC(=O)CCCCCCCCCCCCCCCCCCCCC(C)C)COP(O)(=O)OC[C@@]([H])(COC(=O)CCCCCCCCCCCCCC)OC(=O)CCCCCCCCCCC(C)CC,[H]C(O)(COP(O)(=O)OC[C@@]([H])(COC(=O)CCCCCCCCCCCCCCCCCC(C)C)OC(=O)CCCCCCCCCCCCCCCC(C)C)COP(O)(=O)OC[C@@]([H])(COC(=O)CCCCCCCCCC(C)C)OC(=O)CCCCCCCCCCCCCCCCC(C)CC,1494.1399999999996,1494.14,4.547473508864641e-13
57775,[H][C@@](COC(=O)CCCCCCCCCCCC(C)C)(COC(=O)CCCCCCCCCCC(C)C)OC(=O)CCCCCCCCCCCCCCCCCCCC,[H][C@](COC(=O)CCCCCCCCCCCCCCCC)(COC(=O)CCCCCCCCCCCCCCCCCCC)OC(=O)CCCCCCCCC(C)CC,835.3929999999991,835.3929999999995,3.410605131648481e-13
57869,[H][C@@](COC(=O)CCCC\C=C/C\C=C/C\C=C/C\C=C/CC)(COP(O)(O)=O)OC(=O)CCC\C=C/C\C=C/C\C=C/C\C=C/CC[C@H](O)CC,[H][C@](CO)(COC(=O)CCCCCCCCCCCCC\C=C/CCCCCCCC)OC(=O)CCCCCCCCC\C=C/CCCCCCCC,732.936,733.2159999999997,0.27999999999963165
58061,[H][C@](O)(COP(O)(=O)OC[C@@]([H])(COC(=O)CCCCCCCCCC)OC(=O)CCCCCCCCCCCCC(C)CC)COP(O)(=O)OC[C@@]([H])(COC(=O)CCCCCCCCCCCCCCC(C)C)OC(=O)CCCCCCCCCCCCCCCCCC,[H][C@@](O)(COP(O)(=O)OC[C@@]([H])(COC(=O)CCCCCCCCCCCCCC(C)C)OC(=O)CCCCCCCCCCCCCCC(C)C)COP(O)(=O)OC[C@@]([H])(COC(=O)CCCCCCCCCCCCC)OC(=O)CCCCCCCCCCCCC(C)C,1367.8969999999997,1367.8969999999997,0.0
58523,[H][C@](O)(COP(O)(=O)OC[C@@]([H])(COC(=O)CCCCCCCCC(C)C)OC(=O)CCCCCCCCCC(C)C)COP(O)(=O)OC[C@@]([H])(COC(=O)CCCCCCCCC(C)CC)OC(=O)CCCCCCCCC(C)C,[H][C@](O)(COP(O)(=O)OC[C@@]([H])(COC(=O)CCCCCCCCC(C)C)OC(=O)CCCCCCCCCCC(C)C)COP(O)(=O)OC[C@@]([H])(COC(=O)CCCCCCCCC(C)C)OC(=O)CCCCCCCCC(C)C,1157.4919999999997,1157.4919999999997,0.0
58584,[H][C@@](O)(COP(O)(=O)OC[C@@]([H])(COC(=O)CCCCCCCCCCCCCCCCC)OC(=O)CCCCCCCCCCCCCCCCCC)COP(O)(=O)OC[C@@]([H])(COC(=O)CCCCCCCCCCCC)OC(=O)CCCCCCCCCCC(C)C,[H][C@](O)(COP(O)(=O)OC[C@@]([H])(COC(=O)CCCCCCCCC)OC(=O)CCCCCCCCCCCCC(C)CC)COP(O)(=O)OC[C@@]([H])(COC(=O)CCCCCCCCCCCCCCC(C)C)OC(=O)CCCCCCCCCCCCCCCCCC,1353.8699999999994,1353.8699999999997,2.2737367544323206e-13
58813,[H][C@@](COC(=O)CCCCCCCCCCC\C=C/C\C=C/CCCCC)(COP(O)(=O)OCCN)OC(=O)CCCCCCCC(=O)\C=C\C=C/CCCCC,[H][C@@](COC(=O)CCCCCCCCCCCCCC)(COP(O)(=O)OC[C@H](N)C(O)=O)OC(=O)CCC(O)\C=C/C=C\C\C=C/C\C=C/C\C=C/C\C=C/CC,810.1069999999995,810.0189999999999,0.08799999999962438
59520,[H][C@](COC(=O)CCCCCCCCCCCCCCCCCC(C)C)(COC(=O)CCCCCCCCCCC(C)CC)OC(=O)CCCCCCCCCCCCCCCCCCC,[H][C@@](COC(=O)CCC[C@H](O)[C@@H](O)C\C=C/C\C=C/C\C=C/C\C=C/CC)(COP(O)(=O)O[C@H]1[C@H](O)[C@@H](O)[C@H](O)[C@@H](O)[C@H]1O)OC(=O)CCCCCCCCCCCCCCCCC,919.5549999999989,919.1399999999994,0.4149999999995089
59657,[H][C@@](O)(COP(O)(=O)OC[C@@]([H])(COC(=O)CCCCCCCCCCCCC(C)C)OC(=O)CCCCCCCCCCCCCCCCCCCCCCC)COP(O)(=O)OC[C@@]([H])(COC(=O)CCCCCCCCC(C)CC)OC(=O)CCCCCCCCC(C)CC,[H][C@](O)(COP(O)(=O)OC[C@@]([H])(COC(=O)CCCCCCC)OC(=O)CCCCCCCCCCCC(C)C)COP(O)(=O)OC[C@@]([H])(COC(=O)CCCCCCCCCCCCCCCCCCC)OC(=O)CCCCCCCCCCCCCCCCCCCCCC,1381.9239999999993,1381.924,6.821210263296962e-13
59841,[H][C@@](O)(COP(O)(=O)OC[C@@]([H])(COC(=O)CCCCCCCCCC(C)C)OC(=O)CCCCCCCCCCCCCCCCC(C)C)COP(O)(=O)OC[C@@]([H])(COC(=O)CCCCCCCCC(C)C)OC(=O)CCCCCCCCCCCCC(C)CC,[H][C@@](O)(COP(O)(=O)OC[C@@]([H])(COC(=O)CCCCCCCCCCCCCCCC)OC(=O)CCCCCCCCCCCCCCCC(C)C)COP(O)(=O)OC[C@@]([H])(COC(=O)CCCCCCCCC(C)C)OC(=O)CCCCCCCCCCCCC,1325.8159999999993,1325.8159999999996,2.2737367544323206e-13
60002,[H][C@@](COC(=O)CCCCCCCCCCCC)(COC(=O)CCCCCCCCCCCCCCCCCCCCC)OC(=O)CCCCCCCCCCCCC,CCCCCCCCCCCCCCCC\C=C/OC[C@]([H])(COP([O-])(=O)OCC[N+](C)(C)C)OC(=O)CCCCC\C=C/C\C=C/C\C=C/C\C=C/CCCCC,821.3659999999994,822.2059999999994,0.8400000000000318
60335,[H][C@@](O)(COP(O)(=O)OC[C@@]([H])(COC(=O)CCCCCCCCCCCCCCCC)OC(=O)CCCCCCCCCCCCCCCCCCCCC)COP(O)(=O)OC[C@@]([H])(COC(=O)CCCCCCCCCCC(C)C)OC(=O)CCCCCCCCCCCCCCCC,[H][C@@](O)(COP(O)(=O)OC[C@@]([H])(COC(=O)CCCCCCCCCCCCCCCCC)OC(=O)CCCCCCCCCCCCCCCCCCCCCCC)COP(O)(=O)OC[C@@]([H])(COC(=O)CCCCCCCCCC(C)C)OC(=O)CCCCCCCCCCC(C)CC,1438.0319999999997,1438.0319999999992,4.547473508864641e-13
60587,[H][C@@](O)(COP(O)(=O)OC[C@@]([H])(COC(=O)CCCCCCCCCCCCCCCC(C)C)OC(=O)CCCCCCCCCCCCCCCCCCCCC(C)C)COP(O)(=O)OC[C@@]([H])(COC(=O)CCCCCCCCC(C)CC)OC(=O)CCCCCCCCCCCCCCCCC(C)CC,[H][C@@](O)(COP(O)(=O)OC[C@@]([H])(COC(=O)CCCCCCCCCCCCCCCCCCC(C)C)OC(=O)CCCCCCCCCCCCCCCCCCCCCC)COP(O)(=O)OC[C@@]([H])(COC(=O)CCCCCCCCC(C)CC)OC(=O)CCCCCCCCCCCCCCCC(C)C,1536.2209999999998,1536.2209999999998,0.0
60713,[H][C@](O)(COP(O)(=O)OC[C@@]([H])(COC(=O)CCCCCCCCCCC)OC(=O)CCCCCCCCCCCCC)COP(O)(=O)OC[C@@]([H])(COC(=O)CCCCCCCCCCCCCCCC)OC(=O)CCCCCCCCCCCCCCCCC,[H][C@@](O)(COP(O)(=O)OC[C@@]([H])(COC(=O)CCCCCCCCCCCCCCCC)OC(=O)CCCCCCCCCCCCC(C)CC)COP(O)(=O)OC[C@@]([H])(COC(=O)CCCCCCCCCCC)OC(=O)CCCCCCCCCCC(C)CC,1311.7889999999995,1311.7889999999995,0.0
60764,[H][C@](O)(COP(O)(=O)OC[C@@]([H])(COC(=O)CCCCCCCCCCCC)OC(=O)CCCCCCCCCCCCCC(C)C)COP(O)(=O)OC[C@@]([H])(COC(=O)CCCCCCCCCCCCCCCCCCCCC)OC(=O)CCCCCCCCCCCCCCCCCCCCC,[H][C@](O)(COP(O)(=O)OC[C@@]([H])(COC(=O)CCCCCCCCCC)OC(=O)CCCCCCCCCCCCCCC)COP(O)(=O)OC[C@@]([H])(COC(=O)CCCCCCCCCCCCCCCCCCC(C)C)OC(=O)CCCCCCCCCCCCCCCCCCCCCCCC,1494.1400000000003,1494.1399999999999,4.547473508864641e-13
61065,[H][C@@](COC(=O)CCCCCCCCCCCCCCC)(COC(=O)CCCCCCCCCCCC(C)C)OC(=O)CCCCCCCCCCCCCCC,[H][C@@](COC(=O)CCCCCCCCCCCC)(COC(=O)CCCCCCCCCC(C)C)OC(=O)CCCCCCCCCCCCCCCCCCCC,793.3119999999996,793.3119999999991,4.547473508864641e-13
61311,[H][C@@](O)(COP(O)(=O)OC[C@@]([H])(COC(=O)CCCCCCCCCCCCCCC(C)C)OC(=O)CCCCCCCCCCCCC(C)CC)COP(O)(=O)OC[C@@]([H])(COC(=O)CCCCCCCCC(C)C)OC(=O)CCCCCCCCCCCCC(C)CC,[H][C@](O)(COP(O)(=O)OC[C@@]([H])(COC(=O)CCCCCCC)OC(=O)CCCCCCCCCCCCCCC)COP(O)(=O)OC[C@@]([H])(COC(=O)CCCCCCCCCCCCCCCCCC)OC(=O)CCCCCCCCCCCCCCCCC(C)CC,1353.8699999999994,1353.8699999999994,0.0
61357,[H]C(O)(COP(O)(=O)OC[C@@]([H])(COC(=O)CCCCCCCCCCCCC(C)C)OC(=O)CCCCCCCCCCCCCCC(C)C)COP(O)(=O)OC[C@@]([H])(COC(=O)CCCCCCCCCCC(C)C)OC(=O)CCCCCCCCC(C)CC,[H][C@@](O)(COP(O)(=O)OC[C@@]([H])(COC(=O)CCCCCCCCCCCCCCC)OC(=O)CCCCCCCCCCCCCCCCCCCCCC)COP(O)(=O)OC[C@@]([H])(COC(=O)CCCCCCCCC)OC(=O)CCCCCCCCC(C)C,1311.7889999999993,1311.7889999999993,0.0
61417,[H][C@](COC(=O)CCCCCCCCCCCCC)(COC(=O)CCCCCCCCCCC(C)CC)OC(=O)CCCCCCCCCCCCCCCCCCCC,[H][C@@](COC(=O)CCCCCCCCCCCC)(COC(=O)CCCCCCCCCCCCCCCC(C)C)OC(=O)CCCCCCCCCCCCCCCCC,835.3929999999991,835.3929999999995,3.410605131648481e-13
61530,[H][C@](COC(=O)CCCCCCCCCCCCCCCC(C)C)(COC(=O)CCCCCCCCCCCCC(C)CC)OC(=O)CCCCCCCCCCCC,[H][C@](COC(=O)CCCCCCCCCCCCCCCCC(C)C)(COC(=O)CCCCCCCCCCCCC(C)CC)OC(=O)CCCCCCCCC(C)C,821.3659999999994,821.3659999999995,1.1368683772161603e-13
61721,[H][C@](O)(COP(O)(=O)OC[C@@]([H])(COC(=O)CCCCCCCCCCCCC)OC(=O)CCCCCCCCCCCCCCC)COP(O)(=O)OC[C@@]([H])(COC(=O)CCCCCCCCCCCCCCC)OC(=O)CCCCCCCCCCCCCCCCC(C)C,[H]C(O)(COP(O)(=O)OC[C@@]([H])(COC(=O)CCCCCCCCCC(C)C)OC(=O)CCCCCCCCCCCCCC(C)C)COP(O)(=O)OC[C@@]([H])(COC(=O)CCCCCCCCC(C)C)OC(=O)CCCCCCCCCCCCCCCCCCCCC(C)C,1381.9239999999995,1381.924,4.547473508864641e-13
61843,[N+]C(CSC(CC1=CC=CC=C1)=NO)C(=O)NCC([O-])=O,CCCCCCCCCCCCCCCC=CC=CC(O)=O,308.3390000000001,308.506,0.16699999999985948
61977,[H][C@](O)(COP(O)(=O)OC[C@@]([H])(COC(=O)CCCCCCCCCCC)OC(=O)CCCCCCCCCCCC)COP(O)(=O)OC[C@@]([H])(COC(=O)CCCCCCCCCC(C)C)OC(=O)CCCCCCCCCCCCCCCCCC,[H][C@@](O)(COP(O)(=O)OC[C@@]([H])(COC(=O)CCCCCCCCCCC(C)C)OC(=O)CCCCCCCCCCCCCCC)COP(O)(=O)OC[C@@]([H])(COC(=O)CCCCCCCCCCCC)OC(=O)CCCCCCCCCCC(C)C,1255.681,1255.6809999999991,9.094947017729282e-13
62363,[H][C@](O)(COP(O)(=O)OC[C@@]([H])(COC(=O)CCCCCCC)OC(=O)CCCCCCCCCCCCCCC(C)C)COP(O)(=O)OC[C@@]([H])(COC(=O)CCCCCCCCCCCCCCCCCCC)OC(=O)CCCCCCCCCCCCCCCCCC(C)C,[H][C@](O)(COP(O)(=O)OC[C@@]([H])(COC(=O)CCCCCCCCC)OC(=O)CCCCCCCCCCC(C)CC)COP(O)(=O)OC[C@@]([H])(COC(=O)CCCCCCCCCCCCC(C)CC)OC(=O)CCCCCCCCCCCCCCCCCCCCCCCC,1395.9509999999998,1395.9510000000002,4.547473508864641e-13
62399,[H]C(O)(COP(O)(=O)OC[C@@]([H])(COC(=O)CCCCCCCCCCCCCCCCCC(C)C)OC(=O)CCCCCCCCCCCCCC(C)C)COP(O)(=O)OC[C@@]([H])(COC(=O)CCCCCCCCCCC(C)C)OC(=O)CCCCCCCCC(C)CC,[H][C@](O)(COP(O)(=O)OC[C@@]([H])(COC(=O)CCCCCCCCC)OC(=O)CCCCCCCCCCC(C)C)COP(O)(=O)OC[C@@]([H])(COC(=O)CCCCCCCCCCCCCCCCC)OC(=O)CCCCCCCCCCCCCCCCCCCCCC,1367.8969999999997,1367.897,2.2737367544323206e-13
62994,[H][C@](COC(=O)CCCCCCC\C=C/CCCCCC)(COC(=O)CCCCCCC\C=C/CCCCCCCC)OC(=O)CCCCC\C=C/C\C=C/C\C=C/C\C=C/C\C=C/CC,[H][C@](O)(COP(O)(O)=O)COP(O)(=O)OC[C@@]([H])(COC(=O)CCCC\C=C/C\C=C/C\C=C/CCCCC)OC(=O)CCC[C@@H](O)\C=C/C=C/C=C/[C@@H](O)C\C=C/CCCCC,905.4429999999996,905.0089999999998,0.4339999999998554
63053,[H][C@@](O)(COP(O)(=O)OC[C@@]([H])(COC(=O)CCCCCCCCCCCCCCCCC(C)CC)OC(=O)CCCCCCCCCCCCCCCCCCCCCC)COP(O)(=O)OC[C@@]([H])(COC(=O)CCCCCCCCCCC(C)CC)OC(=O)CCCCCCCCCCC(C)CC,[H][C@@](O)(COP(O)(=O)OC[C@@]([H])(COC(=O)CCCCCCCCCCCCCCCCCCC)OC(=O)CCCCCCCCCCCCCCCCCCCCC(C)CC)COP(O)(=O)OC[C@@]([H])(COC(=O)CCCCCCCCC(C)C)OC(=O)CCCCCCCCCCCCC(C)CC,1494.1399999999994,1494.1399999999996,2.2737367544323206e-13
63070,[H][C@@](O)(COP(O)(=O)OC[C@@]([H])(COC(=O)CCCCCCCCCCCCCCCCC)OC(=O)CCCCCCCCCCCCCCC(C)C)COP(O)(=O)OC[C@@]([H])(COC(=O)CCCCCCCCCCC(C)CC)OC(=O)CCCCCCCCCCCCC(C)C,[H][C@](O)(COP(O)(=O)OC[C@@]([H])(COC(=O)CCCCCCCCCC)OC(=O)CCCCCCCCCCCCC(C)C)COP(O)(=O)OC[C@@]([H])(COC(=O)CCCCCCCCCCCCCCCC(C)C)OC(=O)CCCCCCCCCCCCCCCCC(C)CC,1395.9509999999996,1395.9509999999996,0.0
63116,[H]C(O)(COP(O)(=O)OC[C@@]([H])(COC(=O)CCCCCCCCCCCCCCCCCC(C)C)OC(=O)CCCCCCCCCCCCCCC(C)C)COP(O)(=O)OC[C@@]([H])(COC(=O)CCCCCCCCCC(C)C)OC(=O)CCCCCCCCCCCCCCC(C)C,[H][C@@](O)(COP(O)(=O)OC[C@@]([H])(COC(=O)CCCCCCCCCCCCCCCCCC(C)C)OC(=O)CCCCCCCCCCCCCCCCCCCCCCC)COP(O)(=O)OC[C@@]([H])(COC(=O)CCCCCCCCC(C)C)OC(=O)CCCCCCCCCCCC,1438.032,1438.0319999999995,4.547473508864641e-13
63126,[H][C@@](COC(=O)CCC\C=C/C\C=C/C\C=C/C=C/C(=O)CCCCC)(COP(O)(=O)O[C@H]1[C@H](O)[C@@H](O)[C@H](O)[C@@H](O)[C@H]1O)OC(=O)CCCCCCCCC\C=C/CCCCCCCC,[H][C@](COC(=O)CCCCCCC\C=C/CCCC)(COC(=O)CCCCC\C=C/C\C=C/C\C=C/C\C=C/C\C=C/CC)OC(=O)CCCCC\C=C/C\C=C/C\C=C/C\C=C/CCCCC,927.1629999999994,927.4489999999995,0.2860000000000582
63233,[H][C@](COC(=O)CCCCCCCCCCCCCC)(COC(=O)CCC\C=C/C\C=C/C\C=C/C\C=C/C\C=C/CC)OC(=O)CCCCCCC\C=C/CCCCCC,[H][C@](O)(CO)COP(O)(=O)OC[C@@]([H])(COC(=O)CCC\C=C/C\C=C/C=C/C(O)C\C=C/C\C=C/CC)OC(=O)CCCCCCCCC\C=C/C\C=C/CCCCC,837.3239999999994,837.0849999999992,0.23900000000014643
63399,[H][C@](O)(COP(O)(=O)OC[C@@]([H])(COC(=O)CCCCCCC)OC(=O)CCCCCCCCCCC)COP(O)(=O)OC[C@@]([H])(COC(=O)CCCCCCCCCCCCCCC)OC(=O)CCCCCCCCCCCCCCCCCCCCCCCC,[H][C@](O)(COP(O)(=O)OC[C@@]([H])(COC(=O)CCCCCCCCC(C)C)OC(=O)CCCCCCCCCCCCC(C)CC)COP(O)(=O)OC[C@@]([H])(COC(=O)CCCCCCCCC(C)CC)OC(=O)CCCCCCCCCCCCCCCC(C)C,1311.7890000000002,1311.7889999999998,4.547473508864641e-13
63557,[H][C@](COC(=O)CCCCCCCCCCCCC)(COC(=O)CC\C=C/C\C=C/C\C=C/C\C=C/C\C=C/C\C=C/CC)OC(=O)CCCCCCCCCCCCCCCCCCC,[H][C@@](COC(=O)CCC\C=C/C\C=C/C\C=C/C=C/CC(O)\C=C/CC)(COP([O-])(=O)OCC[N+](C)(C)C)OC(=O)CCCCCCCCCCCCCCCCCCCCCCC,907.4589999999989,908.2959999999988,0.8369999999998754
63676,[H][C@](O)(COP(O)(=O)OC[C@@]([H])(COC(=O)CCCCCCCCCC)OC(=O)CCCCCCCCCCCCCC(C)C)COP(O)(=O)OC[C@@]([H])(COC(=O)CCCCCCCCCCCCCCCC(C)C)OC(=O)CCCCCCCCCCCCCCCCCCCCC,[H][C@@](O)(COP(O)(=O)OC[C@@]([H])(COC(=O)CCCCCCCCCCCCCC(C)C)OC(=O)CCCCCCCCCCCCCCCCCCC(C)C)COP(O)(=O)OC[C@@]([H])(COC(=O)CCCCCCCCCCC(C)CC)OC(=O)CCCCCCCCCCC(C)CC,1424.0049999999999,1424.0049999999997,2.2737367544323206e-13
63994,[H][C@@](COC(=O)CCCCCCCCC)(COC(=O)CCCCCCCCCCCCCCCCCCCCC(C)CC)OC(=O)CCCCCCCCCCCCCCCCCCCCC(C)C,[H][C@@](COC(=O)CCCCCCCCCCCCCCCCCCC)(COC(=O)CCCCCCCCCCCCCCCCCCCCC(C)CC)OC(=O)CCCCCCCCCCC(C)C,961.6359999999991,961.635999999999,1.1368683772161603e-13
64113,CCCCCCCC\C=C/CCCCCCCCCCCC(=O)O[C@]([H])(COC(=O)CCCCCCC\C=C/C\C=C/CCCCC)COP([O-])(=O)OCC[N+](C)(C)C,[H][C@](N)(COP(O)(=O)OC[C@@]([H])(COC(=O)CCCCCCCCCCC\C=C/CCCCCCCC)OC(=O)CCCC\C=C/C\C=C/C\C=C/CCCCC)C(O)=O,840.221,840.133,0.08799999999996544
64586,[H][C@](COC(=O)CCCCCCCCCCCCCCCCCCCCC(C)C)(COC(=O)CCCCCCCCCCC(C)CC)OC(=O)CCCCCCCCCCC,[H][C@](COC(=O)CCCCCCCCCCCCCCCCCCC)(COC(=O)CCCCCCCCCCCCC(C)C)OC(=O)CCCCCCCCCCC(C)CC,849.4199999999993,849.4199999999995,2.2737367544323206e-13
64649,[H]C(O)(COP(O)(=O)OC[C@@]([H])(COC(=O)CCCCCCCCCCCCCCCC(C)C)OC(=O)CCCCCCCCCCCCC(C)CC)COP(O)(=O)OC[C@@]([H])(COC(=O)CCCCCCCCCC(C)C)OC(=O)CCCCCCCCCCCCCCC(C)C,[H][C@](O)(COP(O)(=O)OC[C@@]([H])(COC(=O)CCCCCCCCC)OC(=O)CCCCCCCCCCCCCCC)COP(O)(=O)OC[C@@]([H])(COC(=O)CCCCCCCCCCCCCCCCC(C)C)OC(=O)CCCCCCCCCCCCCCCCCC(C)C,1395.9509999999996,1395.9509999999993,2.2737367544323206e-13
64773,[H][C@](O)(COP(O)(=O)OC[C@@]([H])(COC(=O)CCCCCCCCCCCCCC)OC(=O)CCCCCCCCCCCCCC)COP(O)(=O)OC[C@@]([H])(COC(=O)CCCCCCCCCCCCCC)OC(=O)CCCCCCCCCCCCCCCCCCCC,[H][C@](O)(COP(O)(=O)OC[C@@]([H])(COC(=O)CCCCCCC)OC(=O)CCCCCCCCCCC(C)CC)COP(O)(=O)OC[C@@]([H])(COC(=O)CCCCCCCCCCCCCCCCCC(C)C)OC(=O)CCCCCCCCCCCCCCCCCCC(C)C,1381.9239999999998,1381.9239999999995,2.2737367544323206e-13
65001,[H][C@](O)(COP(O)(=O)OC[C@@]([H])(COC(=O)CCCCCCCCC)OC(=O)CCCCCCCCCCC(C)CC)COP(O)(=O)OC[C@@]([H])(COC(=O)CCCCCCCCCCCCCCCCCCCC)OC(=O)CCCCCCCCCCCCCCCCCCCCCCCC,[H][C@@](O)(COP(O)(=O)OC[C@@]([H])(COC(=O)CCCCCCCCCCCCCCCCC(C)CC)OC(=O)CCCCCCCCCCCCCCCCCCCCCCC)COP(O)(=O)OC[C@@]([H])(COC(=O)CCCCCCCCCC)OC(=O)CCCCCCCCCCC(C)CC,1452.0590000000002,1452.0589999999995,6.821210263296962e-13
65065,[H][C@@](COC(=O)CCCCCCCCCCCCCCCCC)(COC(=O)CCCCCCCCCCCC(C)C)OC(=O)CCCCCCCCCCCCCCCCC(C)C,CCCCC[C@H](O)\C=C\[C@@H]1[C@@H](C\C=C/CCCC(=O)O[C@H](COC(=O)CCCCCCCCCCC2=C(C)C(C)=C(CCC)O2)COP([O-])(=O)OCC[N+](C)(C)C)C=CC1=O,877.4739999999994,878.138,0.6640000000006694
65091,[H][C@@](O)(COP(O)(=O)OC[C@@]([H])(COC(=O)CCCCCCCCCCCCCCCC)OC(=O)CCCCCCCCCCCCCCCCCCCCCCCC)COP(O)(=O)OC[C@@]([H])(COC(=O)CCCCCCCCC(C)C)OC(=O)CCCCCCCCC(C)CC,[H][C@@](O)(COP(O)(=O)OC[C@@]([H])(COC(=O)CCCCCCCCCCCCCCCCC)OC(=O)CCCCCCCCCCCCCCCCC(C)CC)COP(O)(=O)OC[C@@]([H])(COC(=O)CCCCCCCCCC(C)C)OC(=O)CCCCCCCCCCCCCC,1395.950999999999,1395.9509999999998,6.821210263296962e-13
65124,[H][C@@](COC(=O)CCCCCCCCCCCC)(COC(=O)CCCCCCCCCCCCCCC(C)C)OC(=O)CCCCCCCCCCCCCCCCCC(C)C,[H][C@@](COC(=O)CCCCCCCCCCCCCCCCC(C)CC)(COC(=O)CCCCCCCCCCCCCC(C)C)OC(=O)CCCCCCCCCCC(C)C,863.4469999999993,863.4469999999993,0.0
65156,[H][C@@](COC(=O)CCCCCCCCCCCCCC)(COC(=O)CCCCCCCCCCCCCCCCCCC)OC(=O)CCCCCCCCCCCC(C)C,[H][C@](COC(=O)CCCCCCCCCCCCCCCC)(COC(=O)CCCCCCCCCCCCC(C)CC)OC(=O)CCCCCCCCCCCCCCC,835.3929999999995,835.3929999999995,0.0
65198,[H][C@@](O)(COP(O)(=O)OC[C@@]([H])(COC(=O)CCCCCCCCCCCCCCCCC)OC(=O)CCCCCCCCCCCCCCC(C)C)COP(O)(=O)OC[C@@]([H])(COC(=O)CCCCCCCCCC(C)C)OC(=O)CCCCCCCCCCC(C)C,[H][C@@](O)(COP(O)(=O)OC[C@@]([H])(COC(=O)CCCCCCCCCCCCCC)OC(=O)CCCCCCCCCCCCCCCCCCCCCC)COP(O)(=O)OC[C@@]([H])(COC(=O)CCCCCCCCC(C)C)OC(=O)CCCCCCCCCC(C)C,1339.8429999999994,1339.8429999999992,2.2737367544323206e-13
65348,[H][C@](O)(COP(O)(=O)OC[C@@]([H])(COC(=O)CCCCCCCCCCCCCC)OC(=O)CCCCCCCCCCCCCCCCC)COP(O)(=O)OC[C@@]([H])(COC(=O)CCCCCCCCCCCCCCCCC)OC(=O)CCCCCCCCCCCCCCCCCC,[H]C(O)(COP(O)(=O)OC[C@@]([H])(COC(=O)CCCCCCCCCCCCCCCCCCCCC(C)CC)OC(=O)CCCCCCCCCCCCCC(C)C)COP(O)(=O)OC[C@@]([H])(COC(=O)CCCCCCCCCCC(C)C)OC(=O)CCCCCCCCCCC(C)C,1438.032,1438.032,0.0
65393,[H][C@@](O)(COP(O)(=O)OC[C@@]([H])(COC(=O)CCCCCCCCCCCCCCCCCCC)OC(=O)CCCCCCCCCCCCCCCCC(C)C)COP(O)(=O)OC[C@@]([H])(COC(=O)CCCCCCCCCCCCCCC)OC(=O)CCCCCCCCCCCCC(C)C,[H][C@@](O)(COP(O)(=O)OC[C@@]([H])(COC(=O)CCCCCCCCCCCCCCCC)OC(=O)CCCCCCCCCCCCCCCCCCCCC(C)CC)COP(O)(=O)OC[C@@]([H])(COC(=O)CCCCCCCCCCC(C)CC)OC(=O)CCCCCCCCCCCC(C)C,1466.0860000000002,1466.0859999999996,6.821210263296962e-13
65620,[H][C@@](O)(COP(O)(=O)OC[C@@]([H])(COC(=O)CCCCCCCCCCCCCCC(C)C)OC(=O)CCCCCCCCCCCCCCC(C)C)COP(O)(=O)OC[C@@]([H])(COC(=O)CCCCCCCCC(C)CC)OC(=O)CCCCCCCCCCCCCCCCCCC(C)C,[H]C(O)(COP(O)(=O)OC[C@@]([H])(COC(=O)CCCCCCCCCCCCCCCCCC(C)C)OC(=O)CCCCCCCCCCCCCC(C)C)COP(O)(=O)OC[C@@]([H])(COC(=O)CCCCCCCCCC(C)C)OC(=O)CCCCCCCCCCCCCCCCC(C)C,1452.0589999999997,1452.059,2.2737367544323206e-13
66097,[H][C@](O)(COP(O)(=O)OC[C@@]([H])(COC(=O)CCCCCCCCCCCCC)OC(=O)CCCCCCCCCCCCCCC)COP(O)(=O)OC[C@@]([H])(COC(=O)CCCCCCCCCCCCCCCCCC)OC(=O)CCCCCCCCCCCCCCCCCCCCCCCC,[H][C@@](O)(COP(O)(=O)OC[C@@]([H])(COC(=O)CCCCCCCCCCCCCCCCCC)OC(=O)CCCCCCCCCCCCCCCCCCCCCCCC)COP(O)(=O)OC[C@@]([H])(COC(=O)CCCCCCCCCCCCC)OC(=O)CCCCCCCCCCCCC(C)C,1494.14,1494.1399999999996,4.547473508864641e-13
66105,[H][C@@](O)(COP(O)(=O)OC[C@@]([H])(COC(=O)CCCCCCCCCCCCCCC(C)C)OC(=O)CCCCCCCCCCCCCCCCCCCCCCCC)COP(O)(=O)OC[C@@]([H])(COC(=O)CCCCCCCCCCCC)OC(=O)CCCCCCCCCCC(C)CC,[H][C@](O)(COP(O)(=O)OC[C@@]([H])(COC(=O)CCCCCCCCCCCC)OC(=O)CCCCCCCCCCCCC)COP(O)(=O)OC[C@@]([H])(COC(=O)CCCCCCCCCCCCCCCCCCCC)OC(=O)CCCCCCCCCCCCCCCCCCCCCC,1452.0589999999995,1452.059,4.547473508864641e-13
66620,[H][C@](O)(COP(O)(=O)OC[C@@]([H])(COC(=O)CCCCCCCCCCC)OC(=O)CCCCCCCCCCCCC(C)C)COP(O)(=O)OC[C@@]([H])(COC(=O)CCCCCCCCCCCCCCCC(C)C)OC(=O)CCCCCCCCCCCCCCCCCCC(C)C,[H][C@@](O)(COP(O)(=O)OC[C@@]([H])(COC(=O)CCCCCCCCCCCCCCCCCC(C)C)OC(=O)CCCCCCCCCCCCCCCCC(C)CC)COP(O)(=O)OC[C@@]([H])(COC(=O)CCCCCCCCC(C)CC)OC(=O)CCCCCCCCCCC(C)C,1424.0049999999997,1424.0049999999997,0.0
67051,[H][C@@](O)(COP(O)(=O)OC[C@@]([H])(COC(=O)CCCCCCCCCCCCCCCCCC)OC(=O)CCCCCCCCCCCCCCCC(C)C)COP(O)(=O)OC[C@@]([H])(COC(=O)CCCCCCCCCCCC(C)C)OC(=O)CCCCCCCCCCCCCCC,[H][C@@](O)(COP(O)(=O)OC[C@@]([H])(COC(=O)CCCCCCCCCCCCCCCC(C)C)OC(=O)CCCCCCCCCCCCCCCC(C)C)COP(O)(=O)OC[C@@]([H])(COC(=O)CCCCCCCCCCCC(C)C)OC(=O)CCCCCCCCCCCCC(C)C,1424.0049999999999,1424.0049999999997,2.2737367544323206e-13
67093,[H][C@@](COC(=O)CCCCCCCCCCCCCCCCCCCCC(C)CC)(COC(=O)CCCCCCCCCCC(C)C)OC(=O)CCCCCCCCCCCCCCCCCCC,[H][C@@](COC(=O)CCCCCCCCCCCCCCC(C)C)(COC(=O)CCCCCCCCCCCCCC(C)C)OC(=O)CCCCCCCCCCCCCCCCCCCCC(C)C,961.6359999999987,961.6359999999988,1.1368683772161603e-13
67187,CC\C(C)=C\C(=O)OC1CC(C(C)C)C2C(CC(=O)\C2=C\C)C1=C,OCCCC1=CC(OC2OC(CO)C(O)C(O)C2O)=C(O)C=C1,330.4680000000001,330.333,0.13500000000004775
67339,[H][C@](O)(COP(O)(=O)OC[C@@]([H])(COC(=O)CCCCCCCCCCC)OC(=O)CCCCCCCCCCCC)COP(O)(=O)OC[C@@]([H])(COC(=O)CCCCCCCCCCCCCCCC)OC(=O)CCCCCCCCCCCCCCCC(C)C,[H][C@](O)(COP(O)(=O)OC[C@@]([H])(COC(=O)CCCCCCCCCCC)OC(=O)CCCCCCCCCCCCC)COP(O)(=O)OC[C@@]([H])(COC(=O)CCCCCCCCCCCCCC)OC(=O)CCCCCCCCCCCCCCCCC(C)C,1311.7889999999995,1311.7889999999998,2.2737367544323206e-13
67470,[H]C(O)(COP(O)(=O)OC[C@@]([H])(COC(=O)CCCCCCCCCC(C)C)OC(=O)CCCCCCCCCCCCCC(C)C)COP(O)(=O)OC[C@@]([H])(COC(=O)CCCCCCCCCCCCCC(C)C)OC(=O)CCCCCCCCCCC(C)CC,[H][C@](O)(COP(O)(=O)OC[C@@]([H])(COC(=O)CCCCCCC)OC(=O)CCCCCCCCC)COP(O)(=O)OC[C@@]([H])(COC(=O)CCCCCCCCCCCCCCCCC(C)C)OC(=O)CCCCCCCCCCCCCCCCCCCCC(C)C,1325.8159999999993,1325.816,6.821210263296962e-13
67642,[H][C@@](O)(COP(O)(=O)OC[C@@]([H])(COC(=O)CCCCCCCCCCC(C)C)OC(=O)CCCCCCCCCCCCCCCCCCC(C)C)COP(O)(=O)OC[C@@]([H])(COC(=O)CCCCCCCCC(C)CC)OC(=O)CCCCCCCCCCCCCCCCCCCCC(C)CC,[H][C@@](O)(COP(O)(=O)OC[C@@]([H])(COC(=O)CCCCCCCCCCCCCCCCC(C)CC)OC(=O)CCCCCCCCCCCCCCCCCCC(C)C)COP(O)(=O)OC[C@@]([H])(COC(=O)CCCCCCCCC(C)CC)OC(=O)CCCCCCCCCCCCCCC(C)C,1494.1399999999999,1494.1399999999999,0.0
67712,[H][C@](O)(COP(O)(=O)OC[C@@]([H])(COC(=O)CCCCCCC)OC(=O)CCCCCCC)COP(O)(=O)OC[C@@]([H])(COC(=O)CCCCCCCCCCCCCCCC)OC(=O)CCCCCCCCCCCCCCCCCC(C)C,[H][C@@](O)(COP(O)(=O)OC[C@@]([H])(COC(=O)CCCCCCCCCCC(C)CC)OC(=O)CCCCCCCCCCC(C)CC)COP(O)(=O)OC[C@@]([H])(COC(=O)CCCCCCCCCC)OC(=O)CCCCCCCCCC(C)C,1213.5999999999992,1213.5999999999995,2.2737367544323206e-13
67737,[H][C@](O)(COP(O)(=O)OC[C@@]([H])(COC(=O)CCCCCCCCC)OC(=O)CCCCCCCCCCCCCCCCCC)COP(O)(=O)OC[C@@]([H])(COC(=O)CCCCCCCCCCCCCCCCC(C)C)OC(=O)CCCCCCCCCCCCCCCCCCCCCCCC,[H][C@@](O)(COP(O)(=O)OC[C@@]([H])(COC(=O)CCCCCCCCCCCCCCCCCCCCCCCC)OC(=O)CCCCCCCCCCCCCCCCCCCCC(C)CC)COP(O)(=O)OC[C@@]([H])(COC(=O)CCCCCCCCCCC)OC(=O)CCCCCCCCC(C)C,1494.1399999999999,1494.1399999999994,4.547473508864641e-13
67901,[H][C@](O)(CO)COP(O)(=O)OC[C@@]([H])(COC(=O)CCCC1OC1C\C=C/C\C=C/C\C=C/CCCCC)OC(=O)CCC\C=C/C\C=C/C\C=C/C\C=C/CCCCC,[H][C@@](COC(=O)CCCCCCCCCCCCCCCCCCCCC(C)C)(COC(=O)CCCCCCCCC(C)C)OC(=O)CCCCCCCCCCCCC,835.0689999999997,835.3929999999993,0.3239999999996144
68043,[H][C@@](COC(=O)CCCCCCCCCCCCC)(COC(=O)CCCCCCCCCCCCCCCCCCC(C)C)OC(=O)CCCCCCCCCCCCCCCCCCC(C)C,[H][C@@](COC(=O)CCCCCCCCCCCCCCCCC)(COC(=O)CCCCCCCCCCCCCCCCC(C)CC)OC(=O)CCCCCCCCCCCCCCCCCC,947.608999999999,947.6089999999989,1.1368683772161603e-13
68229,[H]C(O)(COP(O)(=O)OC[C@@]([H])(COC(=O)CCCCCCCCCCCCCCCCCC(C)C)OC(=O)CCCCCCCCCCCCCCC(C)C)COP(O)(=O)OC[C@@]([H])(COC(=O)CCCCCCCCC(C)C)OC(=O)CCCCCCCCCCCCCCCCCCC(C)C,[H][C@@](O)(COP(O)(=O)OC[C@@]([H])(COC(=O)CCCCCCCCCCCCCCCCCCCCC(C)CC)OC(=O)CCCCCCCCCCCCCCCCCCC(C)C)COP(O)(=O)OC[C@@]([H])(COC(=O)CCCCCCCCC(C)CC)OC(=O)CCCCCCCCC(C)CC,1480.113,1480.1129999999998,2.2737367544323206e-13
68960,[H][C@@](COC(=O)CCCCCCCCCCCCC)(COC(=O)CCCCCCCCCCCCCCC(C)C)OC(=O)CCCCCCCCCCCCCCCCCCC,[H][C@@](COC(=O)CCCCCCCCC1=C(C)C(C)=C(CCCCC)O1)(COP([O-])(=O)OCC[N+](C)(C)C)OC(=O)CCC\C=C\C=C/C(O)C\C=C/C\C=C/CCCCC,863.4469999999993,864.1549999999997,0.7080000000004247
68982,CCCCCCCC\C=C/CCCCCCCCCCCC(=O)OC[C@]([H])(COP([O-])(=O)OCC[N+](C)(C)C)OC(=O)CCCCCCCCCCC\C=C/C\C=C/CCCCC,[H][C@](O)(CO)COP(O)(=O)OC[C@@]([H])(COC(=O)CCCCCCCCCCCCCCCCC(C)CC)OC(=O)CC\C=C/C\C=C/C[C@@H](O)\C=C\C=C/C=C/[C@@H](O)C\C=C/CC,896.3289999999992,897.1810000000004,0.852000000001226
69077,[H][C@](O)(COP(O)(=O)OC[C@@]([H])(COC(=O)CCCCCCCCCCCC)OC(=O)CCCCCCCCCCCCCC(C)C)COP(O)(=O)OC[C@@]([H])(COC(=O)CCCCCCCCCCCCCCCCCCCC)OC(=O)CCCCCCCCCCCCCCCCCCC(C)C,[H][C@@](O)(COP(O)(=O)OC[C@@]([H])(COC(=O)CCCCCCCCCCCCCCCCCCCC)OC(=O)CCCCCCCCCCCCCCCCCCCCCCCC)COP(O)(=O)OC[C@@]([H])(COC(=O)CCCCCCCCC(C)C)OC(=O)CCCCCCCCCCCCCC,1480.113,1480.1129999999996,4.547473508864641e-13
69147,[H][C@](O)(COP(O)(=O)OC[C@@]([H])(COC(=O)CCCCCCCCCCC)OC(=O)CCCCCCCCCCCC)COP(O)(=O)OC[C@@]([H])(COC(=O)CCCCCCCCCCCC(C)C)OC(=O)CCCCCCCCCCCCCCCC(C)C,[H]C(O)(COP(O)(=O)OC[C@@]([H])(COC(=O)CCCCCCCCCC(C)C)OC(=O)CCCCCCCCCCCCC(C)C)COP(O)(=O)OC[C@@]([H])(COC(=O)CCCCCCCCC(C)C)OC(=O)CCCCCCCCCCCCCCC(C)C,1283.7349999999997,1283.735,2.2737367544323206e-13
69338,[H][C@@](O)(COP(O)(=O)OC[C@@]([H])(COC(=O)CCCCCCCCCCCCCCCCC)OC(=O)CCCCCCCCCCCCCCCCCCCCC(C)C)COP(O)(=O)OC[C@@]([H])(COC(=O)CCCCCCCCC(C)C)OC(=O)CCCCCCCCC(C)C,[H][C@@](O)(COP(O)(=O)OC[C@@]([H])(COC(=O)CCCCCCCCCCCCCCCCC)OC(=O)CCCCCCCCCCCCCCC(C)C)COP(O)(=O)OC[C@@]([H])(COC(=O)CCCCCCCCCCC(C)CC)OC(=O)CCCCCCCCCCC(C)CC,1381.9239999999993,1381.9239999999995,2.2737367544323206e-13
69725,[H][C@](O)(COP(O)(=O)OC[C@@]([H])(COC(=O)CCCCCCCCCCCCCCC)OC(=O)CCCCCCCCCCCCCCC)COP(O)(=O)OC[C@@]([H])(COC(=O)CCCCCCCCCCCCCCCCCC)OC(=O)CCCCCCCCCCCCCCCCCCC,[H][C@](O)(COP(O)(=O)OC[C@@]([H])(COC(=O)CCCCCCCCCCCC)OC(=O)CCCCCCCCCCCCCCCCC)COP(O)(=O)OC[C@@]([H])(COC(=O)CCCCCCCCCCCCCCCCC)OC(=O)CCCCCCCCCCCCCCCCCCC(C)C,1452.059,1452.0589999999997,2.2737367544323206e-13
70129,[H][C@@](O)(COP(O)(=O)OC[C@@]([H])(COC(=O)CCCCCCCCCCCCCCCCCCC)OC(=O)CCCCCCCCCCCCCCCCCCCCC)COP(O)(=O)OC[C@@]([H])(COC(=O)CCCCCCCCCCCC(C)C)OC(=O)CCCCCCCCCCCCCCCC,[H][C@](O)(COP(O)(=O)OC[C@@]([H])(COC(=O)CCCCCCCCCC)OC(=O)CCCCCCCCCCCC(C)C)COP(O)(=O)OC[C@@]([H])(COC(=O)CCCCCCCCCCCCCCCCCCCCCCC)OC(=O)CCCCCCCCCCCCCCCCCCCCCCC,1494.1399999999999,1494.1400000000003,4.547473508864641e-13
70285,[H][C@](O)(COP(O)(=O)OC[C@@]([H])(COC(=O)CCCCCCC)OC(=O)CCCCCCCCCCC(C)C)COP(O)(=O)OC[C@@]([H])(COC(=O)CCCCCCCCCCCCCCCCC(C)C)OC(=O)CCCCCCCCCCCCCCCCCCCCCCC,[H][C@](O)(COP(O)(=O)OC[C@@]([H])(COC(=O)CCCCCCCCC)OC(=O)CCCCCCCCCCC(C)C)COP(O)(=O)OC[C@@]([H])(COC(=O)CCCCCCCCCCCCCCCCCCCC)OC(=O)CCCCCCCCCCCCCCCCCC(C)C,1381.9240000000002,1381.9239999999998,4.547473508864641e-13
70807,OC[C@H]1O[C@@H](O[C@@H](C#N)C2=CC=CC=C2)[C@H](O)[C@@H](O)[C@@H]1O,OC(=O)C1=CC=NC2=C1NC(=O)C1=CC=CN=C1N2C1CC1,295.291,296.28600000000006,0.9950000000000614
71206,[H][C@@](O)(COP(O)(=O)OC[C@@]([H])(COC(=O)CCCCCCCCCCCCCCCCCCCCC(C)C)OC(=O)CCCCCCCCCCCCCCCCCCCCC(C)CC)COP(O)(=O)OC[C@@]([H])(COC(=O)CCCCCCCCC(C)CC)OC(=O)CCCCCCCCCCCCCCCCCCCCC(C)C,[H][C@](O)(COP(O)(=O)OC[C@@]([H])(COC(=O)CCCCCCCCCCCCCCC)OC(=O)CCCCCCCCCCCCCCCCCCCCCC)COP(O)(=O)OC[C@@]([H])(COC(=O)CCCCCCCCCCCCCCCCCCCCCC)OC(=O)CCCCCCCCCCCCCCCCCCCCC(C)C,1662.464,1662.4640000000004,4.547473508864641e-13
71474,[H][C@@](COC(=O)CCCCCCCCCCCCCCC)(COC(=O)CCCCCCCCCCC(C)C)OC(=O)CCCCCCCCCC(C)C,[H][C@](COC(=O)CCCCCCCCCCCCCCCC)(COC(=O)CCCCCCCCCCCCCCC(C)C)OC(=O)CCCCCCC,737.2039999999998,737.204,1.1368683772161603e-13
71661,[H][C@@](COC(=O)CCCCCCCCCCCCC1=C(C)C(C)=C(CCCCC)O1)(COP([O-])(=O)OCC[N+](C)(C)C)OC(=O)CCC[C@@H](O)\C=C\C=C/C\C=C/C\C=C/CCCCC,[H][C@@](COC(=O)CCCCCCCCCCCCCCCCC)(COC(=O)CCCCCCCCCCCCCCCCC(C)CC)OC(=O)CCCCCCCCCCCCCC(C)C,920.2629999999995,919.5549999999992,0.708000000000311
72413,[H][C@](O)(COP(O)(=O)OC[C@@]([H])(COC(=O)CCCCCCCCC(C)C)OC(=O)CCCCCCCCCCCCC(C)C)COP(O)(=O)OC[C@@]([H])(COC(=O)CCCCCCCCC(C)CC)OC(=O)CCCCCCCCCC(C)C,[H][C@](O)(COP(O)(=O)OC[C@@]([H])(COC(=O)CCCCCCCCC)OC(=O)CCCCCCCCCCC(C)C)COP(O)(=O)OC[C@@]([H])(COC(=O)CCCCCCCCCCC(C)CC)OC(=O)CCCCCCCCCCCC(C)C,1213.5999999999997,1213.6,2.2737367544323206e-13
72604,[H][C@@](COC(=O)CCCCCCCCCCCCCCCC(C)C)(COC(=O)CCCCCCCCCCC(C)C)OC(=O)CCCCCCCCCCCCCCC(C)C,[H][C@](COC(=O)CCCCCCCCCCC)(COC(=O)CCCCCCCCCCCCCCCCCCC(C)C)OC(=O)CCCCCCCCCCCCC(C)CC,849.4199999999994,849.4199999999995,1.1368683772161603e-13
72633,[H][C@@](O)(COP(O)(=O)OC[C@@]([H])(COC(=O)CCCCCCCCCCCCC(C)CC)OC(=O)CCCCCCCCCCCCCCCCC(C)C)COP(O)(=O)OC[C@@]([H])(COC(=O)CCCCCCCCCCCC(C)C)OC(=O)CCCCCCCCCCCCCCCC,[H][C@](O)(COP(O)(=O)OC[C@@]([H])(COC(=O)CCCCCCCCCCCCC)OC(=O)CCCCCCCCCCCCCCC)COP(O)(=O)OC[C@@]([H])(COC(=O)CCCCCCCCCCCCCCCCCC)OC(=O)CCCCCCCCCCCCCCCCCCC,1424.0049999999999,1424.0049999999999,0.0
72734,[H][C@](COC(=O)CCCCCCCCCCCCC(C)C)(COC(=O)CCCCCCCCCCC(C)CC)OC(=O)CCCCCCCCCCCCC,[H][C@](COC(=O)CCCCCCC)(COC(=O)CCCCCCCCCCCCCCCCCCC)OC(=O)CCCCCCCCCCCCCCCC,765.2579999999996,765.2579999999996,0.0
72808,[H][C@](O)(COP(O)(=O)OC[C@@]([H])(COC(=O)CCCCCCCCCC)OC(=O)CCCCCCCCCCC(C)CC)COP(O)(=O)OC[C@@]([H])(COC(=O)CCCCCCCCCCCCCCCCCCCC)OC(=O)CCCCCCCCCCCCCCCCCCC(C)C,[H][C@@](O)(COP(O)(=O)OC[C@@]([H])(COC(=O)CCCCCCCCCCCCCCCCCC(C)C)OC(=O)CCCCCCCCCCCCCCCCCC(C)C)COP(O)(=O)OC[C@@]([H])(COC(=O)CCCCCCCCCCC)OC(=O)CCCCCCCCCCC(C)CC,1424.0049999999999,1424.0049999999999,0.0
72816,[H][C@](O)(COP(O)(=O)OC[C@@]([H])(COC(=O)CCCCCCCCCCCCCC)OC(=O)CCCCCCCCCCCCCCCCC)COP(O)(=O)OC[C@@]([H])(COC(=O)CCCCCCCCCCCCCCCCC(C)C)OC(=O)CCCCCCCCCCCCCCCCCC(C)C,[H][C@@](O)(COP(O)(=O)OC[C@@]([H])(COC(=O)CCCCCCCCCCCCCCCC(C)C)OC(=O)CCCCCCCCCCCCCCCCCC(C)C)COP(O)(=O)OC[C@@]([H])(COC(=O)CCCCCCCCCCCC(C)C)OC(=O)CCCCCCCCCCCCCCCCCC,1494.1399999999996,1494.14,4.547473508864641e-13
72886,[H][C@](O)(COP(O)(=O)OC[C@@]([H])(COC(=O)CCCCCCCCC)OC(=O)CCCCCCCCCCCCC(C)CC)COP(O)(=O)OC[C@@]([H])(COC(=O)CCCCCCCCCCCCCCCCC(C)CC)OC(=O)CCCCCCCCCCCCCCCCCCCCCC,[H][C@@](O)(COP(O)(=O)OC[C@@]([H])(COC(=O)CCCCCCCCCCCCCCCC(C)C)OC(=O)CCCCCCCCCCCCCCCCC(C)C)COP(O)(=O)OC[C@@]([H])(COC(=O)CCCCCCCCCCCC(C)C)OC(=O)CCCCCCCCCCCCCCCC,1452.059,1452.059,0.0
73233,[H][C@@](O)(COP(O)(=O)OC[C@@]([H])(COC(=O)CCCCCCCCCCCCCCCCCC(C)C)OC(=O)CCCCCCCCCCCCC(C)C)COP(O)(=O)OC[C@@]([H])(COC(=O)CCCCCCCCC(C)CC)OC(=O)CCCCCCCCCCCCCCCC(C)C,[H][C@](O)(COP(O)(=O)OC[C@@]([H])(COC(=O)CCCCCCC\C=C/CCCCCC)OC(=O)CCCCCCCCCCCCCCC)COP(O)(=O)OC[C@@]([H])(COC(=O)CCC\C=C/C\C=C/C\C=C/C\C=C/CCCCC)OC(=O)CCCCCCC\C=C/C=C\CCCCCC,1424.0049999999999,1423.9199999999998,0.08500000000003638
73539,[H][C@](O)(COP(O)(=O)OC[C@@]([H])(COC(=O)CCCCCCC)OC(=O)CCCCCCCCCCCCCCCC)COP(O)(=O)OC[C@@]([H])(COC(=O)CCCCCCCCCCCCCCCCC)OC(=O)CCCCCCCCCCCCCCCCCCCCC(C)CC,[H][C@](O)(COP(O)(=O)OC[C@@]([H])(COC(=O)CCCCCCC)OC(=O)CCCCCCCCCCCCCCCC(C)C)COP(O)(=O)OC[C@@]([H])(COC(=O)CCCCCCCCCCCCCCCCCCC)OC(=O)CCCCCCCCCCCCCCCCCC(C)C,1409.9779999999996,1409.9779999999998,2.2737367544323206e-13
73809,ClC1=CC=C(C=C1)C1CCC2=C(O1)C=CC(Cl)=C2,OC1CN(CC2=CC=CC=C2Cl)CC2=C1SC=C2,279.16599999999994,279.792,0.6260000000000332
74039,[H][C@@](O)(COP(O)(=O)OC[C@@]([H])(COC(=O)CCCCCCCCCCCCCCCCCCCC)OC(=O)CCCCCCCCCCCCCCCCCCCCCC)COP(O)(=O)OC[C@@]([H])(COC(=O)CCCCCCCCC(C)C)OC(=O)CCCCCCCCCCCC(C)C,[H][C@](O)(COP(O)(=O)OC[C@@]([H])(COC(=O)CCCCCCCCCCCC)OC(=O)CCCCCCCCCCCCCCC(C)C)COP(O)(=O)OC[C@@]([H])(COC(=O)CCCCCCCCCCCCCCCC(C)C)OC(=O)CCCCCCCCCCCCCCCCCC(C)C,1452.0589999999993,1452.0589999999997,4.547473508864641e-13
74389,[H][C@@](O)(COP(O)(=O)OC[C@@]([H])(COC(=O)CCCCCCCCCCCCCCC(C)C)OC(=O)CCCCCCCCCCCCCCCCCCCCC(C)C)COP(O)(=O)OC[C@@]([H])(COC(=O)CCCCCCCCCCC(C)CC)OC(=O)CCCCCCCCCCCC(C)C,[H][C@](O)(COP(O)(=O)OC[C@@]([H])(COC(=O)CCCCCCCCCCCCC)OC(=O)CCCCCCCCCCCCCCCC)COP(O)(=O)OC[C@@]([H])(COC(=O)CCCCCCCCCCCCCCCCCCC)OC(=O)CCCCCCCCCCCCCCCCCC(C)C,1466.0859999999996,1466.0859999999998,2.2737367544323206e-13
74488,CC12CCC3C(CCC4CC(O)CCC34C)C1CCC2OC1OC(C(O)C(O)C1O)C(O)=O,CC(CCC(=C)C(C)C(O)=O)C1CCC2C3=C(C(=O)CC12C)C1(C)CCC(=O)C(C)C1CC3=O,468.5870000000001,468.63400000000036,0.04700000000025284
74749,[H][C@@](O)(COP(O)(=O)OC[C@@]([H])(COC(=O)CCCCCCCCCCCCCCCCCC)OC(=O)CCCCCCCCCCCCCCCCCCC)COP(O)(=O)OC[C@@]([H])(COC(=O)CCCCCCCCCCCCC(C)C)OC(=O)CCCCCCCCCCCCC(C)CC,[H][C@@](O)(COP(O)(=O)OC[C@@]([H])(COC(=O)CCCCCCCCCCCCCCCC)OC(=O)CCCCCCCCCCCCCCCCCCCCCCCC)COP(O)(=O)OC[C@@]([H])(COC(=O)CCCCCCCCCCC(C)CC)OC(=O)CCCCCCCCCCC(C)CC,1466.0859999999998,1466.0859999999993,4.547473508864641e-13
74799,[H][C@](O)(COP(O)(=O)OC[C@@]([H])(COC(=O)CCCCCCCCC)OC(=O)CCCCCCCCC)COP(O)(=O)OC[C@@]([H])(COC(=O)CCCCCCCCCCC(C)C)OC(=O)CCCCCCCCCCCCCC(C)C,[H][C@](O)(COP(O)(=O)OC[C@@]([H])(COC(=O)CCCCCCC)OC(=O)CCCCCCCCCC(C)C)COP(O)(=O)OC[C@@]([H])(COC(=O)CCCCCCCCCCCCCC)OC(=O)CCCCCCCCCCCCCC,1171.5189999999996,1171.5189999999998,2.2737367544323206e-13
74987,[H][C@@](O)(COP(O)(=O)OC[C@@]([H])(COC(=O)CCCCCCCCCCCC(C)C)OC(=O)CCCCCCCCCCCCCCCCCCC)COP(O)(=O)OC[C@@]([H])(COC(=O)CCCCCCCCC(C)CC)OC(=O)CCCCCCCCCCCCC,[H][C@@](O)(COP(O)(=O)OC[C@@]([H])(COC(=O)CCCCCCCCCCCCCCCCC)OC(=O)CCCCCCCCCCCCCCCCCCC)COP(O)(=O)OC[C@@]([H])(COC(=O)CCCCCCCCCC)OC(=O)CCCCCCCCCC(C)C,1325.8159999999993,1325.8159999999993,0.0
75066,[H][C@](COC(=O)CCCCCCCCCCC)(COC(=O)CCCCCCCCCCCCCCCCCC(C)C)OC(=O)CCCCCCCCCCCCCCCCCCCCC(C)C,[H][C@](COC(=O)CCCCCCCCCCCCCCCCC)(COC(=O)CCCCCCCCCCCCCCCCC(C)CC)OC(=O)CCCCCCCCCCCCCCCCC,933.5819999999991,933.581999999999,1.1368683772161603e-13
75654,[H]C(O)(COP(O)(=O)OC[C@@]([H])(COC(=O)CCCCCCCCCC(C)C)OC(=O)CCCCCCCCCCCC(C)C)COP(O)(=O)OC[C@@]([H])(COC(=O)CCCCCCCCCC(C)C)OC(=O)CCCCCCCCCCC(C)C,[H][C@@](O)(COP(O)(=O)OC[C@@]([H])(COC(=O)CCCCCCCCCCCCC)OC(=O)CCCCCCCCCCCCCC)COP(O)(=O)OC[C@@]([H])(COC(=O)CCCCCCCCCCCC)OC(=O)CCCCCCCCCC(C)C,1227.6269999999997,1227.6269999999993,4.547473508864641e-13
75760,[H][C@@](COC(=O)CCC\C=C/C\C=C/C\C=C/CC1OC1CCCCC)(COP([O-])(=O)OCC[N+](C)(C)C)OC(=O)CCCCCC\C=C/C\C=C/C\C=C/CCCCC,[H][C@@](COCCCCCCCCCCCCCCCCCC)(COC(=O)CCCCCCCCCCCCC)OC(=O)CCCCCCCCC\C=C/CCCCCCCC,848.1559999999995,847.4479999999994,0.7080000000000837
76370,[H][C@](O)(COP(O)(=O)OC[C@@]([H])(COC(=O)CCCCCCC)OC(=O)CCCCCCCCCCCCCCCC)COP(O)(=O)OC[C@@]([H])(COC(=O)CCCCCCCCCCCCC(C)CC)OC(=O)CCCCCCCCCCCCCCCCCCCCCCCC,[H][C@](O)(COP(O)(=O)OC[C@@]([H])(COC(=O)CCCCCCCCCC)OC(=O)CCCCCCCCCCCCCC)COP(O)(=O)OC[C@@]([H])(COC(=O)CCCCCCCCCCCCCC(C)C)OC(=O)CCCCCCCCCCCCCCCCCCCCCCC,1395.951,1395.951,0.0
76460,[H][C@@](O)(COP(O)(=O)OC[C@@]([H])(COC(=O)CCCCCCCCCCCCCCCCCC)OC(=O)CCCCCCCCCCCCCCCCCCCC)COP(O)(=O)OC[C@@]([H])(COC(=O)CCCCCCCCCC(C)C)OC(=O)CCCCCCCCCCCCC(C)C,[H][C@](O)(COP(O)(=O)OC[C@@]([H])(COC(=O)CCCCCCCCC(C)CC)OC(=O)CCCCCCCCCCCCCCCCCCC(C)C)COP(O)(=O)OC[C@@]([H])(COC(=O)CCCCCCCCCCCCCCCCCCC(C)C)OC(=O)CCCCCCCCC(C)C,1424.0049999999997,1424.0049999999997,0.0
76534,[H][C@](O)(COP(O)(=O)OC[C@@]([H])(COC(=O)CCCCCCCCC)OC(=O)CCCCCCCCCC(C)C)COP(O)(=O)OC[C@@]([H])(COC(=O)CCCCCCCCCCCCC(C)CC)OC(=O)CCCCCCCCCCCCCCCCC(C)C,[H]C(O)(COP(O)(=O)OC[C@@]([H])(COC(=O)CCCCCCCCC(C)C)OC(=O)CCCCCCCCCCCCCCCCCC(C)C)COP(O)(=O)OC[C@@]([H])(COC(=O)CCCCCCCCCCCC(C)C)OC(=O)CCCCCCCCC(C)C,1297.762,1297.7619999999993,6.821210263296962e-13
77270,[H][C@](COC(=O)CCCCCCCCCCCCCCCCCCCCC)(COC(=O)CCCCCCCCCCCCCCCCCCCCCCC)OCCCCCCCCCCCCCCCCCC,[H][C@@](COC(=O)CCCCCCCCCCCCC\C=C/CCCCCCCC)(COC(=O)CCCCCCCCC\C=C/CCCCCCCC)OC(=O)CCC\C=C/C\C=C/C\C=C/C\C=C/C\C=C/CC,1017.7879999999983,1017.6589999999992,0.1289999999991096
77289,[H][C@@](COC(=O)CCCCCCCCCCCCCC)(COC(=O)CCCCCCCCCCCCCCCCCCCCC)OC(=O)CCCCCCCCCCCCCC(C)C,[H][C@@](COC(=O)CCCCCCCCCCCCC)(COC(=O)CCCCCCCCCCCCCCCCCCCC)OC(=O)CCCCCCCCCCCCCCCC(C)C,891.5009999999992,891.5009999999992,0.0
77532,[H][C@@](O)(COP(O)(=O)OC[C@@]([H])(COC(=O)CCCCCCCCCCCCC(C)CC)OC(=O)CCCCCCCCCCCCCCCCCC(C)C)COP(O)(=O)OC[C@@]([H])(COC(=O)CCCCCCCCCCC(C)CC)OC(=O)CCCCCCCCCCCCC(C)C,[H][C@@](O)(COP(O)(=O)OC[C@@]([H])(COC(=O)CCCCCCCCCCCCCCCCCC)OC(=O)CCCCCCCCCCCCCCCCCCCCC)COP(O)(=O)OC[C@@]([H])(COC(=O)CCCCCCCCC(C)CC)OC(=O)CCCCCCCCCCC(C)CC,1424.0049999999997,1424.0049999999997,0.0
77995,[H][C@](O)(COP(O)(=O)OC[C@@]([H])(COC(=O)CCCCCCC)OC(=O)CCCCCCCCCCCCCCCCC)COP(O)(=O)OC[C@@]([H])(COC(=O)CCCCCCCCCCCCCCCCCC(C)C)OC(=O)CCCCCCCCCCCCCCCCCCCCCC,[H][C@](O)(COP(O)(=O)OC[C@@]([H])(COC(=O)CCCCCCCCCC)OC(=O)CCCCCCCCCCCCCCCC)COP(O)(=O)OC[C@@]([H])(COC(=O)CCCCCCCCCCCCCCCCC(C)C)OC(=O)CCCCCCCCCCCCCCCCCCC(C)C,1438.0319999999997,1438.0319999999995,2.2737367544323206e-13
78048,[H][C@](O)(COP(O)(O)=O)COP(O)(=O)OC[C@@]([H])(COC(=O)CCCCCCCCCCCCCCCCC(C)CC)OC(=O)CCC\C=C/C\C=C/C\C=C/CC1OC1CCCCC,CC(CCC(O)=O)CC(C)C(=O)SCCNC(=O)CCNC(=O)C(O)C(C)(C)COP(O)(=O)OP(O)(=O)OCC1OC(C(O)C1OP(O)(O)=O)N1C=NC2=C1N=CN=C2N,937.1389999999996,937.7490000000004,0.6100000000008095
78165,[H][C@@](O)(COP(O)(=O)OC[C@@]([H])(COC(=O)CCCCCCCCCCCCC(C)CC)OC(=O)CCCCCCCCCCCCCCCCCCCCC(C)C)COP(O)(=O)OC[C@@]([H])(COC(=O)CCCCCCCCCC)OC(=O)CCCCCCCCCC(C)C,[H][C@](O)(COP(O)(=O)OC[C@@]([H])(COC(=O)CCCCCCCCCCCCC)OC(=O)CCCCCCCCCCCCC)COP(O)(=O)OC[C@@]([H])(COC(=O)CCCCCCCCCCCC(C)C)OC(=O)CCCCCCCCCCCCCCCCCCCCC,1367.8969999999997,1367.897,2.2737367544323206e-13
78249,CCCCC[C@H](O)\C=C\[C@@H]1[C@@H](CCCCCCC(=O)OC[C@@H](O)COC(=O)CCCCCCCCCCC(C)CC)[C@@H](O)CC1=O,[H][C@](COC(=O)CCCCCCCCC)(COC(=O)CCCCCCCCCCC(C)C)OC(=O)CCCCCCCCCCCC,652.9540000000003,653.0419999999999,0.08799999999962438
78279,[H][C@@](COC(=O)CCCCCCCCCCC1=C(C)C(C)=C(CCC)O1)(COP(O)(=O)OCCN)OC(=O)CCC\C=C/C\C=C/C\C=C/CC1OC1CCCCC,[H][C@](O)(CO)COP(O)(=O)OC[C@@]([H])(COC(=O)CCC\C=C/C\C=C/C\C=C/C\C=C/CCCCC)OC(=O)CCC\C=C/C\C=C/C\C=C/CCCCCCCC,822.0739999999996,821.0859999999997,0.9879999999999427
78305,[H][C@](O)(COP(O)(=O)OC[C@@]([H])(COC(=O)CCCCCCCCC)OC(=O)CCCCCCCCCCCCCCCCCCCCC)COP(O)(=O)OC[C@@]([H])(COC(=O)CCCCCCCCCCCCCCCCCCCCC)OC(=O)CCCCCCCCCCCCCCCCCCCCCCC,[H][C@](O)(COP(O)(=O)OC[C@@]([H])(COC(=O)CCCCCCCCCCCCCCCCC)OC(=O)CC\C=C/C\C=C/C\C=C/C\C=C/C\C=C/C\C=C/CC)COP(O)(=O)OC[C@@]([H])(COC(=O)CCCCCCC\C=C/C\C=C/CCCCC)OC(=O)CC\C=C/C\C=C/C\C=C/C\C=C/C\C=C/C\C=C/CC,1550.2480000000003,1550.0780000000007,0.169999999999618
78357,[H][C@](COC(=O)CCCCCCCCCCCCCCCCCCCCC(C)C)(COC(=O)CCCCCCCCCCCC(C)C)OC(=O)CCCCCCCCCCCCC,[H][C@](COC(=O)CCCCCCCCCCCCCCCCCC)(COC(=O)CCCCCCCCC(C)CC)OC(=O)CCCCCCCCCCCCCCCCCC(C)C,877.4739999999991,877.4739999999993,1.1368683772161603e-13
78570,[H]C(O)(COP(O)(=O)OC[C@@]([H])(COC(=O)CCCCCCCCCCCCCC)OC(=O)CCCCCCCCCCCCCCCCC)COP(O)(=O)OC[C@@]([H])(COC(=O)CCCCCCCCCCCCCCCCC)OC(=O)CCCCCCCCCCCCCCCCCCCCC,[H][C@](O)(COP(O)(=O)OC[C@@]([H])(COC(=O)CCCCCCCCCC)OC(=O)CCCCCCCCCCCCCCCCC(C)C)COP(O)(=O)OC[C@@]([H])(COC(=O)CCCCCCCCCCCCCCCCC(C)C)OC(=O)CCCCCCCCCCCCCCCCCCC(C)C,1480.113,1480.1129999999998,2.2737367544323206e-13
78755,[H][C@@](O)(COP(O)(=O)OC[C@@]([H])(COC(=O)CCCCCCCCCCCCC(C)C)OC(=O)CCCCCCCCCCCCCCC(C)C)COP(O)(=O)OC[C@@]([H])(COC(=O)CCCCCCCCCCCCCC)OC(=O)CCCCCCCCCCCCC(C)C,[H][C@@](O)(COP(O)(=O)OC[C@@]([H])(COC(=O)CCCCCCCCCCCCCC(C)C)OC(=O)CCCCCCCCCCCCCCCCC)COP(O)(=O)OC[C@@]([H])(COC(=O)CCCCCCCCCCCC(C)C)OC(=O)CCCCCCCCCCCC(C)C,1367.8969999999997,1367.8969999999993,4.547473508864641e-13
79020,[H][C@@](O)(COP(O)(=O)OC[C@@]([H])(COC(=O)CCCCCCCCCC(C)C)OC(=O)CCCCCCCCCCCC(C)C)COP(O)(=O)OC[C@@]([H])(COC(=O)CCCCCCCCC(C)C)OC(=O)CCCCCCCCCCCCC(C)CC,[H][C@](O)(COP(O)(=O)OC[C@@]([H])(COC(=O)CCCCCCCCC(C)C)OC(=O)CCCCCCCCCCCCC(C)CC)COP(O)(=O)OC[C@@]([H])(COC(=O)CCCCCCCCCCC(C)CC)OC(=O)CCCCCCCCC(C)CC,1255.6809999999998,1255.6809999999994,4.547473508864641e-13
79074,[H][C@](O)(COP(O)(=O)OC[C@@]([H])(COC(=O)CCCCCCCCC)OC(=O)CCCCCCCCCCCC(C)C)COP(O)(=O)OC[C@@]([H])(COC(=O)CCCCCCCCCCCCCCCC(C)C)OC(=O)CCCCCCCCCCCCCCCCCCCCC(C)C,[H][C@](O)(COP(O)(=O)OC[C@@]([H])(COC(=O)CCCCCCC)OC(=O)CCCCCCCCCCCCCCCCC)COP(O)(=O)OC[C@@]([H])(COC(=O)CCCCCCCCCCCCCCCCC(C)CC)OC(=O)CCCCCCCCCCCCCCCCCC(C)C,1409.9779999999996,1409.9779999999994,2.2737367544323206e-13
79444,[H]C(O)(COP(O)(=O)OC[C@@]([H])(COC(=O)CCCCCCCCCC(C)C)OC(=O)CCCCCCCCCCCCCCCCCCCCC(C)CC)COP(O)(=O)OC[C@@]([H])(COC(=O)CCCCCCCCC(C)CC)OC(=O)CCCCCCCCCCC(C)C,[H][C@](O)(COP(O)(=O)OC[C@@]([H])(COC(=O)CCCCCCCCC(C)CC)OC(=O)CCCCCCCCCCCCCCCCCCCCC(C)CC)COP(O)(=O)OC[C@@]([H])(COC(=O)CCCCCCCCCCC(C)CC)OC(=O)CCCCCCCCC(C)C,1367.8969999999995,1367.8969999999995,0.0
79595,[H][C@@](CO)(NC(=O)CCC[C@@H](O)[C@H](O)\C=C/C=C\C=C\C=C\[C@@H](O)C\C=C/CC)[C@H](O)[C@@H](O)CCCCCCCCCCCCCC,CC\C=C\CC(O)\C=C\C=C\CCCCCCCC(=O)O[C@@H](CO)COC(=O)CCCCCCCCCCCCCCCC(C)C,649.9539999999997,649.01,0.9439999999997326
79612,[H][C@@](O)(COP(O)(=O)OC[C@@]([H])(COC(=O)CCCCCCCCCCCCCCCCCC(C)C)OC(=O)CCCCCCCCCCCCCCCCCCCCC(C)CC)COP(O)(=O)OC[C@@]([H])(COC(=O)CCCCCCCCCC(C)C)OC(=O)CCCCCCCCCCCCCCCCC,[H][C@@](O)(COP(O)(=O)OC[C@@]([H])(COC(=O)CCCCCCCCCCCCCCCCC(C)CC)OC(=O)CCCCCCCCCCCCCCCCCCCCC)COP(O)(=O)OC[C@@]([H])(COC(=O)CCCCCCCCC(C)CC)OC(=O)CCCCCCCCCCCCCCCCCCCC,1536.221,1536.221,0.0
79643,[H][C@@](O)(COP(O)(=O)OC[C@@]([H])(COC(=O)CCCCCCCCCCCCCC(C)C)OC(=O)CCCCCCCCCCCCCCCC(C)C)COP(O)(=O)OC[C@@]([H])(COC(=O)CCCCCCCCCCCCCC)OC(=O)CCCCCCCCCCCCC(C)C,[H][C@](O)(COP(O)(=O)OC[C@@]([H])(COC(=O)CCCCCCCCCC)OC(=O)CCCCCCCCCCCCCC)COP(O)(=O)OC[C@@]([H])(COC(=O)CCCCCCCCCCCCCCCC)OC(=O)CCCCCCCCCCCCCCCCCCCCC(C)C,1395.9509999999998,1395.9509999999996,2.2737367544323206e-13
79969,[H][C@@](O)(COP(O)(=O)OC[C@@]([H])(COC(=O)CCCCCCCCCCCCCC(C)C)OC(=O)CCCCCCCCCCCCCCCCCCCC)COP(O)(=O)OC[C@@]([H])(COC(=O)CCCCCCCCC(C)CC)OC(=O)CCCCCCCCCCCCCC,[H][C@](O)(COP(O)(=O)OC[C@@]([H])(COC(=O)CCCCCCCCC)OC(=O)CCCCCCCCCCC(C)CC)COP(O)(=O)OC[C@@]([H])(COC(=O)CCCCCCCCCCCCCCCCCC)OC(=O)CCCCCCCCCCCCCCCCCCC(C)C,1381.9239999999995,1381.9239999999998,2.2737367544323206e-13
80252,[H][C@](O)(COP(O)(=O)OC[C@@]([H])(COC(=O)CCCCCCCCCCC)OC(=O)CCCCCCCCCCCC(C)C)COP(O)(=O)OC[C@@]([H])(COC(=O)CCCCCCCCCCCCCCCC(C)C)OC(=O)CCCCCCCCCCCCCCCC(C)C,[H][C@](O)(COP(O)(=O)OC[C@@]([H])(COC(=O)CCCCCCCCC(C)CC)OC(=O)CCCCCCCCCCCC(C)C)COP(O)(=O)OC[C@@]([H])(COC(=O)CCCCCCCCCCCCCCCCCCCCC(C)C)OC(=O)CCCCCCCCC(C)CC,1367.8969999999995,1367.8969999999995,0.0
80626,CCCCC\C=C/C\C=C/C\C=C/C\C=C/CCCCCC(=O)O[C@H](COC(=O)CCC\C=C/C[C@H]1C=CC(=O)[C@@H]1\C=C\[C@@H](O)CCCCC)COP(O)(O)=O,CCCCC[C@H](O)\C=C\[C@@H]1[C@@H](CCCCCCC(=O)O[C@H](COC(=O)CCCCCCCCCCCCCCCCC(C)C)COP(O)(O)=O)[C@@H](O)CC1=O,803.0270000000004,803.0680000000003,0.04099999999993997
80729,[H][C@](O)(COP(O)(=O)OC[C@@]([H])(COC(=O)CCCCCCCCCC)OC(=O)CCCCCCCCCCCC)COP(O)(=O)OC[C@@]([H])(COC(=O)CCCCCCCCCCCCC(C)CC)OC(=O)CCCCCCCCCCCCCCCCC(C)C,[H]C(O)(COP(O)(=O)OC[C@@]([H])(COC(=O)CCCCCCCCCCCCCC(C)C)OC(=O)CCCCCCCCCCCC(C)C)COP(O)(=O)OC[C@@]([H])(COC(=O)CCCCCCCCCC(C)C)OC(=O)CCCCCCCCCCCCC(C)C,1311.7889999999998,1311.7889999999993,4.547473508864641e-13
81177,[H][C@@](O)(COP(O)(=O)OC[C@@]([H])(COC(=O)CCCCCCCCCCCCCC(C)C)OC(=O)CCCCCCCCCCCCCCCC(C)C)COP(O)(=O)OC[C@@]([H])(COC(=O)CCCCCCCCC(C)C)OC(=O)CCCCCCCCCCCCCCCCC(C)CC,[H][C@@](O)(COP(O)(=O)OC[C@@]([H])(COC(=O)CCCCCCCCCCCCCCCCCCCC)OC(=O)CCCCCCCCCCCCCCCCCCCCC)COP(O)(=O)OC[C@@]([H])(COC(=O)CCCCCCCCCCCC)OC(=O)CCCCCCCCC(C)CC,1424.0049999999997,1424.0049999999997,0.0
81268,[H][C@@](O)(COP(O)(=O)OC[C@@]([H])(COC(=O)CCCCCCCCCCCCCCCCCCCC)OC(=O)CCCCCCCCCCCCCCCCCCCCCCCC)COP(O)(=O)OC[C@@]([H])(COC(=O)CCCCCCCCC(C)C)OC(=O)CCCCCCCCCCCCCC(C)C,[H][C@@](O)(COP(O)(=O)OC[C@@]([H])(COC(=O)CCCCCCCCCCCCCCCCCCCCCCC)OC(=O)CCCCCCCCCCCCCCCCCCCCC(C)C)COP(O)(=O)OC[C@@]([H])(COC(=O)CCCCCCCCC(C)C)OC(=O)CCCCCCCCCCCC(C)C,1508.1669999999995,1508.1669999999995,0.0
81367,[H][C@@](O)(COP(O)(=O)OC[C@@]([H])(COC(=O)CCCCCCCCCCCCCCCC(C)C)OC(=O)CCCCCCCCCCCCCCCCCCC(C)C)COP(O)(=O)OC[C@@]([H])(COC(=O)CCCCCCCCC(C)C)OC(=O)CCCCCCCCCCCCCCCCCC,[H]C(O)(COP(O)(=O)OC[C@@]([H])(COC(=O)CCCCCCCCCCCCCCCCCCCCC(C)C)OC(=O)CCCCCCCCCCC(C)CC)COP(O)(=O)OC[C@@]([H])(COC(=O)CCCCCCCCCC(C)C)OC(=O)CCCCCCCCCCCCCCCCC(C)C,1466.086,1466.0860000000002,2.2737367544323206e-13
81389,[H][C@](O)(COP(O)(=O)OC[C@@]([H])(COC(=O)CCCCCCCCCC)OC(=O)CCCCCCCCCCC)COP(O)(=O)OC[C@@]([H])(COC(=O)CCCCCCCCCCC(C)CC)OC(=O)CCCCCCCCCCCCCCC(C)C,[H][C@](O)(COP(O)(=O)OC[C@@]([H])(COC(=O)CCCCCCC)OC(=O)CCCCCCCCCC)COP(O)(=O)OC[C@@]([H])(COC(=O)CCCCCCCCCCCC)OC(=O)CCCCCCCCCCCCCCCCCCCCC(C)C,1241.6539999999998,1241.6539999999998,0.0
81508,[H][C@@](COC(=O)CCCCCCCCCCCCCCCCCCCCC(C)C)(COC(=O)CCCCCCCCCCCCC(C)CC)OC(=O)CCCCCCCCCCCCCCCCC(C)C,[H][C@](COC(=O)CCCCCCCCCCCCCCCCCCCCC(C)CC)(COC(=O)CCCCCCCCCCCCCCCCCC(C)C)OC(=O)CCCCCCCCCCC(C)CC,989.6899999999987,989.6899999999987,0.0
81538,[H][C@@](COC(=O)CCCCCCCCCCCCC)(COC(=O)CCCCCCCCCCCCC(C)CC)OC(=O)CCCCCCCCCCCCCCC(C)C,[H][C@@](COC(=O)CCCCCCCCCCC\C=C/C\C=C/CCCCC)(COP(O)(=O)OCCN)OC(=O)CCCCCC\C=C/C\C=C/C\C=C/CCCCC,821.3659999999994,822.1619999999995,0.7960000000000491
81559,[H]C(O)(COP(O)(=O)OC[C@@]([H])(COC(=O)CCCCCCCCCCCCCCCCCCC(C)C)OC(=O)CCCCCCCCCCC(C)CC)COP(O)(=O)OC[C@@]([H])(COC(=O)CCCCCCCCCC(C)C)OC(=O)CCCCCCCCCCCCC(C)C,[H]C(O)(COP(O)(=O)OC[C@@]([H])(COC(=O)CCCCCCCCCCCCC(C)CC)OC(=O)CCCCCCCCCCCCCCCCCCC(C)C)COP(O)(=O)OC[C@@]([H])(COC(=O)CCCCCCCCCCC(C)C)OC(=O)CCCCCCCCCC(C)C,1381.9239999999998,1381.9239999999995,2.2737367544323206e-13
81658,[H][C@@](O)(COP(O)(=O)OC[C@@]([H])(COC(=O)CCCCCCCCCCCCCC(C)C)OC(=O)CCCCCCCCCCCCCCCCCCC(C)C)COP(O)(=O)OC[C@@]([H])(COC(=O)CCCCCCCCCCCCC(C)C)OC(=O)CCCCCCCCCCCCC(C)C,[H][C@@](O)(COP(O)(=O)OC[C@@]([H])(COC(=O)CCCCCCCCCCCCCCCCC(C)C)OC(=O)CCCCCCCCCCCCCCCCCCCCCC)COP(O)(=O)OC[C@@]([H])(COC(=O)CCCCCCCCCC(C)C)OC(=O)CCCCCCCCCCCCCC,1452.0589999999997,1452.0589999999997,0.0
81824,[H][C@](O)(COP(O)(=O)OC[C@@]([H])(COC(=O)CCCCCCCCC)OC(=O)CCCCCCCCCCCCCCC(C)C)COP(O)(=O)OC[C@@]([H])(COC(=O)CCCCCCCCCCCCCCCC(C)C)OC(=O)CCCCCCCCCCCCCCCCCCCCC(C)CC,[H][C@@](O)(COP(O)(=O)OC[C@@]([H])(COC(=O)CCCCCCCCCCCCCCCC(C)C)OC(=O)CCCCCCCCCCCCCCCCCCCCCCC)COP(O)(=O)OC[C@@]([H])(COC(=O)CCCCCCCCCCCC)OC(=O)CCCCCCCCCCCCC(C)C,1466.0859999999998,1466.0859999999996,2.2737367544323206e-13
82387,[H]C(O)(COP(O)(=O)OC[C@@]([H])(COC(=O)CCCCCCCCCC(C)C)OC(=O)CCCCCCCCCCCCCCCCCCC(C)C)COP(O)(=O)OC[C@@]([H])(COC(=O)CCCCCCCCCC(C)C)OC(=O)CCCCCCCCCCCCCC(C)C,[H][C@@](O)(COP(O)(=O)OC[C@@]([H])(COC(=O)CCCCCCCCCCCCCCCC)OC(=O)CCCCCCCCCCCCCCCCCC(C)C)COP(O)(=O)OC[C@@]([H])(COC(=O)CCCCCCCCCC(C)C)OC(=O)CCCCCCCCCCC(C)C,1367.8969999999995,1367.8969999999995,0.0
82400,[H]C(O)(COP(O)(=O)OC[C@@]([H])(COC(=O)CCCCCCCCCCCCCCCCCCCCC(C)C)OC(=O)CCCCCCCCCCCCCC(C)C)COP(O)(=O)OC[C@@]([H])(COC(=O)CCCCCCCCCC(C)C)OC(=O)CCCCCCCCCC(C)C,[H][C@](O)(COP(O)(=O)OC[C@@]([H])(COC(=O)CCCCCCCCCCCC)OC(=O)CCCCCCCCCCCCCCCC)COP(O)(=O)OC[C@@]([H])(COC(=O)CCCCCCCCCCCCCCCC)OC(=O)CCCCCCCCCCCCCCCCCCC,1395.951,1395.9509999999998,2.2737367544323206e-13
82507,[H][C@](O)(COP(O)(=O)OC[C@@]([H])(COC(=O)CCCCCCCCCCCCCC)OC(=O)CCCCCCCCCCCCCCC)COP(O)(=O)OC[C@@]([H])(COC(=O)CCCCCCCCCCCCC(C)C)OC(=O)CCCCCCCCCCCCCCCCC(C)C,[H][C@@](O)(COP(O)(=O)OC[C@@]([H])(COC(=O)CCCCCCCCCCCCCCCC)OC(=O)CCCCCCCCCCCCCCC(C)C)COP(O)(=O)OC[C@@]([H])(COC(=O)CCCCCCCCCCCCCCC)OC(=O)CCCCCCCCCCCCC(C)C,1395.9509999999993,1395.9509999999998,4.547473508864641e-13
82646,[H][C@@](COC(=O)CCCCCC\C=C/C\C=C/C\C=C/C\C=C/CC)(COP(O)(=O)OCCN)OC(=O)CCC\C=C\C=C/C(O)C\C=C/C\C=C/CCCCC,[H][C@@](COC(=O)CCCCCC\C=C/C\C=C/C\C=C/CCCCC)(COP(O)(=O)OCCN)OC(=O)CCC\C=C/C\C=C/C\C=C/C=C/C(=O)CCCCC,804.0589999999999,804.0589999999999,0.0
82647,[H][C@@](COC(=O)CC\C=C/C\C=C/C\C=C/C\C=C/C\C=C/CCCCC)(COP(O)(=O)OC[C@H](N)C(O)=O)OC(=O)CCC\C=C/C\C=C/C\C=C/CC1OC1CCCCC,[H][C@@](COCCCCCCCCCCCCCCCCCC)(COC(=O)CCCCCCC\C=C/CCCCCCCC)OC(=O)CCCCCCCCC\C=C/CCCCCC,874.1059999999999,873.4859999999992,0.6200000000006867
83021,[H][C@](O)(COP(O)(=O)OC[C@@]([H])(COC(=O)CCCCCCCCC(C)CC)OC(=O)CCCCCCCCCCCCCCCC(C)C)COP(O)(=O)OC[C@@]([H])(COC(=O)CCCCCCCCC(C)CC)OC(=O)CCCCCCCCCCCCC(C)CC,[H][C@@](O)(COP(O)(=O)OC[C@@]([H])(COC(=O)CCCCCCCCCCCC(C)C)OC(=O)CCCCCCCCCCCCCCCC(C)C)COP(O)(=O)OC[C@@]([H])(COC(=O)CCCCCCCCC(C)C)OC(=O)CCCCCCCCCCCCC(C)C,1325.8159999999993,1325.8159999999993,0.0
83092,[H]C(O)(COP(O)(=O)OC[C@@]([H])(COC(=O)CCCCCCCCCCCCCCCCCC(C)C)OC(=O)CCCCCCCCCCCCCCC(C)C)COP(O)(=O)OC[C@@]([H])(COC(=O)CCCCCCCCC(C)C)OC(=O)CCCCCCCCCCCCCCCCCCCCC(C)C,[H][C@](O)(COP(O)(=O)OC[C@@]([H])(COC(=O)CCCCCCCCCC)OC(=O)CCCCCCCCCCCCC(C)C)COP(O)(=O)OC[C@@]([H])(COC(=O)CCCCCCCCCCCCCCCCCCCCC(C)C)OC(=O)CCCCCCCCCCCCCCCCCCCCC(C)C,1508.1670000000001,1508.167,2.2737367544323206e-13
83315,[H][C@](O)(COP(O)(=O)OC[C@@]([H])(COC(=O)CCCCCCCCCC)OC(=O)CCCCCCCCCCCCCCCCCC(C)C)COP(O)(=O)OC[C@@]([H])(COC(=O)CCCCCCCCCCCCCCCCCC(C)C)OC(=O)CCCCCCCCCCCCCCCCCCCCC(C)C,[H][C@](O)(COP(O)(=O)OC[C@@]([H])(COC(=O)CCCCCCCCCCCCC)OC(=O)CCCCCCCCCCCCCC(C)C)COP(O)(=O)OC[C@@]([H])(COC(=O)CCCCCCCCCCCCCCCCCCCCC)OC(=O)CCCCCCCCCCCCCCCCCCCCCCC,1536.221,1536.2210000000005,4.547473508864641e-13
83451,[H][C@@](O)(COP(O)(=O)OC[C@@]([H])(COC(=O)CCCCCCCCCCCCCCCCC)OC(=O)CCCCCCCCCCCCCCCCC)COP(O)(=O)OC[C@@]([H])(COC(=O)CCCCCCCCCCC(C)CC)OC(=O)CCCCCCCCCCCCCC(C)C,[H]C(O)(COP(O)(=O)OC[C@@]([H])(COC(=O)CCCCCCCCCCCCCCCCCC(C)C)OC(=O)CCCCCCCCCCCCCCCCC(C)C)COP(O)(=O)OC[C@@]([H])(COC(=O)CCCCCCCCCCC(C)C)OC(=O)CCCCCCCCC(C)CC,1409.9779999999994,1409.9779999999998,4.547473508864641e-13
83609,[H][C@](COC(=O)CCCCCCCCCCCCC)(COC(=O)CCCCC\C=C/C\C=C/C\C=C/C\C=C/C\C=C/CC)OC(=O)CCCCCCCCCCC\C=C/C\C=C/CCCCC,[H][C@](COC(=O)CCCCCCCCC\C=C/C\C=C/CCCCC)(COC(=O)CCCCC\C=C/C\C=C/C\C=C/C\C=C/C\C=C/CC)OC(=O)CCCCCCCCCCCCCCC,933.4969999999992,933.4969999999993,1.1368683772161603e-13
83842,[H][C@@](O)(COP(O)(=O)OC[C@@]([H])(COC(=O)CCCCCCCCCCCCCCCCCCCCC(C)CC)OC(=O)CCCCCCCCCCCCCCCCCCCCC(C)CC)COP(O)(=O)OC[C@@]([H])(COC(=O)CCCCCCCCC(C)C)OC(=O)CCCCCCCCCCCCCCC(C)C,[H][C@](O)(COP(O)(=O)OC[C@@]([H])(COC(=O)CCCCCCCCCCCCCCC)OC(=O)CCCCCCCCCCCCCCCC(C)C)COP(O)(=O)OC[C@@]([H])(COC(=O)CCCCCCCCCCCCCCCCCCC(C)C)OC(=O)CCCCCCCCCCCCCCCCCCCCCC,1578.3019999999997,1578.3020000000004,6.821210263296962e-13
83867,NCCCC[C@H](NC(=O)[C@@H]1CCCN1C(=O)[C@@H]1CSSC[C@H](NC(=O)CNC(=O)CNC(=O)CN)C(=O)N[C@@H](CC2=CC=C(O)C=C2)C(=O)N[C@@H](CC2=CC=CC=C2)C(=O)N[C@@H](CCC(N)=O)C(=O)N[C@@H](CC(N)=O)C(=O)N1)C(=O)NCC(N)=O,[H][C@](O)(COP(O)(=O)OC[C@@]([H])(COC(=O)CCCCCCC)OC(=O)CCCCCCCCCC)COP(O)(=O)OC[C@@]([H])(COC(=O)CCCCCCCCCCCCC(C)C)OC(=O)CCCCCCCCCCCCCCCCC(C)C,1227.3950000000002,1227.6269999999997,0.23199999999951615
83910,[H][C@](O)(COP(O)(=O)OC[C@@]([H])(COC(=O)CCCCCCCCC)OC(=O)CCCCCCCCCCCC)COP(O)(=O)OC[C@@]([H])(COC(=O)CCCCCCCCCC(C)C)OC(=O)CCCCCCCCCCCCCCCC(C)C,[H][C@@](O)(COP(O)(=O)OC[C@@]([H])(COC(=O)CCCCCCCCCCC(C)CC)OC(=O)CCCCCCCCCCCC(C)C)COP(O)(=O)OC[C@@]([H])(COC(=O)CCCCCCCCC(C)C)OC(=O)CCCCCCCCCC(C)C,1227.6269999999997,1227.6269999999995,2.2737367544323206e-13
84061,[H][C@](O)(CO)COP(O)(=O)OC[C@@]([H])(COC(=O)CCCCCCC\C=C/C=C\CCCCCC)OC(=O)CCCCCCCC1OC1C\C=C/CCCCC,[H][C@](N)(COP(O)(=O)OC[C@@]([H])(COC(=O)CCCCCCCCCCCCCCC)OC(=O)CCCCCC\C=C/C\C=C/C\C=C/CCCCC)C(O)=O,787.0249999999997,786.041,0.9839999999996962
84092,[H][C@@](O)(COP(O)(=O)OC[C@@]([H])(COC(=O)CCCCCCCCCCCCCCC)OC(=O)CCCCCCCCCCCCCC(C)C)COP(O)(=O)OC[C@@]([H])(COC(=O)CCCCCCCCCCCC)OC(=O)CCCCCCCCCCC(C)CC,[H]C(O)(COP(O)(=O)OC[C@@]([H])(COC(=O)CCCCCCCCC(C)C)OC(=O)CCCCCCCCCCCCCCCCCC(C)C)COP(O)(=O)OC[C@@]([H])(COC(=O)CCCCCCCCCCCC(C)C)OC(=O)CCCCCCCCC(C)CC,1311.7889999999995,1311.7889999999993,2.2737367544323206e-13
84707,[H][C@@](O)(COP(O)(=O)OC[C@@]([H])(COC(=O)CCCCCCCCCCCCCCCCCCCCC(C)C)OC(=O)CCCCCCCCCCCCCCCCCCCCCCCC)COP(O)(=O)OC[C@@]([H])(COC(=O)CCCCCCCCCCCC(C)C)OC(=O)CCCCCCCCCCCC(C)C,[H]C(O)(COP(O)(=O)OC[C@@]([H])(COC(=O)CCCCCCCCCCCCCCCCCCCCC(C)CC)OC(=O)CCCCCCCCCCCCCCCCCCCCC(C)C)COP(O)(=O)OC[C@@]([H])(COC(=O)CCCCCCCCCC(C)C)OC(=O)CCCCCCCCCCCCC(C)CC,1564.2749999999996,1564.2749999999996,0.0
85666,[H][C@](O)(COP(O)(=O)OC[C@@]([H])(COC(=O)CCCCCCCCC)OC(=O)CCCCCCCCCCCCC(C)C)COP(O)(=O)OC[C@@]([H])(COC(=O)CCCCCCCCCCCCCC(C)C)OC(=O)CCCCCCCCCCCCCCCCC(C)CC,[H]C(O)(COP(O)(=O)OC[C@@]([H])(COC(=O)CCCCCCCCCCC(C)C)OC(=O)CCCCCCCCCCCCCCCCC(C)C)COP(O)(=O)OC[C@@]([H])(COC(=O)CCCCCCCCCC(C)C)OC(=O)CCCCCCCCCCCCCC(C)C,1353.8699999999997,1353.8699999999994,2.2737367544323206e-13
85717,[H][C@](COC(=O)CCCCCCCCCCCCCCC(C)C)(COC(=O)CCCCCCCCCCCC(C)C)OC(=O)CCCCCCC,[H][C@@](COC(=O)CCCCCCC)(COC(=O)CCCCCCCCCCCCCCCC)OC(=O)CCCCCCCCCCCCCCC,709.15,709.1499999999997,2.2737367544323206e-13
85819,[H][C@@](COC(=O)CCC[C@@H](O)[C@H](O)\C=C\C=C\C=C/C=C/[C@H](O)CCCCC)(COP(O)(=O)OC[C@H](N)C(O)=O)OC(=O)CCCCC\C=C/C\C=C/C\C=C/C\C=C/C\C=C/CC,[H][C@@](COC(=O)CCCCCCCCCCCCCCCCCCC)(COC(=O)CCCCCCCCCCCCCC(C)C)OC(=O)CCCCCCCCCCCCCCC(C)C,906.1039999999997,905.5279999999992,0.5760000000004766
85836,OCC1(O)OCC(O)C(O)C1O,CCCC1=NC=CC(=C1)C(S)=N,180.156,180.276,0.12000000000000455
86256,[H][C@](O)(COP(O)(=O)OC[C@@]([H])(COC(=O)CCCCCCCCCCCCC)OC(=O)CCCCCCCCCCCCCC)COP(O)(=O)OC[C@@]([H])(COC(=O)CCCCCCCCCCCCCCCCCCC(C)C)OC(=O)CCCCCCCCCCCCCCCCCCCCCC,[H][C@@](O)(COP(O)(=O)OC[C@@]([H])(COC(=O)CCCCCCCCCCCCCCCCCC(C)C)OC(=O)CCCCCCCCCCCCCCCCCCC(C)C)COP(O)(=O)OC[C@@]([H])(COC(=O)CCCCCCCCCCC(C)C)OC(=O)CCCCCCCCCCCCCCCC,1494.1399999999999,1494.14,2.2737367544323206e-13
86269,CC(=O)OC1C2=C(C)C(CC(O)(C(OC(=O)C3=CC=CC=C3)C3C4(COC4C(O)C(O)C3(C)C1=O)OC(C)=O)C2(C)C)OC(=O)C(O)C(NC(=O)C1=CC=CC=C1)C1=CC=CC=C1,[H][C@](O)(COP(O)(O)=O)COP(O)(=O)OC[C@@]([H])(COC(=O)CCCCCCC\C=C/C=C/C(=O)CCCCC)OC(=O)CCCCCCCCCCCCCCCCC,869.9170000000001,869.019999999999,0.8970000000011851
86362,[H][C@](O)(COP(O)(=O)OC[C@@]([H])(COC(=O)CCCCCCCCCCCCCC)OC(=O)CCCCCCCCCCCCCCCC)COP(O)(=O)OC[C@@]([H])(COC(=O)CCCCCCCCCCCCCCCCC)OC(=O)CCCCCCCCCCCCCCCCCC(C)C,[H][C@@](O)(COP(O)(=O)OC[C@@]([H])(COC(=O)CCCCCCCCCCCCC(C)C)OC(=O)CCCCCCCCCCCCCCCCCCCCC(C)CC)COP(O)(=O)OC[C@@]([H])(COC(=O)CCCCCCCCCCCC(C)C)OC(=O)CCCCCCCCCCCC(C)C,1452.0589999999997,1452.0589999999997,0.0
86557,CCCCCCCC\C=C/CCCCCCCC(=O)O[C@@H]1COC(=O)CCCCCC[C@@H]2[C@@H](O)[C@H](O)[C@@H](O)[C@H](OP(O)(=O)OC1)[C@H](OP(O)(O)=O)[C@H](O)[C@@H](\C=C\[C@@H](O)CCCCC)[C@H](O)CC2=O,[H]C(COC(=O)CCCCCCCCCCC\C=C/C\C=C/CCCCC)(COC(=O)CCCCCCCCCCC\C=C/C\C=C/CCCCC)OC(=O)CCC\C=C/C\C=C/C\C=C/C\C=C/CCCCC,1015.1180000000006,1015.6429999999992,0.524999999998613
86691,[H][C@@]1(CC2=C(O)C=C(O)C=C2O[C@]1([H])C1=CC(O)=C(O)C=C1)O[C@]1([H])O[C@]([H])(C(O)=O)[C@@]([H])(O)[C@]([H])(O)[C@@]1([H])O,CC\C=C/C[C@H](O)\C=C\C=C\C=C/C=C\[C@@H](O)[C@H](O)CCCC(=O)O[C@@H](CO)COC(C)=O,466.3950000000001,466.5710000000004,0.17600000000032878
86858,[H][C@@](O)(COP(O)(=O)OC[C@@]([H])(COC(=O)CCCCCCCCCCCCCCCCCC(C)C)OC(=O)CCCCCCCCCCCCCCCCCCCCCC)COP(O)(=O)OC[C@@]([H])(COC(=O)CCCCCCCCCCC(C)CC)OC(=O)CCCCCCCCCCCCCCCC,[H]C(O)(COP(O)(=O)OC[C@@]([H])(COC(=O)CCCCCCCCCCCCCCCCC(C)CC)OC(=O)CCCCCCCCCCCCCCC(C)C)COP(O)(=O)OC[C@@]([H])(COC(=O)CCCCCCCCCC(C)C)OC(=O)CCCCCCCCCCCCCCCCCCCCC(C)C,1522.1939999999997,1522.1940000000002,4.547473508864641e-13
87012,[H]C(O)(COP(O)(=O)OC[C@@]([H])(COC(=O)CCCCCCCCCCCCCC(C)C)OC(=O)CCCCCCCCCCCCCC(C)C)COP(O)(=O)OC[C@@]([H])(COC(=O)CCCCCCCCCCC(C)C)OC(=O)CCCCCCCCCCCCC(C)C,[H][C@@](O)(COP(O)(=O)OC[C@@]([H])(COC(=O)CCCCCCCCCCCCCCCCC(C)C)OC(=O)CCCCCCCCCCC(C)C)COP(O)(=O)OC[C@@]([H])(COC(=O)CCCCCCCCC(C)CC)OC(=O)CCCCCCCCCCCCC(C)CC,1353.8699999999994,1353.8699999999994,0.0
87058,[H][C@@](COC(=O)CCCCCCCCCCCCCCCCC)(COC(=O)CCCCCCCCCCCCCCCCC(C)CC)OC(=O)CCCCCCC,[H][C@](COC(=O)CCCCCCCCCCCCC)(COC(=O)CCCCCCCCCC(C)C)OC(=O)CCCCCCCCCCCCCCCCCCC,793.3119999999997,793.3119999999992,4.547473508864641e-13
87452,[H]C(O)(COP(O)(=O)OC[C@@]([H])(COC(=O)CCCCCCCCCCCCC(C)CC)OC(=O)CCCCCCCCCCCCCCCCCCC(C)C)COP(O)(=O)OC[C@@]([H])(COC(=O)CCCCCCCCCCC(C)C)OC(=O)CCCCCCCCCCCCCC(C)C,[H][C@](O)(COP(O)(=O)OC[C@@]([H])(COC(=O)CCCCCCCCC)OC(=O)CCCCCCCCCCCCCCCCCCC)COP(O)(=O)OC[C@@]([H])(COC(=O)CCCCCCCCCCCCCCCCCCC)OC(=O)CCCCCCCCCCCCCCCCC(C)C,1438.0319999999997,1438.0319999999997,0.0
87647,[H][C@@](O)(COP(O)(=O)OC[C@@]([H])(COC(=O)CCCCCCCCCCCCCCCCCCCCC)OC(=O)CCCCCCCCCCCCCCCCCCCCCCC)COP(O)(=O)OC[C@@]([H])(COC(=O)CCCCCCCCCCC(C)C)OC(=O)CCCCCCCCCCCCCC,[H][C@@](O)(COP(O)(=O)OC[C@@]([H])(COC(=O)CCCCCCCCCCCCCCCCCCCCCC)OC(=O)CCCCCCCCCCCCCCCCCCCCCC)COP(O)(=O)OC[C@@]([H])(COC(=O)CCCCCCCCC(C)C)OC(=O)CCCCCCCCCCCCCC(C)C,1508.167,1508.1669999999997,2.2737367544323206e-13
87788,[H][C@](O)(COP(O)(=O)OC[C@@]([H])(COC(=O)CCCCCCCCC)OC(=O)CCCCCCCCC)COP(O)(=O)OC[C@@]([H])(COC(=O)CCCCCCCCCCCCCCCCCC)OC(=O)CCCCCCCCCCCCCCCCCCCCCCC,[H][C@](O)(COP(O)(=O)OC[C@@]([H])(COC(=O)CCCCCCC)OC(=O)CCCCCCCCCCCC(C)C)COP(O)(=O)OC[C@@]([H])(COC(=O)CCCCCCCCCCCCC(C)CC)OC(=O)CCCCCCCCCCCCCCCCCCCCCC,1339.8430000000003,1339.8430000000003,0.0
87904,[H][C@@](COC(=O)CCCCCCCCCCCCCCCC)(COC(=O)CCCCCCCCCCCCCCCC(C)C)OC(=O)CCCCCCCCCCC(C)C,[H][C@](COC(=O)CCCCCCCCCCCCCCCC)(COC(=O)CCCCCCCCCCCCCCCCCCC)OC(=O)CCCCCCCCCC(C)C,835.3929999999996,835.3929999999995,1.1368683772161603e-13
88019,[H]C(O)(COP(O)(=O)OC[C@@]([H])(COC(=O)CCCCCCCCCC(C)C)OC(=O)CCCCCCCCCCCCCC(C)C)COP(O)(=O)OC[C@@]([H])(COC(=O)CCCCCCCCCCCCCCCCC(C)CC)OC(=O)CCCCCCCCCC(C)C,[H][C@@](O)(COP(O)(=O)OC[C@@]([H])(COC(=O)CCCCCCCCCCCCC(C)CC)OC(=O)CCCCCCCCCCC(C)C)COP(O)(=O)OC[C@@]([H])(COC(=O)CCCCCCCCC(C)C)OC(=O)CCCCCCCCCCCCCCCCC(C)CC,1353.8699999999994,1353.8699999999997,2.2737367544323206e-13
88642,[H][C@](O)(COP(O)(=O)OC[C@@]([H])(COC(=O)CCCCCCCCCCC)OC(=O)CCCCCCCCCCCCCCCCCCC)COP(O)(=O)OC[C@@]([H])(COC(=O)CCCCCCCCCCCCCCCCCCCCC)OC(=O)CCCCCCCCCCCCCCCCCCCCC,[H][C@@](O)(COP(O)(=O)OC[C@@]([H])(COC(=O)CCCCCCCCCCCCCCCCC(C)CC)OC(=O)CCCCCCCCCCCCCCCCCCCCC(C)C)COP(O)(=O)OC[C@@]([H])(COC(=O)CCCCCCCCC(C)CC)OC(=O)CCCCCCCCCCCCCCC(C)C,1522.1940000000002,1522.1939999999997,4.547473508864641e-13
88701,[H][C@@](O)(COP(O)(=O)OC[C@@]([H])(COC(=O)CCCCCCCCCCCCCCCCCCC)OC(=O)CCCCCCCCCCCCCCCCCCC)COP(O)(=O)OC[C@@]([H])(COC(=O)CCCCCCCCCCCCC(C)C)OC(=O)CCCCCCCCCCCCCCCC,[H][C@](O)(COP(O)(=O)OC[C@@]([H])(COC(=O)CCCCCCCCC)OC(=O)CCCCCCCCCCCCCCC(C)C)COP(O)(=O)OC[C@@]([H])(COC(=O)CCCCCCCCCCCCCCCCCCC(C)C)OC(=O)CCCCCCCCCCCCCCCCCCCCCC,1480.113,1480.113,0.0
88726,[H][C@](O)(COP(O)(=O)OC[C@@]([H])(COC(=O)CCCCCCCCCC)OC(=O)CCCCCCCCCCCCCCC(C)C)COP(O)(=O)OC[C@@]([H])(COC(=O)CCCCCCCCCCCCCCCCCC(C)C)OC(=O)CCCCCCCCCCCCCCCCCCCCC(C)CC,[H][C@@](O)(COP(O)(=O)OC[C@@]([H])(COC(=O)CCCCCCCCCCCCCCCCC)OC(=O)CCCCCCCCCCCCCCCCCCCCCCC)COP(O)(=O)OC[C@@]([H])(COC(=O)CCCCCCCCCCCCC(C)C)OC(=O)CCCCCCCCCCCCCCCC,1508.167,1508.1669999999997,2.2737367544323206e-13
88801,[H][C@@](O)(COP(O)(=O)OC[C@@]([H])(COC(=O)CCCCCCCCCCCC(C)C)OC(=O)CCCCCCCCCCCCCCCCCC)COP(O)(=O)OC[C@@]([H])(COC(=O)CCCCCCCCC(C)CC)OC(=O)CCCCCCCCCCCCCC,[H][C@@](O)(COP(O)(=O)OC[C@@]([H])(COC(=O)CCCCCCCCC(C)C)OC(=O)CCCCCCCCCCCCCCCCCCC(C)C)COP(O)(=O)OC[C@@]([H])(COC(=O)CCCCCCCCC(C)CC)OC(=O)CCCCCCCCCCCC(C)C,1325.8159999999993,1325.8159999999993,0.0
88912,[H][C@@](COC(=O)CCCCCCCCCCC)(COC(=O)CCCCCCCCCCC(C)C)OC(=O)CCCCCCCCCCCCC,[H][C@@](CO\C=C\CCCCCCCCCCCCCC)(COP(O)(O)=O)OC(=O)CCCC(O)\C=C\C=C/C\C=C/C\C=C/C\C=C/CC,695.1229999999997,694.9309999999999,0.1919999999997799
89258,CC12C3C(C(O)=O)C45CC(=C)C(O)(C4)CCC5C3(OC1=O)C=CC2O,CC(C)C1=CC2=C(C(O)=C1O)C13CCCC(C)(C)C1C(O)C2OC3=O,346.379,346.423,0.04399999999998272
89938,[H][C@@](O)(COP(O)(=O)OC[C@@]([H])(COC(=O)CCCCCCCCCCCCCCCCCCC(C)C)OC(=O)CCCCCCCCCCCCCCCCCCCCC(C)C)COP(O)(=O)OC[C@@]([H])(COC(=O)CCCCCCCCCCC)OC(=O)CCCCCCCCCCC(C)C,[H][C@](O)(COP(O)(=O)OC[C@@]([H])(COC(=O)CCCCCCCCCC)OC(=O)CCCCCCCCCCCCCCCCCC)COP(O)(=O)OC[C@@]([H])(COC(=O)CCCCCCCCCCCCCCCCC(C)C)OC(=O)CCCCCCCCCCCCCCCCCCC(C)C,1466.0859999999998,1466.0859999999996,2.2737367544323206e-13
90066,[H][C@@](O)(COP(O)(=O)OC[C@@]([H])(COC(=O)CCCCCCCCCCCCCCCCCCCCC)OC(=O)CCCCCCCCCCCCCCCCCCCCC(C)CC)COP(O)(=O)OC[C@@]([H])(COC(=O)CCCCCCCCCC(C)C)OC(=O)CCCCCCCCCCC(C)C,[H][C@@](O)(COP(O)(=O)OC[C@@]([H])(COC(=O)CCCCCCCCCCCCCCCCC(C)C)OC(=O)CCCCCCCCCCCCCCCCCCCCCCCC)COP(O)(=O)OC[C@@]([H])(COC(=O)CCCCCCCCCCC(C)C)OC(=O)CCCCCCCCCCCC(C)C,1494.1399999999996,1494.1399999999994,2.2737367544323206e-13
90128,[H][C@](O)(COP(O)(=O)OC[C@@]([H])(COC(=O)CCCCCCCCCCCCCCC)OC(=O)CCCCCCCCCCCCCCCCC(C)C)COP(O)(=O)OC[C@@]([H])(COC(=O)CCCCCCCCCCCCCCCCCCCCCCC)OC(=O)CCCCCCCCCCCCCCCCCCCCC(C)CC,[H][C@@](O)(COP(O)(=O)OC[C@@]([H])(COC(=O)CCCCCCCCCCCCCCCCCCCCCC)OC(=O)CCCCCCCCCCCCCCCCCCCCC(C)C)COP(O)(=O)OC[C@@]([H])(COC(=O)CCCCCCCCCCC(C)CC)OC(=O)CCCCCCCCCCCCCCCCCCCCCC,1648.4370000000006,1648.4370000000004,2.2737367544323206e-13
90454,[H][C@](O)(COP(O)(=O)OC[C@@]([H])(COC(=O)CCCCCCCCCCC)OC(=O)CCCCCCCCCCCC)COP(O)(=O)OC[C@@]([H])(COC(=O)CCCCCCCCCCCCCC)OC(=O)CCCCCCCCCCCCCCCCC(C)C,[H][C@](O)(COP(O)(=O)OC[C@@]([H])(COC(=O)CCCCCCCCC)OC(=O)CCCCCCCCCC)COP(O)(=O)OC[C@@]([H])(COC(=O)CCCCCCCCCCCCCCCCC)OC(=O)CCCCCCCCCCCCCCCCCC(C)C,1297.7619999999997,1297.762,2.2737367544323206e-13
90802,CC(C)(COP(O)(=O)OP(O)(=O)OCC1OC(C(O)C1OP(O)(O)=O)N1C=NC2=C1N=CN=C2N)C(O)C(=O)NCCC(=O)NCCSC(=O)C=CCCCC=CC(O)=O,[H][C@@](COC(=O)CCCCCCCCC\C=C/C\C=C/CCCCC)(COC(=O)CCCCCCC\C=C/C\C=C/CCCCC)OC(=O)CCC\C=C/C\C=C/C\C=C/CCCCCCCC,933.7169999999995,933.4969999999994,0.22000000000014097
90970,[H][C@@](COC(=O)CCCCCCCC(O)\C=C\C=C\C\C=C\CC)(COP(O)(=O)O[C@H]1[C@H](O)[C@@H](O)[C@H](O)[C@@H](O)[C@H]1O)OC(=O)CCCCCCCCCCCCCCCCCCC,[H][C@](COC(=O)CCCCCCC\C=C/C\C=C/CCCCC)(COC(=O)CCCCCCC\C=C/C\C=C/C\C=C/CC)OC(=O)CCCCCCCCC\C=C/C\C=C/CCCCC,905.1569999999992,905.4429999999995,0.2860000000002856
91065,[H][C@]12SCC(C=CC)=C(N1C(=O)[C@@]2([H])NC(=O)[C@H](N)C1=CC=C(O)C=C1)C(O)=O,ClC1=CC=C(CN2C=C(C(=O)C(=O)NC3=CC=NC=C3)C3=CC=CC=C23)C=C1,389.4330000000001,389.8420000000001,0.4089999999999918
91355,[H][C@](O)(COP(O)(=O)OC[C@@]([H])(COC(=O)CCCCCCCCCCCC)OC(=O)CCCCCCCCCCCCCCC)COP(O)(=O)OC[C@@]([H])(COC(=O)CCCCCCCCCCCCCC(C)C)OC(=O)CCCCCCCCCCCCCCC(C)C,[H][C@](O)(COP(O)(=O)OC[C@@]([H])(COC(=O)CCCCCCCCCCC)OC(=O)CCCCCCCCCCCCCC)COP(O)(=O)OC[C@@]([H])(COC(=O)CCCCCCCCCCCCCC)OC(=O)CCCCCCCCCCCCCCCCCCCCC,1353.8699999999992,1353.87,6.821210263296962e-13
91549,[H][C@@](O)(COP(O)(=O)OC[C@@]([H])(COC(=O)CCCCCCCCCCCCCCCCCC)OC(=O)CCCCCCCCCCCCCCCCC(C)C)COP(O)(=O)OC[C@@]([H])(COC(=O)CCCCCCCCCCC)OC(=O)CCCCCCCCCCC(C)C,[H][C@@](O)(COP(O)(=O)OC[C@@]([H])(COC(=O)CCCCCCCCCCC(C)C)OC(=O)CCCCCCCCCCCCCCCCCCCCCC)COP(O)(=O)OC[C@@]([H])(COC(=O)CCCCCCCCCCCCC)OC(=O)CCCCCCCCCCC(C)C,1367.8969999999997,1367.8969999999995,2.2737367544323206e-13
91696,[H][C@@](O)(COP(O)(=O)OC[C@@]([H])(COC(=O)CCCCCCCCCCC(C)C)OC(=O)CCCCCCCCCCCCCCCCCCC)COP(O)(=O)OC[C@@]([H])(COC(=O)CCCCCCCCCCCC)OC(=O)CCCCCCCCCCC(C)C,[H][C@](O)(COP(O)(=O)OC[C@@]([H])(COC(=O)CCCCCCC)OC(=O)CCCCCCCCCCCCCCC)COP(O)(=O)OC[C@@]([H])(COC(=O)CCCCCCCCCCCCCCCCC)OC(=O)CCCCCCCCCCCCCCCCCC,1311.7889999999993,1311.7889999999998,4.547473508864641e-13
91714,[H][C@@](COC(=O)CCCCCCC\C=C/CCCCCC)(COP([O-])(=O)OCC[N+](C)(C)C)OC(=O)CCC\C=C/C\C=C/C\C=C/C\C=C/C=C/[C@H](O)CC,[H][C@@](COC(=O)CCCCCCCCCCCCCCCCC(C)C)(COC(=O)CCCCCCCCCCC(C)C)OC(=O)CCCCCCCCC(C)CC,794.064,793.3119999999997,0.7520000000002938
91718,[H][C@@](O)(COP(O)(=O)OC[C@@]([H])(COC(=O)CCCCCCCCCCCCC(C)C)OC(=O)CCCCCCCCCCC(C)CC)COP(O)(=O)OC[C@@]([H])(COC(=O)CCCCCCCCC(C)CC)OC(=O)CCCCCCCCCCC(C)C,[H][C@](O)(COP(O)(=O)OC[C@@]([H])(COC(=O)CCCCCCC)OC(=O)CCCCCCCCC)COP(O)(=O)OC[C@@]([H])(COC(=O)CCCCCCCCCCCCCCC)OC(=O)CCCCCCCCCCCCCCCCCCCCCCC,1269.7079999999994,1269.7079999999999,4.547473508864641e-13
91720,[H][C@](O)(COP(O)(=O)OC[C@@]([H])(COC(=O)CCCCCCCCCCCC)OC(=O)CCCCCCCCCCCC)COP(O)(=O)OC[C@@]([H])(COC(=O)CCCCCCCCCCCCCC)OC(=O)CCCCCCCCCCCCC(C)C,[H]C(O)(COP(O)(=O)OC[C@@]([H])(COC(=O)CCCCCCCCCCC(C)C)OC(=O)CCCCCCCCCC(C)C)COP(O)(=O)OC[C@@]([H])(COC(=O)CCCCCCCCCCCCCCC(C)C)OC(=O)CCCCCCCCC(C)C,1255.6809999999996,1255.6809999999991,4.547473508864641e-13
91787,[H][C@](COC(=O)CCCCCCCCCCC)(COC(=O)CCCCCCCCCCCCCCCCCCCCC)OC(=O)CCCCCCCCCCCCCCCCCCCCC,[H][C@](COC(=O)CCCCCCCCCCCCCCCCC(C)C)(COC(=O)CCCCCCCCC(C)C)OC(=O)CCCCCCCCCCCCCCCCCCCCC(C)C,919.5549999999989,919.554999999999,1.1368683772161603e-13
91874,CC12CCC3C(CCC4CC5SC5CC34C)C1CCC2O,ClC1=C(Cl)C=C2C(OC3=CC(Cl)=C(Cl)C=C23)=C1,306.51500000000004,305.975,0.5400000000000205
92240,[H][C@](O)(COP(O)(=O)OC[C@@]([H])(COC(=O)CCCCCCC)OC(=O)CCCCCCCCCCCCC)COP(O)(=O)OC[C@@]([H])(COC(=O)CCCCCCCCCCCCCCC(C)C)OC(=O)CCCCCCCCCCCCCCCCCCCCC,[H][C@](O)(COP(O)(=O)OC[C@@]([H])(COC(=O)CCCCCCCCC)OC(=O)CCCCCCCCCCCC(C)C)COP(O)(=O)OC[C@@]([H])(COC(=O)CCCCCCCCCCCCC(C)CC)OC(=O)CCCCCCCCCCCCCCCCC(C)C,1325.816,1325.8159999999998,2.2737367544323206e-13
92491,[H][C@](COC(=O)CCCCCCCCCCCCCC)(COC(=O)CCCCCCCCCCCCCCC)OC(=O)CCCCCCC\C=C/CCCCCCCC,[H][C@](O)(CO)COP(O)(=O)OC[C@@]([H])(COC(=O)CCC\C=C/C\C=C/C\C=C/C\C=C/CCCCC)OC(=O)CCCCCC\C=C/C\C=C/C\C=C/C\C=C/CC,819.3499999999996,819.0699999999998,0.27999999999974534
92672,[H]C(O)(COP(O)(=O)OC[C@@]([H])(COC(=O)CCCCCCCCCCCCCCCCCC(C)C)OC(=O)CCCCCCCCCCCC(C)C)COP(O)(=O)OC[C@@]([H])(COC(=O)CCCCCCCCC(C)C)OC(=O)CCCCCCCCCCCCCCCCCCC(C)C,[H][C@@](O)(COP(O)(=O)OC[C@@]([H])(COC(=O)CCCCCCCCCCCCCCCCCC(C)C)OC(=O)CCCCCCCCCCCCCCCCCCCCC(C)CC)COP(O)(=O)OC[C@@]([H])(COC(=O)CCCCCCCCCCC)OC(=O)CCCCCCCCC(C)C,1438.032,1438.0319999999997,2.2737367544323206e-13
92675,[H][C@](O)(COP(O)(=O)OC[C@@]([H])(COC(=O)CCCCCCC\C=C/C=C\CCCCCC)OC(=O)CCCCCCC\C=C/C\C=C/CCCCC)COP(O)(=O)OC[C@@]([H])(COC(=O)CCCCCCC\C=C/C=C\CCCCCC)OC(=O)CCCCCCC\C=C/C=C\CCCCCC,[H]C(O)(COP(O)(=O)OC[C@@]([H])(COC(=O)CCCCCCC\C=C/CCCCCC)OC(=O)CCCCCCC\C=C/CCCCCCCC)COP(O)(=O)OC[C@@]([H])(COC(=O)CCCCCCC\C=C/C\C=C/CCCCC)OC(=O)CCC\C=C/C\C=C/C\C=C/C\C=C/CCCCC,1449.9579999999999,1449.9579999999996,2.2737367544323206e-13
93075,[H][C@@](O)(COP(O)(=O)OC[C@@]([H])(COC(=O)CCCCCCCCCCCCCCCCC)OC(=O)CCCCCCCCCCCCCCCCCCCCC(C)CC)COP(O)(=O)OC[C@@]([H])(COC(=O)CCCCCCCCC(C)C)OC(=O)CCCCCCCCCCCCC,[H][C@@](O)(COP(O)(=O)OC[C@@]([H])(COC(=O)CCCCCCCCCCCCCCCCCCCCC(C)C)OC(=O)CCCCCCCCCCCCCC(C)C)COP(O)(=O)OC[C@@]([H])(COC(=O)CCCCCCCCC(C)CC)OC(=O)CCCCCCCCCCC(C)CC,1424.0049999999997,1424.005,4.547473508864641e-13
93324,CCCCCCCCCCCCCCCCCC(=O)OC[C@H](CO)OC(=O)C\C=C/C[C@@H]1[C@@H](O)C[C@@H](O)[C@@H]1\C=C\[C@H](O)CCCCC,[H][C@](COC(=O)CCCCCCCCC)(COC(=O)CCCCCCCCCCC(C)CC)OC(=O)CCCCCCCCCCCC,666.9810000000001,667.0689999999998,0.08799999999973807
93496,[H][C@@](O)(COP(O)(=O)OC[C@@]([H])(COC(=O)CCCCCCCCCCCCCCCCC)OC(=O)CCCCCCCCCCCCCCCCCCC)COP(O)(=O)OC[C@@]([H])(COC(=O)CCCCCCCCCC)OC(=O)CCCCCCCCC(C)C,[H][C@](O)(COP(O)(=O)OC[C@@]([H])(COC(=O)CCCCCCCCC)OC(=O)CCCCCCCCCCCCC(C)C)COP(O)(=O)OC[C@@]([H])(COC(=O)CCCCCCCCCCCCCC(C)C)OC(=O)CCCCCCCCCCCCCCC(C)C,1311.7889999999993,1311.7889999999995,2.2737367544323206e-13
93522,[H][C@](O)(COP(O)(=O)OC[C@@]([H])(COC(=O)CCCCCCCCCCC)OC(=O)CCCCCCCCCCCCCCC)COP(O)(=O)OC[C@@]([H])(COC(=O)CCCCCCCCCCCCCCCC(C)C)OC(=O)CCCCCCCCCCCCCCCCCCC(C)C,[H][C@](O)(COP(O)(=O)OC[C@@]([H])(COC(=O)CCCCCCCCCCCC)OC(=O)CCCCCCCCCCCCC(C)C)COP(O)(=O)OC[C@@]([H])(COC(=O)CCCCCCCCCCCCCCCCCC)OC(=O)CCCCCCCCCCCCCCCCC(C)CC,1424.0049999999994,1424.0049999999999,4.547473508864641e-13
93598,CCCCC[C@H](O)\C=C\[C@H]1OC(O)C[C@H](O)[C@@H]1C\C=C/CCCC(=O)OC[C@H](COP(O)(O)=O)OC(=O)CCCCC\C=C/C\C=C/C\C=C/C\C=C/C\C=C/CC,CCCCC\C=C/C\C=C/C\C=C/C\C=C/C\C=C/CCC(=O)O[C@H](COC(=O)CCC\C=C/C[C@H]1[C@@H](O)CC(O)O[C@@H]1\C=C\[C@@H](O)CCCCC)COP(O)(O)=O,837.0409999999996,837.0410000000004,7.958078640513122e-13
93715,[H][C@@](COC(=O)CCCCCCC)(COC(=O)CCCCCCCCCCC)OC(=O)CCCCCCCCCCCC,[H][C@](CO)(COC(=O)CCCCCCCCC(C)CC)OC(=O)CCCCCCCCCCCCCCCCCCCC,596.9340000000003,596.9780000000003,0.04399999999998272
93726,[H][C@](O)(COP(O)(=O)OC[C@@]([H])(COC(=O)CCCCCCC)OC(=O)CCCCCCCCCCCC)COP(O)(=O)OC[C@@]([H])(COC(=O)CCCCCCCCCCCCCCCCCCCCCC)OC(=O)CCCCCCCCCCCCCCCCCCCCCCCC,[H][C@](O)(COP(O)(=O)OC[C@@]([H])(COC(=O)CCCCCCCCC)OC(=O)CCCCCCCCCCCCCC(C)C)COP(O)(=O)OC[C@@]([H])(COC(=O)CCCCCCCCCCCCCCCCC(C)CC)OC(=O)CCCCCCCCCCCCCCCCCC(C)C,1424.0049999999999,1424.0049999999997,2.2737367544323206e-13
93743,[H][C@@](O)(COP(O)(=O)OC[C@@]([H])(COC(=O)CCCCCCCCCCCCCCCCCCCCC)OC(=O)CCCCCCCCCCCCCCCCCCCCC)COP(O)(=O)OC[C@@]([H])(COC(=O)CCCCCCCCC(C)CC)OC(=O)CCCCCCCCCCC(C)C,[H][C@](O)(COP(O)(=O)OC[C@@]([H])(COC(=O)CCCCCCCCCC)OC(=O)CCCCCCCCCCCCC(C)C)COP(O)(=O)OC[C@@]([H])(COC(=O)CCCCCCCCCCCCCCCCC(C)C)OC(=O)CCCCCCCCCCCCCCCCCCCCC(C)C,1452.0589999999995,1452.0589999999997,2.2737367544323206e-13
93771,[H][C@@](O)(COP(O)(=O)OC[C@@]([H])(COC(=O)CCCCCCCCCCCCCCC(C)C)OC(=O)CCCCCCCCCCCCCCCCCC(C)C)COP(O)(=O)OC[C@@]([H])(COC(=O)CCCCCCCCC(C)CC)OC(=O)CCCCCCCCCCCC(C)C,[H][C@](O)(COP(O)(=O)OC[C@@]([H])(COC(=O)CCCCCCCCC)OC(=O)CCCCCCCCCCCCCC(C)C)COP(O)(=O)OC[C@@]([H])(COC(=O)CCCCCCCCCCCCCCC(C)C)OC(=O)CCCCCCCCCCCCCCCCCCC(C)C,1395.9509999999996,1395.9509999999996,0.0
93794,[H][C@](O)(COP(O)(=O)OC[C@@]([H])(COC(=O)CCCCCCCCCC)OC(=O)CCCCCCCCCCC)COP(O)(=O)OC[C@@]([H])(COC(=O)CCCCCCCCCCCCC(C)C)OC(=O)CCCCCCCCCCCCCCCCCCCCC(C)C,[H][C@@](O)(COP(O)(=O)OC[C@@]([H])(COC(=O)CCCCCCCCCCCCC(C)CC)OC(=O)CCCCCCCCCCCCCCCCCC(C)C)COP(O)(=O)OC[C@@]([H])(COC(=O)CCCCCCCCC(C)CC)OC(=O)CCCCCCCCC(C)C,1339.843,1339.8429999999994,6.821210263296962e-13
93995,[H][C@](O)(COP(O)(=O)OC[C@@]([H])(COC(=O)CCCCCCCCCCCC)OC(=O)CCCCCCCCCCCCCC)COP(O)(=O)OC[C@@]([H])(COC(=O)CCCCCCCCCCCCCCCC)OC(=O)CCCCCCCCCCCCCCCCCCCC,[H][C@](O)(COP(O)(=O)OC[C@@]([H])(COC(=O)CCCCCCC)OC(=O)CCCCCCCCCCCCCCCC)COP(O)(=O)OC[C@@]([H])(COC(=O)CCCCCCCCCCCCC(C)CC)OC(=O)CCCCCCCCCCCCCCCCCCCCC(C)C,1381.9239999999998,1381.9239999999998,0.0
94119,[H][C@](O)(COP(O)(=O)OC[C@@]([H])(COC(=O)CCCCCCCCC)OC(=O)CCCCCCCCCCC)COP(O)(=O)OC[C@@]([H])(COC(=O)CCCCCCCCCCCCCCCCCCCC)OC(=O)CCCCCCCCCCCCCCCCCCCCC,[H][C@](O)(COP(O)(=O)OC[C@@]([H])(COC(=O)CCCCCCCCCCCC)OC(=O)CCCCCCCCCCCCCC)COP(O)(=O)OC[C@@]([H])(COC(=O)CCCCCCCCCCC(C)CC)OC(=O)CCCCCCCCCCCCCCCCCCCCC,1367.8969999999997,1367.897,2.2737367544323206e-13
94131,[H][C@](O)(COP(O)(=O)OC[C@@]([H])(COC(=O)CCCCCCCCC)OC(=O)CCCCCCCCCCCCCCCCC(C)C)COP(O)(=O)OC[C@@]([H])(COC(=O)CCCCCCCCCCCCCCCCCCC(C)C)OC(=O)CCCCCCCCCCCCCCCCCCCCC(C)C,[H]C(O)(COP(O)(=O)OC[C@@]([H])(COC(=O)CCCCCCCCCCCCCCCCCCC(C)C)OC(=O)CCCCCCCCCCCCC(C)C)COP(O)(=O)OC[C@@]([H])(COC(=O)CCCCCCCCCC(C)C)OC(=O)CCCCCCCCCCCCCCCCCCCCC(C)CC,1522.194,1522.1940000000002,2.2737367544323206e-13
94293,[H][C@@](O)(COP(O)(=O)OC[C@@]([H])(COC(=O)CCCCCCCCCCCCCCCC(C)C)OC(=O)CCCCCCCCCCCCCCCCCCC(C)C)COP(O)(=O)OC[C@@]([H])(COC(=O)CCCCCCCCCCC(C)CC)OC(=O)CCCCCCCCCCCCCCC(C)C,[H][C@](O)(COP(O)(=O)OC[C@@]([H])(COC(=O)CCCCCCCCCCCCCCC)OC(=O)CCCCCCCCCCCCCCC)COP(O)(=O)OC[C@@]([H])(COC(=O)CCCCCCCCCCCCCCCCCCCC)OC(=O)CCCCCCCCCCCCCCCCCCCC,1494.1399999999999,1494.14,2.2737367544323206e-13
94379,CCCC[C@@H]1OC(=O)[C@@H]2C=CCC[C@H]12,CNCC(O)C(O)C(O)C(O)CO,194.27399999999997,195.21499999999997,0.9410000000000025
94423,[H][C@](O)(COP(O)(=O)OC[C@@]([H])(COC(=O)CCCCCCC)OC(=O)CCCCCCCCCCC)COP(O)(=O)OC[C@@]([H])(COC(=O)CCCCCCCCCCCCCCCCC)OC(=O)CCCCCCCCCCCCCCCCC(C)C,[H][C@](O)(COP(O)(=O)OC[C@@]([H])(COC(=O)CCCCCCCCC)OC(=O)CCCCCCCCCCC)COP(O)(=O)OC[C@@]([H])(COC(=O)CCCCCCCCCC(C)C)OC(=O)CCCCCCCCCCCCCCCCCCCCCC,1269.7079999999999,1269.708,2.2737367544323206e-13
94475,[H][C@@](O)(COP(O)(=O)OC[C@@]([H])(COC(=O)CCCCCCCCCCCCCCCCCCCCC(C)C)OC(=O)CCCCCCCCCCCCCCCCC(C)CC)COP(O)(=O)OC[C@@]([H])(COC(=O)CCCCCCCCC(C)C)OC(=O)CCCCCCCCC(C)CC,[H][C@@](O)(COP(O)(=O)OC[C@@]([H])(COC(=O)CCCCCCCCCCCCCCCCC(C)C)OC(=O)CCCCCCCCCCCCCCCCCCC(C)C)COP(O)(=O)OC[C@@]([H])(COC(=O)CCCCCCCCCCCCC)OC(=O)CCCCCCCCCCC(C)C,1438.0319999999997,1438.0319999999997,0.0
94583,[H][C@@](O)(COP(O)(=O)OC[C@@]([H])(COC(=O)CCCCCCCCCCCCCCCCC)OC(=O)CCCCCCCCCCCCCCCCC(C)C)COP(O)(=O)OC[C@@]([H])(COC(=O)CCCCCCCCCCC)OC(=O)CCCCCCCCC(C)CC,[H][C@](O)(COP(O)(=O)OC[C@@]([H])(COC(=O)CCCCCCCCC)OC(=O)CCCCCCCCC)COP(O)(=O)OC[C@@]([H])(COC(=O)CCCCCCCCCCCCCCCCC)OC(=O)CCCCCCCCCCCCCCCCCCCCCCCC,1339.8429999999996,1339.8430000000003,6.821210263296962e-13
94703,[H][C@@](O)(COP(O)(=O)OC[C@@]([H])(COC(=O)CCCCCCCCCCC(C)C)OC(=O)CCCCCCCCCCCCCCCC(C)C)COP(O)(=O)OC[C@@]([H])(COC(=O)CCCCCCCCC(C)C)OC(=O)CCCCCCCCCCCCCCCCC(C)CC,[H][C@](O)(COP(O)(=O)OC[C@@]([H])(COC(=O)CCCCCCCCC)OC(=O)CCCCCCCCCCC)COP(O)(=O)OC[C@@]([H])(COC(=O)CCCCCCCCCCCCCCCCCCCCC)OC(=O)CCCCCCCCCCCCCCCCCCCCC,1381.9239999999995,1381.9239999999998,2.2737367544323206e-13
95120,[H][C@@](O)(COP(O)(=O)OC[C@@]([H])(COC(=O)CCCCCCCCCCCCCCCCCC)OC(=O)CCCCCCCCCCCCCCCCC(C)CC)COP(O)(=O)OC[C@@]([H])(COC(=O)CCCCCCCCCCCCCC)OC(=O)CCCCCCCCCCC(C)CC,[H][C@@](O)(COP(O)(=O)OC[C@@]([H])(COC(=O)CCCCCCCCCCCCCCCCC(C)CC)OC(=O)CCCCCCCCCCCCCCCC(C)C)COP(O)(=O)OC[C@@]([H])(COC(=O)CCCCCCCCC(C)C)OC(=O)CCCCCCCCCCCCCCC(C)C,1438.032,1438.032,0.0
95240,[H][C@](O)(COP(O)(=O)OC[C@@]([H])(COC(=O)CCCCCCCCCC)OC(=O)CCCCCCCCCCCCCCCCC)COP(O)(=O)OC[C@@]([H])(COC(=O)CCCCCCCCCCCCCCCCCCC)OC(=O)CCCCCCCCCCCCCCCCCCC(C)C,[H][C@@](O)(COP(O)(=O)OC[C@@]([H])(COC(=O)CCCCCCCCCCCCCCCCC(C)C)OC(=O)CCCCCCCCCCCCCCCCCCC(C)C)COP(O)(=O)OC[C@@]([H])(COC(=O)CCCCCCCCC(C)CC)OC(=O)CCCCCCCCCCCCC(C)C,1452.0589999999997,1452.0589999999995,2.2737367544323206e-13
95643,[H][C@@](O)(COP(O)(=O)OC[C@@]([H])(COC(=O)CCCCCCCCCCCCC)OC(=O)CCCCCCCCCCCCCCCCCCCCCCCC)COP(O)(=O)OC[C@@]([H])(COC(=O)CCCCCCCCC(C)CC)OC(=O)CCCCCCCCCC(C)C,[H][C@](O)(COP(O)(=O)OC[C@@]([H])(COC(=O)CCCCCCCCCCC)OC(=O)CCCCCCCCCCCC(C)C)COP(O)(=O)OC[C@@]([H])(COC(=O)CCCCCCCCCCCCCCC(C)C)OC(=O)CCCCCCCCCCCCCCCCCCC,1367.8969999999993,1367.8969999999997,4.547473508864641e-13
95805,[H][C@@](COC(=O)CCCCCCCCCCCCCCC)(COP(O)(O)=O)OC(=O)CCCCCCCCCCC\C=C/CCCCCCCC,[H][C@](O)(CO)COP(O)(=O)OC[C@@]([H])(COC(=O)CCC\C=C/C\C=C/C\C=C/C\C=C/[C@@H](O)CCCC)OC(=O)CCCCCCCCC(C)C,731.0489999999994,730.9169999999997,0.13199999999972079
96076,[H][C@](O)(COP(O)(=O)OC[C@@]([H])(COC(=O)CCCCCCCCCC)OC(=O)CCCCCCCCCCCCC(C)CC)COP(O)(=O)OC[C@@]([H])(COC(=O)CCCCCCCCCCCCCC(C)C)OC(=O)CCCCCCCCCCCCCC(C)C,[H][C@@](O)(COP(O)(=O)OC[C@@]([H])(COC(=O)CCCCCCCCCCCCCCCC)OC(=O)CCCCCCCCCCCCCCCCCC)COP(O)(=O)OC[C@@]([H])(COC(=O)CCCCCCCCCCCC)OC(=O)CCCCCCCCC(C)CC,1325.8159999999993,1325.8159999999993,0.0
96125,[H][C@](O)(COP(O)(=O)OC[C@@]([H])(COC(=O)CCCCCCC)OC(=O)CCCCCCCCCC(C)C)COP(O)(=O)OC[C@@]([H])(COC(=O)CCCCCCCCCCCCCCC(C)C)OC(=O)CCCCCCCCCCCCCCCCCCCC,[H][C@@](O)(COP(O)(=O)OC[C@@]([H])(COC(=O)CCCCCCCCCCCCCCC)OC(=O)CCCCCCCCCCCCCCC(C)C)COP(O)(=O)OC[C@@]([H])(COC(=O)CCCCCCCCC(C)CC)OC(=O)CCCCCCCCC(C)CC,1297.7620000000002,1297.7619999999993,9.094947017729282e-13
96412,[H][C@@](O)(COP(O)(=O)OC[C@@]([H])(COC(=O)CCCCCCCCCCCCC(C)C)OC(=O)CCCCCCCCCCCCCCC(C)C)COP(O)(=O)OC[C@@]([H])(COC(=O)CCCCCCCCC(C)C)OC(=O)CCCCCCCCC(C)CC,[H][C@@](O)(COP(O)(=O)OC[C@@]([H])(COC(=O)CCCCCCCCCCC(C)CC)OC(=O)CCCCCCCCCCCCC(C)CC)COP(O)(=O)OC[C@@]([H])(COC(=O)CCCCCCCCC(C)CC)OC(=O)CCCCCCCCCCC(C)C,1283.7349999999992,1283.7349999999992,0.0
96494,[H][C@@](O)(COP(O)(=O)OC[C@@]([H])(COC(=O)CCCCCCCCC(C)CC)OC(=O)CCCCCCCCCCCCCCCCCCCCC(C)CC)COP(O)(=O)OC[C@@]([H])(COC(=O)CCCCCCCCC(C)CC)OC(=O)CCCCCCCCCCC(C)CC,[H][C@](O)(COP(O)(=O)OC[C@@]([H])(COC(=O)CCCCCCCCCC)OC(=O)CCCCCCCCCCCCCC)COP(O)(=O)OC[C@@]([H])(COC(=O)CCCCCCCCCCCCCCCCC)OC(=O)CCCCCCCCCCCCCCCCCCC(C)C,1381.9239999999995,1381.9239999999995,0.0
97024,[H]C(O)(COP(O)(=O)OC[C@@]([H])(COC(=O)CCCCCCCCCCCCCCCCC(C)CC)OC(=O)CCCCCCCCCCCCCCC(C)C)COP(O)(=O)OC[C@@]([H])(COC(=O)CCCCCCCCCCC(C)C)OC(=O)CCCCCCCCCCC(C)CC,[H][C@@](O)(COP(O)(=O)OC[C@@]([H])(COC(=O)CCCCCCCCCCCCC(C)C)OC(=O)CCCCCCCCCCCCCCCCCCCCCCCC)COP(O)(=O)OC[C@@]([H])(COC(=O)CCCCCCCCC(C)CC)OC(=O)CCCCCCCCCCCCC,1409.9779999999998,1409.9779999999996,2.2737367544323206e-13
97337,[H][C@@](O)(COP(O)(=O)OC[C@@]([H])(COC(=O)CCCCCCCCCCC(C)C)OC(=O)CCCCCCCCCCCCCCCC)COP(O)(=O)OC[C@@]([H])(COC(=O)CCCCCCCCCC(C)C)OC(=O)CCCCCCCCCCC(C)C,[H][C@@](O)(COP(O)(=O)OC[C@@]([H])(COC(=O)CCCCCCCCCCCCCC)OC(=O)CCCCCCCCCCCCC(C)CC)COP(O)(=O)OC[C@@]([H])(COC(=O)CCCCCCCCCCCC)OC(=O)CCCCCCCCCC(C)C,1269.7079999999992,1269.7079999999994,2.2737367544323206e-13
97374,[H][C@](O)(COP(O)(=O)OC[C@@]([H])(COC(=O)CCCCCCCCCCCCCCC)OC(=O)CCCCCCC\C=C/CCCCCC)COP(O)(=O)OC[C@@]([H])(COC(=O)CCC\C=C/C\C=C/C\C=C/C\C=C/CCCCC)OC(=O)CCC\C=C/C\C=C/C\C=C/C\C=C/CCCCC,[H]C(O)(COP(O)(=O)OC[C@@]([H])(COC(=O)CCCCCCCCCC(C)C)OC(=O)CCCCCCCCCCCCCCCCCCCCC(C)C)COP(O)(=O)OC[C@@]([H])(COC(=O)CCCCCCC\C=C/C=C\CCCCCC)OC(=O)CCCCCCCCCCCCC(C)C,1447.942,1448.0269999999998,0.084999999999809
97382,[H][C@@](O)(COP(O)(=O)OC[C@@]([H])(COC(=O)CCCCCCCCCCCCCCCC(C)C)OC(=O)CCCCCCCCCCCCCCCCCCC(C)C)COP(O)(=O)OC[C@@]([H])(COC(=O)CCCCCCCCCCC(C)C)OC(=O)CCCCCCCCCCCCC(C)CC,[H][C@](O)(COP(O)(=O)OC[C@@]([H])(COC(=O)CCCCCCCCCCCCC)OC(=O)CCCCCCCCCCCCCCC)COP(O)(=O)OC[C@@]([H])(COC(=O)CCCCCCCCCCCCCCCCCCC)OC(=O)CCCCCCCCCCCCCCCCCCC(C)C,1466.0859999999998,1466.0859999999998,0.0
97528,[H][C@@](O)(COP(O)(=O)OC[C@@]([H])(COC(=O)CCCCCCCCCCCCCCCCC(C)CC)OC(=O)CCCCCCCCCCCCCCCCCCCCC(C)CC)COP(O)(=O)OC[C@@]([H])(COC(=O)CCCCCCCCC(C)CC)OC(=O)CCCCCCCCCCCCC,[H][C@@](O)(COP(O)(=O)OC[C@@]([H])(COC(=O)CCCCCCCCCCCCCCCCCCCC)OC(=O)CCCCCCCCCCCCCCCCC(C)CC)COP(O)(=O)OC[C@@]([H])(COC(=O)CCCCCCCCCCC(C)C)OC(=O)CCCCCCCCCCCCCCCC,1480.1129999999998,1480.113,2.2737367544323206e-13
97553,[H][C@](O)(COP(O)(=O)OC[C@@]([H])(COC(=O)CCCCCCCCCC)OC(=O)CCCCCCCCCCCCCC)COP(O)(=O)OC[C@@]([H])(COC(=O)CCCCCCCCCCCCC(C)CC)OC(=O)CCCCCCCCCCCCC(C)CC,[H]C(O)(COP(O)(=O)OC[C@@]([H])(COC(=O)CCCCCCCCCCC(C)C)OC(=O)CCCCCCCCCCCCCC(C)C)COP(O)(=O)OC[C@@]([H])(COC(=O)CCCCCCCCC(C)CC)OC(=O)CCCCCCCCCCCCC(C)C,1297.7619999999995,1297.7619999999995,0.0
97938,[H][C@](O)(COP(O)(=O)OC[C@@]([H])(COC(=O)CCCCCCCCCCC(C)C)OC(=O)CCCCCCCCCCCCCC)COP(O)(=O)OC[C@@]([H])(COC(=O)CCCCCCCCCCC(C)CC)OC(=O)CCCCCCCCCCCCCCCCCCC,[H][C@](O)(COP(O)(=O)OC[C@@]([H])(COC(=O)CCCCCCCCCC)OC(=O)CCCCCCCCCCC)COP(O)(=O)OC[C@@]([H])(COC(=O)CCCCCCCCCCCCCCCCCC)OC(=O)CCCCCCCCCCCCCCCCCCC(C)C,1353.87,1353.8699999999997,2.2737367544323206e-13
97962,[H][C@](COC(=O)CCCCCCCCCCC)(COC(=O)CCCCCCCCCCC(C)C)OC(=O)CCCCCCCCCCCCCCC,[H][C@@](COC(=O)CCCCCCC)(COC(=O)CCCCCCCCCCCCC(C)CC)OC(=O)CCCCCCCCCCCCCCCC,723.1769999999996,723.1769999999996,0.0
97998,[H][C@](O)(COP(O)(=O)OC[C@@]([H])(COC(=O)CCCCCCCCCCCCCCC)OC(=O)CCCCCCCCC\C=C/CCCCCC)COP(O)(=O)OC[C@@]([H])(COC(=O)CCCCCCCCC\C=C/CCCCCC)OC(=O)CCCCC\C=C/C\C=C/C\C=C/C\C=C/C\C=C/CC,[H][C@@](O)(COP(O)(=O)OC[C@@]([H])(COC(=O)CCCCCCCCCCCCCCCCCC)OC(=O)CCCCCCCCCCCCCCCCC(C)CC)COP(O)(=O)OC[C@@]([H])(COC(=O)CCCCCCCCCCCCCCC)OC(=O)CCCCCCCCCCCCCC(C)C,1480.0279999999998,1480.113,0.08500000000026375
98110,[H][C@@](O)(COP(O)(=O)OC[C@@]([H])(COC(=O)CCCCCCCCCCCCCCCCCC)OC(=O)CCCCCCCCCCCCCCCCCC)COP(O)(=O)OC[C@@]([H])(COC(=O)CCCCCCCCCC(C)C)OC(=O)CCCCCCCCCCCCCC,[H][C@@](O)(COP(O)(=O)OC[C@@]([H])(COC(=O)CCCCCCCCCCCCCCCCCCC)OC(=O)CCCCCCCCCCCCCCCCC(C)CC)COP(O)(=O)OC[C@@]([H])(COC(=O)CCCCCCCCCC)OC(=O)CCCCCCCCCCC(C)C,1381.9239999999998,1381.924,2.2737367544323206e-13
98139,[H][C@@](O)(COP(O)(=O)OC[C@@]([H])(COC(=O)CCCCCCCCCCCCCCCCCCCCC)OC(=O)CCCCCCCCCCCCCCCCCCCCC(C)C)COP(O)(=O)OC[C@@]([H])(COC(=O)CCCCCCCCCCCC(C)C)OC(=O)CCCCCCCCCCCCCCC(C)C,[H][C@@](O)(COP(O)(=O)OC[C@@]([H])(COC(=O)CCCCCCCCCCCCCCCCCCC(C)C)OC(=O)CCCCCCCCCCCCCCCCCCCCCCCC)COP(O)(=O)OC[C@@]([H])(COC(=O)CCCCCCCCCCC(C)C)OC(=O)CCCCCCCCCCCCCCCCC,1564.2749999999999,1564.275,2.2737367544323206e-13
98151,OC1C(COC(=O)C=CC2=CC=C(O)C=C2)OC(OC2=C(OC3=CC(O)=CC(O)=C3C2=O)C2=CC=C(O)C=C2)C(O)C1O,OCC1OC(OC2C(O)C(O)C(CO)OC2C2=C(O)C=C3OC(=CC(=O)C3=C2O)C2=CC=C(O)C=C2)C(O)C(O)C1O,594.5250000000004,594.5220000000005,0.0029999999999290594
98162,[H][C@](O)(COP(O)(=O)OC[C@@]([H])(COC(=O)CCCCCCC)OC(=O)CCCCCCCCCCCC(C)C)COP(O)(=O)OC[C@@]([H])(COC(=O)CCCCCCCCCCCC(C)C)OC(=O)CCCCCCCCCCCCCCCCCCCCCCC,[H][C@](O)(COP(O)(=O)OC[C@@]([H])(COC(=O)CCCCCCCCCC)OC(=O)CCCCCCCCCCCCCC)COP(O)(=O)OC[C@@]([H])(COC(=O)CCCCCCCCCCCC(C)C)OC(=O)CCCCCCCCCCCCCCCCCCCC,1325.8160000000005,1325.816,4.547473508864641e-13
98174,[H][C@@](O)(COP(O)(=O)OC[C@@]([H])(COC(=O)CCCCCCCCCCCCC(C)CC)OC(=O)CCCCCCCCCCCCCCCCCC)COP(O)(=O)OC[C@@]([H])(COC(=O)CCCCCCCCCCC(C)C)OC(=O)CCCCCCCCCCCCC(C)C,[H][C@](O)(COP(O)(=O)OC[C@@]([H])(COC(=O)CCCCCCC)OC(=O)CCCCCCCCC(C)C)COP(O)(=O)OC[C@@]([H])(COC(=O)CCCCCCCCCCCCCCCCCC(C)C)OC(=O)CCCCCCCCCCCCCCCCCCCCCCCC,1381.9239999999993,1381.9240000000002,9.094947017729282e-13
98306,[H][C@](O)(COP(O)(=O)OC[C@@]([H])(COC(=O)CCCCCCCCCCCC)OC(=O)CCCCCCCCCCCCCC)COP(O)(=O)OC[C@@]([H])(COC(=O)CCCCCCCCCCCCCCCCC(C)C)OC(=O)CCCCCCCCCCCCCCCCCCC(C)C,[H][C@](O)(COP(O)(=O)OC[C@@]([H])(COC(=O)CCCCCCCCCC)OC(=O)CCCCCCCCCCCCCC)COP(O)(=O)OC[C@@]([H])(COC(=O)CCCCCCCCCCCCCCCCCCC(C)C)OC(=O)CCCCCCCCCCCCCCCCCCC(C)C,1438.0319999999995,1438.0319999999995,0.0
98389,[H][C@](COC(=O)CCCCCCCCCCCCCC)(COC(=O)CCCCCCCCCCCCCCCCCCCC)OC(=O)CCCCCCCCCCC,[H][C@](O)(CO)COP(O)(=O)OC[C@@]([H])(COC(=O)CCC\C=C/C\C=C/C\C=C/C=C/C(=O)CCCCC)OC(=O)CCCC\C=C/C\C=C/C\C=C/CCCCC,807.3389999999995,807.0149999999996,0.32399999999984175
98450,[H][C@@](O)(COP(O)(=O)OC[C@@]([H])(COC(=O)CCCCCCCCCCCCCCCC(C)C)OC(=O)CCCCCCCCCCCCCCCCCC(C)C)COP(O)(=O)OC[C@@]([H])(COC(=O)CCCCCCCCCCCCCC)OC(=O)CCCCCCCCCCC(C)CC,[H][C@](O)(COP(O)(=O)OC[C@@]([H])(COC(=O)CCCCCCCCCC)OC(=O)CCCCCCCCCCCCC)COP(O)(=O)OC[C@@]([H])(COC(=O)CCCCCCCCCCCCCCCCCCC)OC(=O)CCCCCCCCCCCCCCCCCCCCC(C)CC,1438.032,1438.0319999999997,2.2737367544323206e-13
98521,[H][C@@](O)(COP(O)(=O)OC[C@@]([H])(COC(=O)CCCCCCCCCCCCCCCCCCCCCCC)OC(=O)CCCCCCCCCCCCCCCCCCCCCCCC)COP(O)(=O)OC[C@@]([H])(COC(=O)CCCCCCCCCCC(C)CC)OC(=O)CCCCCCCCCCCC(C)C,[H][C@@](O)(COP(O)(=O)OC[C@@]([H])(COC(=O)CCCCCCCCCCCCCCCCC(C)C)OC(=O)CCCCCCCCCCCCCCCCCCCCC(C)CC)COP(O)(=O)OC[C@@]([H])(COC(=O)CCCCCCCCC(C)CC)OC(=O)CCCCCCCCCCCCCCCCCC(C)C,1564.2749999999994,1564.2749999999996,2.2737367544323206e-13
98752,[H][C@](COC(=O)CCCCCCCCCCCCCCC)(COC(=O)CCCCCCCCCCCCCCCCC)OC(=O)CCCCCCCCCCCCCCCCCCCCC(C)C,[H][C@@](COC(=O)CCCCCCCCCCCCCCCCCC)(COC(=O)CCCCCCCCCCCCCCCCCCCCC(C)C)OC(=O)CCCCCCCCCCCCCC,947.6089999999989,947.6089999999989,0.0
98825,[H][C@](COC(=O)CCCCCCCCCCCCCCCCC(C)CC)(COC(=O)CCCCCCCCCCCCC(C)CC)OC(=O)CCCCCCCCC(C)C,[H][C@@](COC(=O)CCCCCCCCCCCCCC(C)C)(COC(=O)CCCCCCCCCCCCC(C)C)OC(=O)CCCCCCCCCCCCCC(C)C,835.3929999999995,835.3929999999995,0.0
98889,CC1=CC(O)=C2C(O)=C3C(=O)C4C(O)C5C6C(O)C(C(=O)C7=C(O)C8=C(O)C=C(C)C(O)=C8C(=O)C467)C35C(=O)C2=C1O,CC(C)C1=C(C(O)=NC2=CC=CC=C2O)C(=C(N1CCC(O)CC(O)CC(O)=O)C1=CC=C(F)C=C1)C1=CC=CC=C1,574.4940000000004,574.6490000000003,0.15499999999997272
98909,[H][C@@](O)(COP(O)(=O)OC[C@@]([H])(COC(=O)CCCCCCCCCCCC(C)C)OC(=O)CCCCCCCCCCCCCCCCCC)COP(O)(=O)OC[C@@]([H])(COC(=O)CCCCCCCCCCC(C)C)OC(=O)CCCCCCCCCCC(C)CC,[H][C@](O)(COP(O)(=O)OC[C@@]([H])(COC(=O)CCCCCCCCCCC)OC(=O)CCCCCCCCCCCCCCC)COP(O)(=O)OC[C@@]([H])(COC(=O)CCCCCCCCCCCCCCCC)OC(=O)CCCCCCCCCCCCCCCCC,1339.8429999999992,1339.8429999999996,4.547473508864641e-13
98950,[H][C@](O)(COP(O)(=O)OC[C@@]([H])(COC(=O)CCCCCCCCCCCCC)OC(=O)CCCCCCCCCCCCCCCCCC(C)C)COP(O)(=O)OC[C@@]([H])(COC(=O)CCCCCCCCCCCCCCCCCC(C)C)OC(=O)CCCCCCCCCCCCCCCCCCC(C)C,[H][C@@](O)(COP(O)(=O)OC[C@@]([H])(COC(=O)CCCCCCCCCCCCCCCCCCCCCC)OC(=O)CCCCCCCCCCCCCCCCCCCCCC)COP(O)(=O)OC[C@@]([H])(COC(=O)CCCCCCCCCCCCCC)OC(=O)CCCCCCCCCCCCC(C)CC,1550.248,1550.248,0.0
99194,[H]C(O)(COP(O)(=O)OC[C@@]([H])(COC(=O)CCCCCCCCCCCC(C)C)OC(=O)CCCCCCCCCCCCCCCCCCCCC(C)C)COP(O)(=O)OC[C@@]([H])(COC(=O)CCCCCCCCCCC(C)C)OC(=O)CCCCCCCCCCC(C)C,[H][C@](O)(COP(O)(=O)OC[C@@]([H])(COC(=O)CCCCCCCCCCC)OC(=O)CCCCCCCCCCCCCCCC)COP(O)(=O)OC[C@@]([H])(COC(=O)CCCCCCCCCCCCCCCCC)OC(=O)CCCCCCCCCCCCCCCCC(C)C,1395.9509999999996,1395.9509999999996,0.0
99409,[H][C@](COC(=O)CCCCCCCCCCCCCCC)(COC(=O)CCCC\C=C/C\C=C/C\C=C/C\C=C/CC)OC(=O)CCCC\C=C/C\C=C/C\C=C/C\C=C/CC,[H][C@](COC(=O)CCCC\C=C/C\C=C/C\C=C/CCCCC)(COC(=O)CCCC\C=C/C\C=C/C\C=C/C\C=C/CC)OC(=O)CCCCCCC\C=C/CCCCCC,847.3189999999997,847.3189999999996,1.1368683772161603e-13
99562,[H][C@@](O)(COP(O)(=O)OC[C@@]([H])(COC(=O)CCCCCCCCCCCCCCCCCCC(C)C)OC(=O)CCCCCCCCCCCC(C)C)COP(O)(=O)OC[C@@]([H])(COC(=O)CCCCCCCCC(C)CC)OC(=O)CCCCCCCCCCCCC(C)C,[H][C@](O)(COP(O)(=O)OC[C@@]([H])(COC(=O)CCCCCCCCC(C)C)OC(=O)CCCCCCCCCCCCCCCCC(C)CC)COP(O)(=O)OC[C@@]([H])(COC(=O)CCCCCCCCCCCCCCCCC(C)C)OC(=O)CCCCCCCCCC(C)C,1381.9239999999998,1381.9239999999995,2.2737367544323206e-13
99619,[H][C@@](O)(COP(O)(=O)OC[C@@]([H])(COC(=O)CCCCCCCCCCCCCCCC(C)C)OC(=O)CCCCCCCCCCCCCCCCC(C)CC)COP(O)(=O)OC[C@@]([H])(COC(=O)CCCCCCCCCCCCCC)OC(=O)CCCCCCCCCCCCC(C)C,[H][C@@](O)(COP(O)(=O)OC[C@@]([H])(COC(=O)CCCCCCCCCCCCCCCCC(C)C)OC(=O)CCCCCCCCCCCCC(C)CC)COP(O)(=O)OC[C@@]([H])(COC(=O)CCCCCCCCC(C)CC)OC(=O)CCCCCCCCCCCCCCCCC(C)CC,1452.059,1452.0589999999997,2.2737367544323206e-13
99980,[H][C@](COC(=O)CCCCCCCCCCCCCCCC)(COC(=O)CCCCCCCCC(C)C)OC(=O)CCCCCCCCCCCCC(C)CC,CC1(C)C(CCC2(C=O)C1CCC1(C)C2CCC2C3=CC(C)(CCC3(C)CCC12C)C(O)=O)OC1OC(C(O)C(O)C1OC1OCC(O)C(O)C1O)C(O)=O,779.2849999999995,778.9330000000008,0.3519999999987249
99997,[H][C@@](COC(=O)CCCCCCCCCCCCC(C)C)(COC(=O)CCCCCCCCC(C)CC)OC(=O)CCCCCCCCCCCCCCCCCCCCC,[H][C@](COC(=O)CCCCCCCCCCCCCCCC)(COC(=O)CCCCCCCCCCCCCCCCC(C)C)OC(=O)CCCCCCCCCCC(C)C,849.419999999999,849.4199999999995,4.547473508864641e-13
100873,[H][C@@](O)(COP(O)(=O)OC[C@@]([H])(COC(=O)CCCCCCCCCCCCCCCCCCCC)OC(=O)CCCCCCCCCCCCCCCCCCCCC)COP(O)(=O)OC[C@@]([H])(COC(=O)CCCCCCCCC(C)C)OC(=O)CCCCCCCCCCCC,[H][C@@](O)(COP(O)(=O)OC[C@@]([H])(COC(=O)CCCCCCCCCCCCC(C)C)OC(=O)CCCCCCCCCCCCCCCCCC(C)C)COP(O)(=O)OC[C@@]([H])(COC(=O)CCCCCCCCCCC(C)CC)OC(=O)CCCCCCCCCCCCCCC,1409.9779999999996,1409.9779999999998,2.2737367544323206e-13
101197,[H][C@](O)(COP(O)(=O)OC[C@@]([H])(COC(=O)CCCCCCCCC)OC(=O)CCCCCCCCCC)COP(O)(=O)OC[C@@]([H])(COC(=O)CCCCCCCCCCCCCCCCCC(C)C)OC(=O)CCCCCCCCCCCCCCCCCCCCC(C)CC,[H]C(O)(COP(O)(=O)OC[C@@]([H])(COC(=O)CCCCCCCCCC(C)C)OC(=O)CCCCCCCCCCCCCCCCCCC(C)C)COP(O)(=O)OC[C@@]([H])(COC(=O)CCCCCCCCCCCCCCCC(C)C)OC(=O)CCCCCCCCCC(C)C,1395.9509999999998,1395.9509999999996,2.2737367544323206e-13
101439,[H]C(O)(COP(O)(=O)OC[C@@]([H])(COC(=O)CCCCCCCCCCCCCCCCCCC(C)C)OC(=O)CCCCCCCCCCC(C)C)COP(O)(=O)OC[C@@]([H])(COC(=O)CCCCCCCCCC(C)C)OC(=O)CCCCCCCCCCCCC(C)C,[H]C(O)(COP(O)(=O)OC[C@@]([H])(COC(=O)CCCCCCCCCC(C)C)OC(=O)CCCCCCCCCCCCCCCC(C)C)COP(O)(=O)OC[C@@]([H])(COC(=O)CCCCCCCCCCCCCCCCC(C)C)OC(=O)CCCCCCCCCC(C)C,1367.8969999999997,1367.8969999999995,2.2737367544323206e-13
101442,[H][C@@](O)(COP(O)(=O)OC[C@@]([H])(COC(=O)CCCCCCCCCCCCCCC(C)C)OC(=O)CCCCCCCCCCCCCCCCC(C)C)COP(O)(=O)OC[C@@]([H])(COC(=O)CCCCCCCCCCCC(C)C)OC(=O)CCCCCCCCCCCCCCCC,[H][C@](O)(COP(O)(=O)OC[C@@]([H])(COC(=O)CCCCCCCCCCCC)OC(=O)CCCCCCCCCCCCCCC(C)C)COP(O)(=O)OC[C@@]([H])(COC(=O)CCCCCCCCCCCCCCCC(C)C)OC(=O)CCCCCCCCCCCCCCCCC(C)C,1438.032,1438.0319999999997,2.2737367544323206e-13
101522,[H]C(O)(COP(O)(=O)OC[C@@]([H])(COC(=O)CCCCCCCCCCC(C)CC)OC(=O)CCCCCCCCCCCCCCCCC(C)C)COP(O)(=O)OC[C@@]([H])(COC(=O)CCCCCCCCCC(C)C)OC(=O)CCCCCCCCCCCCCCCCC(C)C,[H][C@@](O)(COP(O)(=O)OC[C@@]([H])(COC(=O)CCCCCCCCCCCCCCCCC)OC(=O)CCCCCCCCCCCCCCCCCCCCC(C)CC)COP(O)(=O)OC[C@@]([H])(COC(=O)CCCCCCCCC(C)C)OC(=O)CCCCCCCCCCCC,1409.9779999999996,1409.9779999999996,0.0
101536,[H][C@@](COC(=O)CCCCCCCCCCC)(COC(=O)CCCCCCCCCCCCCCC)OC(=O)CCCCCCCCCCCCCC,CCCCC[C@H](O)\C=C\[C@H]1[C@H](O)C[C@H](O)[C@@H]1C\C=C\CCCC(=O)OC[C@@H](O)COC(=O)CCCCCCCCCCCCCCCCCC(C)C,737.2039999999997,737.1159999999995,0.08800000000019281
101598,[H][C@@](O)(COP(O)(=O)OC[C@@]([H])(COC(=O)CCCCCCCCCCCCCCCCC)OC(=O)CCCCCCCCCCCCCCCCCCCCC)COP(O)(=O)OC[C@@]([H])(COC(=O)CCCCCCCCC(C)CC)OC(=O)CCCCCCCCCCCCCC(C)C,[H][C@@](O)(COP(O)(=O)OC[C@@]([H])(COC(=O)CCCCCCCCCCCCCCCC(C)C)OC(=O)CCCCCCCCCCCCCCCCCC(C)C)COP(O)(=O)OC[C@@]([H])(COC(=O)CCCCCCCCCCCC)OC(=O)CCCCCCCCCCCCC(C)CC,1438.0319999999995,1438.032,4.547473508864641e-13
102018,[H][C@@](COC(=O)CCCCCCCCCCCCCCCCCCC(C)C)(COC(=O)CCCCCCCCCCC(C)C)OC(=O)CCCCCCCCC,[H][C@](COC(=O)CCCCCCCCCCCC)(COC(=O)CCCCCCCCCCCCCCCCC(C)CC)OC(=O)CCCCCCCCCCC,779.2849999999996,779.2849999999997,1.1368683772161603e-13
102212,[H][C@](O)(COP(O)(=O)OC[C@@]([H])(COC(=O)CCCCCCCCCC)OC(=O)CCCCCCCCCCC)COP(O)(=O)OC[C@@]([H])(COC(=O)CCCCCCCCCCCCCCCCC(C)CC)OC(=O)CCCCCCCCCCCCCCCCC(C)CC,[H][C@](O)(COP(O)(=O)OC[C@@]([H])(COC(=O)CCCCCCC)OC(=O)CCCCCCCCC(C)C)COP(O)(=O)OC[C@@]([H])(COC(=O)CCCCCCCCCCCCCCCCCC(C)C)OC(=O)CCCCCCCCCCCCCCCCCCCCCCC,1367.8969999999997,1367.8970000000002,4.547473508864641e-13
103154,[H][C@@](O)(COP(O)(=O)OC[C@@]([H])(COC(=O)CCCCCCCCCCCCCCC(C)C)OC(=O)CCCCCCCCCCCCCCCCCCCCC)COP(O)(=O)OC[C@@]([H])(COC(=O)CCCCCCCCCC(C)C)OC(=O)CCCCCCCCCCCCCCCCC,[H][C@@](O)(COP(O)(=O)OC[C@@]([H])(COC(=O)CCCCCCCCCCCCCCCC(C)C)OC(=O)CCCCCCCCCCCCCCCCCCCCCCC)COP(O)(=O)OC[C@@]([H])(COC(=O)CCCCCCCCC(C)CC)OC(=O)CCCCCCCCCCCC(C)C,1452.0589999999997,1452.0589999999993,4.547473508864641e-13
103202,[H][C@](O)(COP(O)(=O)OC[C@@]([H])(COC(=O)CCCCCCCCCCCC)OC(=O)CCCCCCCCCCCCCCCCC(C)C)COP(O)(=O)OC[C@@]([H])(COC(=O)CCCCCCCCCCCCCCCCCCCC)OC(=O)CCCCCCCCCCCCCCCCCCCCC(C)C,[H][C@](O)(COP(O)(=O)OC[C@@]([H])(COC(=O)CCCCCCCCC)OC(=O)CCCCCCCCCCCCCCCCCC(C)C)COP(O)(=O)OC[C@@]([H])(COC(=O)CCCCCCCCCCCCCCCCCCC(C)C)OC(=O)CCCCCCCCCCCCCCCCCCCCC(C)CC,1550.2480000000003,1550.248,2.2737367544323206e-13
103398,[H][C@](COC(=O)CCCCCCCCCCC(C)CC)(COC(=O)CCCCCCCCCC(C)C)OC(=O)CCCCCCCCCCCCCCCCCCCCC,[H][C@@](COC(=O)CCCCCCCCCCCCCC)(COC(=O)CCCCCCCCCC(C)C)OC(=O)CCCCCCCCCCCCCCCCCCC(C)C,835.3929999999991,835.3929999999992,1.1368683772161603e-13
103495,[H][C@](O)(COP(O)(=O)OC[C@@]([H])(COC(=O)CCCCCCCCCCCC)OC(=O)CCCCCCCCCCCCC)COP(O)(=O)OC[C@@]([H])(COC(=O)CCCCCCCCCCCCC(C)C)OC(=O)CCCCCCCCCCCCCCCCCCCCC(C)C,[H][C@](O)(COP(O)(=O)OC[C@@]([H])(COC(=O)CCCCCCCCCCC)OC(=O)CCCCCCCCCCCCC)COP(O)(=O)OC[C@@]([H])(COC(=O)CCCCCCCCCCCCC(C)CC)OC(=O)CCCCCCCCCCCCCCCCCCCCCCC,1395.9509999999998,1395.951,2.2737367544323206e-13
103781,[H]C(COC(=O)CCCCCCCCC\C=C/C\C=C/CCCCC)(COP(O)(=O)OCCNC)OC(=O)CCCCCCC\C=C/CCCC,[H][C@@](COC(=O)CCCCCCCCCCCCCCCCCC)(COP(O)(O)=O)OC(=O)CCCCCCCC(O)\C=C\C=C\C\C=C\CC,728.0049999999997,728.9889999999999,0.9840000000002647
103812,[H][C@](O)(COP(O)(=O)OC[C@@]([H])(COC(=O)CCCCCCCCCCC)OC(=O)CCCCCCCCCCCCC(C)CC)COP(O)(=O)OC[C@@]([H])(COC(=O)CCCCCCCCCCCCCCCCC)OC(=O)CCCCCCCCCCCCCCCCC(C)CC,[H][C@@](O)(COP(O)(=O)OC[C@@]([H])(COC(=O)CCCCCCCCCCCCCCCCC(C)CC)OC(=O)CCCCCCCCCCCCCCCCCC(C)C)COP(O)(=O)OC[C@@]([H])(COC(=O)CCCCCCCCCCCC)OC(=O)CCCCCCCCCC(C)C,1409.9779999999998,1409.9779999999998,0.0
104005,[H][C@@](O)(COP(O)(=O)OC[C@@]([H])(COC(=O)CCCCCCCCCCCCCCCCCCCCCCC)OC(=O)CCCCCCCCCCCCCCCCCCCCCCCC)COP(O)(=O)OC[C@@]([H])(COC(=O)CCCCCCCCCCC)OC(=O)CCCCCCCCCCC(C)CC,[H][C@@](O)(COP(O)(=O)OC[C@@]([H])(COC(=O)CCCCCCCCCCCCCCCCC(C)C)OC(=O)CCCCCCCCCCCCCCCCCCC(C)C)COP(O)(=O)OC[C@@]([H])(COC(=O)CCCCCCCCCCC(C)C)OC(=O)CCCCCCCCCCCCCCCCC(C)C,1522.1939999999995,1522.1939999999997,2.2737367544323206e-13
104106,[H][C@@](COC(=O)CC\C=C/C\C=C/C\C=C/C\C=C/C\C=C/CCCCC)(COP(O)(=O)OCCN)OC(=O)CCCCCCCCCCCCCCCCCCC,CCCCC\C=C/C\C=C/C=C/C=C/[C@@H](SC[C@H](N)C(=O)OC[C@@H](O)COC(=O)CCCCCCCCCCCCCCCCCC(C)C)[C@@H](O)CCCC(O)=O,822.1619999999991,822.2469999999996,0.08500000000049113
104453,[H][C@](O)(COP(O)(=O)OC[C@@]([H])(COC(=O)CCCCCCC)OC(=O)CCCCCCCCCCCCC)COP(O)(=O)OC[C@@]([H])(COC(=O)CCCCCCCCCCC(C)CC)OC(=O)CCCCCCCCCCCCCCCCC(C)C,[H][C@](O)(COP(O)(=O)OC[C@@]([H])(COC(=O)CCCCCCCCCCC)OC(=O)CCCCCCCCCCC)COP(O)(=O)OC[C@@]([H])(COC(=O)CCCCCCCCCCC(C)C)OC(=O)CCCCCCCCCCCCCCCC(C)C,1255.6809999999998,1255.6809999999998,0.0
104509,[H][C@](O)(COP(O)(=O)OC[C@@]([H])(COC(=O)CCCCCCCCCCC)OC(=O)CCCCCCCCCCCCCCCC(C)C)COP(O)(=O)OC[C@@]([H])(COC(=O)CCCCCCCCCCCCCCCC(C)C)OC(=O)CCCCCCCCCCCCCCCCCCCCC(C)CC,[H][C@@](O)(COP(O)(=O)OC[C@@]([H])(COC(=O)CCCCCCCCCCCCCCCCCCCCCC)OC(=O)CCCCCCCCCCCCCCCCCCCCCCC)COP(O)(=O)OC[C@@]([H])(COC(=O)CCCCCCCCC(C)CC)OC(=O)CCCCCCCCCCC(C)CC,1508.167,1508.1669999999997,2.2737367544323206e-13
104522,[H][C@@](O)(COP(O)(=O)OC[C@@]([H])(COC(=O)CCCCCCCCCCCCCCCC(C)C)OC(=O)CCCCCCCCCCCCCCCCCCCCC(C)C)COP(O)(=O)OC[C@@]([H])(COC(=O)CCCCCCCCC(C)CC)OC(=O)CCCCCCCCCCCCCCCCC,[H][C@](O)(COP(O)(=O)OC[C@@]([H])(COC(=O)CCCCCCCCCCC)OC(=O)CCCCCCCCCCCCC(C)C)COP(O)(=O)OC[C@@]([H])(COC(=O)CCCCCCCCCCCCCCCCCC(C)C)OC(=O)CCCCCCCCCCCCCCCCCCCCC(C)CC,1494.1399999999999,1494.1399999999999,0.0
105095,[H][C@@](O)(COP(O)(=O)OC[C@@]([H])(COC(=O)CCCCCCCCCCCCCCC(C)C)OC(=O)CCCCCCCCCCCCCCCCCCCCCCC)COP(O)(=O)OC[C@@]([H])(COC(=O)CCCCCCCCCCC(C)CC)OC(=O)CCCCCCCCCCCCC(C)C,[H][C@@](O)(COP(O)(=O)OC[C@@]([H])(COC(=O)CCCCCCCCCCCCCCCCC)OC(=O)CCCCCCCCCCCCCCCCCCCCCCC)COP(O)(=O)OC[C@@]([H])(COC(=O)CCCCCCCCCCC(C)CC)OC(=O)CCCCCCCCCCCCCCC,1480.1129999999994,1480.1129999999996,2.2737367544323206e-13
105292,[H]C(O)(COP(O)(=O)OC[C@@]([H])(COC(=O)CCCCCCCCCCCCCCCCCCCCC(C)CC)OC(=O)CCCCCCCCCCC(C)C)COP(O)(=O)OC[C@@]([H])(COC(=O)CCCCCCCCCC(C)C)OC(=O)CCCCCCCCCCC(C)CC,[H][C@](O)(COP(O)(=O)OC[C@@]([H])(COC(=O)CCCCCCC)OC(=O)CCCCCCCCCCCC)COP(O)(=O)OC[C@@]([H])(COC(=O)CCCCCCCCCCCCCCCCCCCCC)OC(=O)CCCCCCCCCCCCCCCCCCCCC(C)C,1395.951,1395.9509999999996,4.547473508864641e-13
105421,[H]C(O)(COP(O)(=O)OC[C@@]([H])(COC(=O)CCCCCCCCCCC(C)C)OC(=O)CCCCCCCCCCC(C)C)COP(O)(=O)OC[C@@]([H])(COC(=O)CCCCCCC\C=C/C=C\CCCCCC)OC(=O)CCCCCCCCCCCCCC(C)C,[H][C@@](O)(COP(O)(=O)OC[C@@]([H])(COC(=O)CCCCCCCCCCC(C)C)OC(=O)CCCCCCCCCCCCCCC(C)C)COP(O)(=O)OC[C@@]([H])(COC(=O)CCCCCCCCC(C)CC)OC(=O)CCCCCCC\C=C/C=C\CCCCCC,1335.8109999999997,1335.8109999999995,2.2737367544323206e-13
105701,[H][C@@](O)(COP(O)(=O)OC[C@@]([H])(COC(=O)CCCCCCCCCCCCCCCCCCC(C)C)OC(=O)CCCCCCCCCCCCCCCCCCCCCCC)COP(O)(=O)OC[C@@]([H])(COC(=O)CCCCCCCCC(C)C)OC(=O)CCCCCCCCC(C)C,[H][C@@](O)(COP(O)(=O)OC[C@@]([H])(COC(=O)CCCCCCCCCCCCCCC(C)C)OC(=O)CCCCCCCCCCCCCCCCCCC(C)C)COP(O)(=O)OC[C@@]([H])(COC(=O)CCCCCCCCCCCCC)OC(=O)CCCCCCCCCCCCC(C)C,1438.0319999999995,1438.032,4.547473508864641e-13
105762,[H][C@](O)(COP(O)(=O)OC[C@@]([H])(COC(=O)CCCCCCC)OC(=O)CCCCCCCCCCCCCCCC(C)C)COP(O)(=O)OC[C@@]([H])(COC(=O)CCCCCCCCCCCCCCCCCC(C)C)OC(=O)CCCCCCCCCCCCCCCCCCCCC(C)CC,[H][C@@](O)(COP(O)(=O)OC[C@@]([H])(COC(=O)CCCCCCCCCCCCCCCCC(C)C)OC(=O)CCCCCCCCCCCCCCCCC(C)C)COP(O)(=O)OC[C@@]([H])(COC(=O)CCCCCCCCCCCCC(C)C)OC(=O)CCCCCCCCCCCCC(C)CC,1480.1129999999998,1480.1129999999998,0.0
105815,[H][C@](O)(COP(O)(=O)OC[C@@]([H])(COC(=O)CCCCCCCCCCCCC)OC(=O)CCCCCCCCCCCCC)COP(O)(=O)OC[C@@]([H])(COC(=O)CCCCCCCCCCCCCCCC(C)C)OC(=O)CCCCCCCCCCCCCCCCC(C)CC,[H][C@@](O)(COP(O)(=O)OC[C@@]([H])(COC(=O)CCCCCCCCCCCCCCCC(C)C)OC(=O)CCCCCCCCCCCCCCCCC(C)C)COP(O)(=O)OC[C@@]([H])(COC(=O)CCCCCCCCCCCCC)OC(=O)CCCCCCCCCCCC(C)C,1409.9779999999994,1409.9779999999998,4.547473508864641e-13
106268,[H][C@](O)(COP(O)(=O)OC[C@@]([H])(COC(=O)CCCCCCCCCCC)OC(=O)CCCCCCCCCCCCC(C)C)COP(O)(=O)OC[C@@]([H])(COC(=O)CCCCCCCCCCCCC(C)C)OC(=O)CCCCCCCCCCCCCCCCCCCCC,[H][C@](O)(COP(O)(=O)OC[C@@]([H])(COC(=O)CCCCCCC)OC(=O)CCCCCCC)COP(O)(=O)OC[C@@]([H])(COC(=O)CCCCCCCCCCCCCCCCCCCCCCCC)OC(=O)CCCCCCCCCCCCCCCCCCCCC(C)CC,1381.9239999999998,1381.9239999999995,2.2737367544323206e-13
107171,[H][C@@](O)(COP(O)(=O)OC[C@@]([H])(COC(=O)CCCCCCCCCCCCCCC(C)C)OC(=O)CCCCCCCCCCCCCCCCCCCCC(C)CC)COP(O)(=O)OC[C@@]([H])(COC(=O)CCCCCCCCCCC(C)C)OC(=O)CCCCCCCCCCCCCCCCC,[H]C(O)(COP(O)(=O)OC[C@@]([H])(COC(=O)CCCCCCCCCCCCCCCCCCCCC(C)C)OC(=O)CCCCCCCCCCCCCC(C)C)COP(O)(=O)OC[C@@]([H])(COC(=O)CCCCCCCCC(C)C)OC(=O)CCCCCCCCCCCCCCCCCCC(C)C,1508.167,1508.1670000000004,4.547473508864641e-13
107210,[H][C@@](O)(COP(O)(=O)OC[C@@]([H])(COC(=O)CCCCCCCCCCCCC(C)C)OC(=O)CCCCCCCCCCCCCCCCCC(C)C)COP(O)(=O)OC[C@@]([H])(COC(=O)CCCCCCCCC(C)C)OC(=O)CCCCCCCCCCCC(C)C,[H]C(O)(COP(O)(=O)OC[C@@]([H])(COC(=O)CCCCCCCCCCCCCC(C)C)OC(=O)CCCCCCCCCCCCCCCCCC(C)C)COP(O)(=O)OC[C@@]([H])(COC(=O)CCCCCCCCCC(C)C)OC(=O)CCCCCCCCC(C)CC,1353.8699999999994,1353.8699999999994,0.0
107574,[H][C@@](COC(=O)CCCCCCCCCCCCC)(COC(=O)CCCCCCCCCCCCCCCCCCC)OC(=O)CCCCCCCCCCCCCCCC(C)C,[H][C@](COC(=O)CCCCCCCCCCCCC)(COC(=O)CCCCCCCCCCCCCCCCC)OC(=O)CCCCCCCCCCCCCCCCC(C)CC,877.4739999999993,877.4739999999993,0.0
107680,[H][C@@](O)(COP(O)(=O)OC[C@@]([H])(COC(=O)CCCCCCCCCCCCC(C)C)OC(=O)CCCCCCCCCCCCCCCCCCCCC(C)CC)COP(O)(=O)OC[C@@]([H])(COC(=O)CCCCCCCCC(C)C)OC(=O)CCCCCCCCCCC(C)C,[H][C@@](O)(COP(O)(=O)OC[C@@]([H])(COC(=O)CCCCCCCCCCCCCCCCC)OC(=O)CCCCCCCCCCCCCCCCCCCCCCC)COP(O)(=O)OC[C@@]([H])(COC(=O)CCCCCCCCC(C)C)OC(=O)CCCCCCCCCCCC,1395.9509999999996,1395.9509999999993,2.2737367544323206e-13
107766,CC(CCC(=O)NC(CCCNC(N)=O)C(O)=O)C1CCC2C3CCC4CC(O)CCC4(C)C3CC(O)C12C,CCCCCCCC(=O)OC[C@@H](O)COC(=O)CCC[C@H](O)[C@@H](O)\C=C/C=C\C=C\C=C\[C@H](O)C\C=C/CC,549.7530000000004,550.7330000000002,0.9799999999997908
108190,[H][C@](O)(COP(O)(=O)OC[C@@]([H])(COC(=O)CCCCCCC)OC(=O)CCCCCCCCC(C)CC)COP(O)(=O)OC[C@@]([H])(COC(=O)CCCCCCCCCCCCCCCCCCCCC)OC(=O)CCCCCCCCCCCCCCCCCCCCCC,[H][C@@](O)(COP(O)(=O)OC[C@@]([H])(COC(=O)CCCCCCCCCCC(C)C)OC(=O)CCCCCCCCCCCCCCCCCCCCCCC)COP(O)(=O)OC[C@@]([H])(COC(=O)CCCCCCCCCCCCC)OC(=O)CCCCCCCCCCC(C)C,1381.9239999999998,1381.9239999999995,2.2737367544323206e-13
108498,[H][C@](O)(COP(O)(=O)OC[C@@]([H])(COC(=O)CCCCCCC)OC(=O)CCCCCCCCCCCCC(C)C)COP(O)(=O)OC[C@@]([H])(COC(=O)CCCCCCCCCCCCCCCCC(C)C)OC(=O)CCCCCCCCCCCCCCCCCCC(C)C,[H][C@](O)(COP(O)(=O)OC[C@@]([H])(COC(=O)CCCCCCCCC)OC(=O)CCCCCCCCCCCCCCC(C)C)COP(O)(=O)OC[C@@]([H])(COC(=O)CCCCCCCCCCCCCCCCCC)OC(=O)CCCCCCCCCCCCCCCC(C)C,1381.9239999999995,1381.9239999999998,2.2737367544323206e-13
108737,[H][C@](O)(COP(O)(=O)OC[C@@]([H])(COC(=O)CCCCCCCCC)OC(=O)CCCCCCCCCCC(C)C)COP(O)(=O)OC[C@@]([H])(COC(=O)CCCCCCCCCCCCC(C)C)OC(=O)CCCCCCCCCCCCC(C)C,[H][C@](O)(COP(O)(=O)OC[C@@]([H])(COC(=O)CCCCCCCCCC)OC(=O)CCCCCCCCCC)COP(O)(=O)OC[C@@]([H])(COC(=O)CCCCCCCCCCCC)OC(=O)CCCCCCCCCCCCCCCCCC(C)C,1241.6539999999998,1241.6539999999998,0.0
108756,[H][C@@](O)(COP(O)(=O)OC[C@@]([H])(COC(=O)CCCCCCCCCCCCCCCCCC)OC(=O)CCCCCCCCCCCCCCCCCCC(C)C)COP(O)(=O)OC[C@@]([H])(COC(=O)CCCCCCCCCCC(C)C)OC(=O)CCCCCCCCCCCCCCC(C)C,[H][C@@](O)(COP(O)(=O)OC[C@@]([H])(COC(=O)CCCCCCCCCCCCCCCC(C)C)OC(=O)CCCCCCCCCCCCCCCCCCCCC)COP(O)(=O)OC[C@@]([H])(COC(=O)CCCCCCCCCCCCCCC)OC(=O)CCCCCCCCCCCCC(C)C,1480.1129999999998,1480.1129999999998,0.0
108880,[H][C@](O)(COP(O)(=O)OC[C@@]([H])(COC(=O)CCCCCCCCC)OC(=O)CCCCCCCCCCCCCCCCCCC)COP(O)(=O)OC[C@@]([H])(COC(=O)CCCCCCCCCCCCCCCCCC(C)C)OC(=O)CCCCCCCCCCCCCCCCCCCCC(C)C,[H][C@@](O)(COP(O)(=O)OC[C@@]([H])(COC(=O)CCCCCCCCCCCCCCCC(C)C)OC(=O)CCCCCCCCCCCCCCCCCCCCCC)COP(O)(=O)OC[C@@]([H])(COC(=O)CCCCCCCCCCCCCCC)OC(=O)CCCCCCCCCCCCCC(C)C,1508.1669999999997,1508.1669999999997,0.0
