0,[H]OC(=O)[C@@]([H])(N([H])[H])C([H])([H])C1=C([H])N(C([H])=N1)C([H])([H])[H],NCCCN
1,CCC(=O)C(O)=O,[H]OC(=O)[C@@]([H])(O[H])C([H])([H])C([H])([H])[H]
2,[H][C@@]12CCC(=O)[C@@]1(C)CC[C@]1([H])C3=C(CC[C@@]21[H])C=C(O)C(OC)=C3,C[C@@H](O)CC(O)=O
3,OC[C@H]1O[C@H](C[C@@H]1O)N1C=CC(=O)NC1=O,NC1=NC(=O)N(C=C1)[C@H]1C[C@H](O)[C@@H](CO)O1
4,[H][C@@]12CC[C@](O)(C(=O)CO)[C@@]1(C)CC[C@@]1([H])[C@@]2([H])CCC2=CC(=O)CC[C@]12C,[H][C@@]12CC[C@H](C(=O)CO)[C@@]1(C)CC[C@@]1([H])[C@@]2([H])CCC2=CC(=O)CC[C@]12C
5,CC1=NC=C(CO)C(C(O)=O)=C1O,CC(C)C(=O)C(O)=O
6,OC(=O)CC1=CC=C(O)C=C1,N[C@@H](CC1=CC=C(O)C(I)=C1)C(O)=O
7,COC1=C(O)C=CC(CCN)=C1,C[C@@H](CO)C(O)=O
8,[H][C@@](CO[C@@H]1O[C@H](CO)[C@H](O)C(OS(O)(=O)=O)C1O)(NC(=O)CCCCCCCCCCCCCCCCCCCCCCC)[C@]([H])(O)\C=C\CCCCCCCCCCCCC,NC(=O)NCCC(O)=O
9,[H][C@@]1(CNC2=C(N1)C(=O)N=C(N)N2)[C@@H](O)[C@H](C)O,[H][C@]12CS[C@@H](CCCCC(O)=O)[C@@]1([H])NC(=O)N2
10,[H][C@@]12CCC(=O)[C@@]1(C)CC[C@@]1([H])[C@@]2([H])CC[C@@]2([H])C[C@H](O)CC[C@]12C,[H][C@@]1(CC[C@@]2([H])C3=CC=C4C[C@@H](O)CC[C@]4(C)[C@@]3([H])CC[C@]12C)[C@H](C)CCCC(C)C
11,NCCC(=O)N[C@@H](CC1=CN=CN1)C(O)=O,NC1=C2NC=NC2=NC=N1
12,[H][C@@]1(CC[C@@]2([H])[C@]3([H])[C@H](O)C[C@]4([H])C[C@H](O)CC[C@]4(C)[C@@]3([H])C[C@H](O)[C@]12C)[C@H](C)CCC(=O)NCCS(O)(=O)=O,[H][C@@]12CC[C@H](C(=O)CO)[C@]1(C[C@H](O)[C@@]1([H])[C@@]2([H])CCC2=CC(=O)CC[C@]12C)C=O
13,C[C@H](O)[C@H](O)C1=NC2=C(NC1)NC(N)=NC2=O,CCCC(O)=O
14,CC(O)=O,C[N+](C)(C)CC(O)=O
15,[H][C@@]1(OC(=O)C(O)=C1O)[C@@H](O)CO,NC1=C2N=CN([C@@H]3O[C@H](COP(O)(O)=O)[C@@H](O)[C@H]3O)C2=NC=N1
16,OC[C@H]1O[C@H](OC[C@H]2O[C@H](O)[C@H](O)[C@@H](O)[C@@H]2O)[C@H](O)[C@@H](O)[C@H]1O,NC1=C2N=CN([C@@H]3O[C@H](CO)[C@@H](O)[C@H]3O)C2=NC=N1
17,N,N[C@@H](CCCNC(=N)N[C@@H](CC(O)=O)C(O)=O)C(O)=O
18,[H][C@@]12CCC(=O)[C@@]1(C)CC[C@@]1([H])[C@@]2([H])CCC2=CC(=O)CC[C@]12C,CC1=C(C=C)\C(NC1=O)=C\C1=C(C)C(CCC(O)=O)=C(CC2=C(CCC(O)=O)C(C)=C(N2)\C=C2/NC(=O)C(C=C)=C2C)N1
19,OC[C@H]1O[C@@H](O[C@H]2[C@H](O)[C@@H](O)[C@H](O)O[C@@H]2CO)[C@H](O)[C@@H](O)[C@@H]1O,NCCC(O)=O
20,[H][C@@]12COP(O)(=O)O[C@@]1([H])[C@@H](O)[C@@H](O2)N1C=NC2=C1N=CN=C2N,CC(=O)CC(O)=O
21,NC1=C2N=CN([C@@H]3O[C@H](COP(O)(O)=O)[C@@H](OP(O)(O)=O)[C@H]3O)C2=NC=N1,C[N+](C)(C)C[C@H](O)CC([O-])=O
22,[H][C@@]12CC[C@](O)(C(=O)CO)[C@@]1(C)C[C@H](O)[C@@]1([H])[C@@]2([H])CCC2=CC(=O)CC[C@]12C,CN(CC(O)=O)C(N)=N
23,[H][C@@]1(CC[C@@]2([H])[C@]3([H])CC=C4C[C@@H](O)CC[C@]4(C)[C@@]3([H])CC[C@]12C)[C@H](C)CCCC(C)C,CNC[C@H](O)C1=CC(O)=C(O)C=C1
24,OC(=O)C1CCCCN1,OC[C@H]1O[C@H](C[C@@H]1O)N1C=NC2=C1N=CNC2=O
25,OC(=O)C\C(=C\C(O)=O)C(O)=O,NCCC1=CC(O)=C(O)C=C1
26,O=C1CCNC(=O)N1,[H][C@@]12CCC(=O)[C@@]1(C)CC[C@@]1([H])[C@@]2([H])CC=C2C[C@@H](O)CC[C@]12C
27,N[C@@H](CS)C(=O)NCC(O)=O,C[C@H]1CNC(=O)NC1=O
28,NC1=NC(=O)N(C=C1)[C@@H]1O[C@H](COP(O)(=O)OP(O)(=O)OP(O)(O)=O)[C@@H](O)[C@H]1O,NC1=NC2=C(N=CN2[C@H]2C[C@H](O)[C@@H](CO)O2)C(=O)N1
29,C[N+](C)(C)CCOP([O-])(=O)OC[C@H](O)CO,CNC
30,NC1=NC(=O)N(C=C1)[C@@H]1O[C@H](CO)[C@@H](O)[C@H]1O,CN(C)CC(O)=O
31,OC(=O)CC(O)(CC(O)=O)C(O)=O,NC1=NC(=O)N(C=C1)[C@@H]1O[C@H](COP(O)(O)=O)[C@@H](O)[C@H]1O
32,C[N+](C)(C)CCO,O[C@@H]1COC(O)[C@H](O)[C@H]1O
33,N[C@@H](CCSC[C@H](N)C(O)=O)C(O)=O,NC1=C2N=CN([C@H]3C[C@H](O)[C@@H](CO)O3)C2=NC=N1
34,OC[C@H](O)[C@@H](O)[C@@H](O)[C@H](O)CO,CCO
35,NCCCC(O)=O,NCCOP(O)(=O)OCC(O)CO
36,OCC(O)=O,COC1=CC(CC(O)=O)=CC=C1O
37,OC(=O)C=O,NC1=NC(=O)C2=NC(CNC3=CC=C(C=C3)C(=O)N[C@@H](CCC(O)=O)C(O)=O)=CN=C2N1
38,OC[C@H]1O[C@@H](O)[C@H](O)[C@@H](O)[C@@H]1O,NCC(O)=O
39,OCC(=O)[C@@H](O)[C@H](O)[C@H](O)COP(O)(O)=O,N[C@@H](CCC(=O)N[C@@H](CS)C(=O)NCC(O)=O)C(O)=O
40,OC[C@@H](O)COP(O)(O)=O,O[C@H]1O[C@@H]([C@@H](O)[C@H](O)[C@H]1O)C(O)=O
41,NC(=N)NCC(O)=O,OC(=O)CC1=C(O)C=CC(O)=C1
42,OCC(O)CO,NC1=NC(=O)C2=C(N1)N=CN2
43,NC1=NC2=C(N=CN2[C@@H]2O[C@H](CO)[C@@H](O)[C@H]2O)C(=O)N1,OC(=O)\C=C\C(O)=O
44,C[C@H](CCC(O)=NCC(O)=O)[C@H]1CC[C@H]2[C@@H]3[C@H](O)C[C@@H]4C[C@H](O)CC[C@]4(C)[C@H]3C[C@H](O)[C@]12C,OC[C@@H](O)C(O)=O
45,OC=O,OC[C@H]1O[C@H](O)[C@H](O)[C@@H](O)[C@H]1O
46,[H][C@@]12CCC(=O)[C@@]1(C)CC[C@]1([H])C3=C(CC[C@@]21[H])C=C(O)C=C3,N[C@@H](CCC(O)=O)C(O)=O
47,NCCO,OC[C@H]1OC(=O)[C@H](O)[C@@H](O)[C@@H]1O
48,[H][C@@]12CC[C@H](O)[C@@]1(C)CC[C@]1([H])C3=C(CC[C@@]21[H])C=C(O)C=C3,OC(=O)C1=C(O)C=CC(O)=C1
49,[H][C@@]12C[C@@H](O)[C@H](O)[C@@]1(C)CC[C@]1([H])C3=C(CC[C@@]21[H])C=C(O)C=C3,O[C@@H](CC(O)=O)C(O)=O
50,OC1=NC=NC2=C1NC=N2,N[C@@H](CC1=CC=C(O)C=C1)C(O)=O
51,N[C@@H](CC1=CC=CC=C1)C(O)=O,C[C@H](N)C(O)=O
52,OC(=O)[C@@H]1CCCN1,OC[C@H]1O[C@H](O[C@H]2[C@H](O)[C@H](O)[C@@H](O)O[C@@H]2CO)[C@H](O)[C@@H](O)[C@@H]1O
53,CN,C[C@@H](O)[C@H](N)C(O)=O
54,N[C@@H](CC(N)=O)C(O)=O,OC[C@H]1O[C@H](O)[C@@H](O)[C@@H](O)[C@@H]1O
55,CC[C@H](C)[C@H](N)C(O)=O,C[C@@H]1O[C@@H](O)[C@@H](O)[C@H](O)[C@@H]1O
56,O[C@@H]1[C@@H](COP(O)(O)=O)O[C@H]([C@@H]1O)N1C=NC2=C1N=CNC2=O,OC(=O)\C=C/C(O)=O
57,N[C@@H](CC1=CNC=N1)C(O)=O,N[C@@H](CC1=CC=C(O)C(O)=C1)C(O)=O
58,NCCCC[C@H](N)C(O)=O,OC[C@H]1O[C@@H](O[C@H]2[C@H](O)[C@@H](O)[C@@H](O)O[C@@H]2CO)[C@H](O)[C@@H](O)[C@H]1O
59,N[C@@H](CO)C(O)=O,O[C@@H]1[C@@H](COP(O)(=O)OP(O)(=O)OP(O)(O)=O)O[C@H]([C@@H]1O)N1C=NC2=C1N=CN=C2O
60,C[C@H](O)C(O)=O,N[C@@H](CC(O)=O)C(O)=O
61,N[C@@H](CSSC[C@H](N)C(O)=O)C(O)=O,OC(C(CC(O)=O)C(O)=O)C(O)=O
62,CN1C=NC=C1C[C@H](NC(=O)CCN)C(O)=O,OC[C@H]1O[C@H]([C@H](O)[C@@H]1O)N1C=NC2=C(O)N=CN=C12
63,OC(=O)CC1=CNC2=CC=CC=C12,CC(=O)O[C@H](CC([O-])=O)C[N+](C)(C)C
64,CC(C(O)=O)C(O)=O,OC(=O)C(=O)CC1=CC=CC=C1
65,CC(=O)NCCCC[C@H](N)C(O)=O,CCCCCCCC\C=C/CCCCCCCC(O)=O
66,OC(=O)CCC(=O)C(O)=O,OC(=O)CC1=CC=CC=C1
67,CC(C)(CO)[C@@H](O)C(=O)NCCC(O)=O,O[C@H]1[C@H](O)[C@@H](O)[C@H](O)[C@H](O)[C@@H]1O
68,CC(=O)N[C@H]1[C@@H](O)O[C@H](CO)[C@H](O)[C@@H]1O,O[C@H]1[C@H](O)[C@@H](O)[C@H](OP(O)(O)=O)[C@H](O)[C@@H]1O
69,NCCC[C@H](N)C(O)=O,CC(=O)N[C@H]1C(O)O[C@H](CO)[C@@H](O)[C@@H]1O
70,NC[C@H](O)C1=CC(O)=C(O)C=C1,NC(=O)C1=C[N+](=CC=C1)[C@@H]1O[C@H](COP([O-])(=O)OP(O)(=O)OC[C@H]2O[C@H]([C@H](OP(O)(O)=O)[C@@H]2O)N2C=NC3=C2N=CN=C3N)[C@@H](O)[C@H]1O
71,O[C@H]1[C@@H](O)[C@@H](O[C@@H]1COP(O)(O)=O)N1C(=O)NC(=O)C=C1C(O)=O,CCCCCCCCCCCCCCCC(O)=O
72,NC(=O)C1=CN(C=CC1)[C@@H]1O[C@H](COP(O)(=O)OP(O)(=O)OC[C@H]2O[C@H]([C@H](OP(O)(O)=O)[C@@H]2O)N2C=NC3=C2N=CN=C3N)[C@@H](O)[C@H]1O,CCCCCCCCCCCCCCCC(=O)O[C@H](CC([O-])=O)C[N+](C)(C)C
73,OC(=O)CC(=O)C(O)=O,NCCOP(O)(O)=O
74,OC(=O)CCCC(=O)C(O)=O,OC(=O)C1=CC(=O)NC(=O)N1
75,C[C@@](O)(CCO)CC(O)=O,OC1=CC=CC=C1
76,NC(=O)C1=C[N+](=CC=C1)[C@@H]1O[C@H](COP(O)(O)=O)[C@@H](O)[C@H]1O,[H][C@]1(O[C@@](O)(C[C@H](O)[C@H]1NC(C)=O)C(O)=O)[C@H](O)[C@H](O)CO
77,OC(=O)C1=CC=CN=C1C(O)=O,[H][C@@]12CC[C@H](O)[C@@]1(C)CC[C@@]1([H])[C@@]2([H])CCC2=CC(=O)CC[C@]12C
78,CC1=C(CCO)SC=[N+]1CC1=CN=C(C)N=C1N,CCC(O)=O
79,C[C@H](O)C(=O)C1=NC2=C(NC1)NC(N)=NC2=O,CC1=C(O)C(CO)=C(CO)C=N1
80,OS(O)=O,CC1=C(CCC(O)=O)/C2=C/C3=N/C(=C\C4=C(C)C(C=C)=C(N4)/C=C4\N=C(\C=C\1/N\2)C(C=C)=C4C)/C(C)=C3CCC(O)=O
81,CC(=O)C(O)=O,CC1=C(C)C=C2N(C[C@H](O)[C@H](O)[C@H](O)CO)C3=NC(=O)NC(=O)C3=NC2=C1
82,NCC1=C(CC(O)=O)C(CCC(O)=O)=CN1,C1CCOC1
83,OC[C@H](O)[C@@H](O)[C@H](O)[C@H](O)CO,N[C@@H](CC1=CC(I)=C(OC2=CC(I)=C(O)C(I)=C2)C(I)=C1)C(O)=O
84,OP(O)(=O)OP(O)(O)=O,NCCS(O)(=O)=O
85,CCCCCCCCCCCCC\C=C\[C@@H](O)[C@@H](N)CO,[H][C@@]12CC[C@H](C(C)=O)[C@@]1(C)CC[C@@]1([H])[C@@]2([H])CC=C2C[C@@H](O)CC[C@]12C
86,OC(=O)CCC(O)=O,CC(C)=CCC\C(C)=C\CC\C(C)=C\CC\C=C(/C)CC\C=C(/C)CCC=C(C)C
87,OS(S)(=O)=O,OC[C@H]1O[C@@](CO)(O[C@H]2O[C@H](CO)[C@@H](O)[C@H](O)[C@H]2O)[C@@H](O)[C@@H]1O
88,NCCC1=CNC2=C1C=C(O)C=C2,CC1=CNC(=O)NC1=O
89,OC(=O)C(=C)OP(O)(O)=O,N[C@@H](CC1=CC(I)=C(OC2=CC(I)=C(O)C=C2)C(I)=C1)C(O)=O
90,OC(=O)[C@@H]1CCC(=O)N1,[H][C@@]12CC[C@H](C(=O)CO)[C@@]1(C)C[C@H](O)[C@@]1([H])[C@@]2([H])CC[C@]2([H])C[C@H](O)CC[C@]12C
91,CCCCCCCCCCCCCCC[C@@H](O)[C@@H](N)CO,CNCC(O)=O
92,N[C@@H](COP(O)(O)=O)C(O)=O,CC1=CN([C@H]2C[C@H](O)[C@@H](CO)O2)C(=O)NC1=O
93,CCCCCCCCCCCCC\C=C\[C@@H](O)[C@@H](N)COP(O)(O)=O,N[C@@H](CCCCN[C@@H](CCC(O)=O)C(O)=O)C(O)=O
94,O[C@H]1[C@@H](O)[C@@H](OP(O)(=O)OP(O)(O)=O)O[C@@H]1COP(O)(O)=O,OC[C@H]1OC(O)[C@H](O)[C@@H]1O
95,O[C@H]1[C@@H](O)[C@@H](O[C@@H]1COP(O)(=O)OP(O)(=O)OP(O)(O)=O)N1C=CC(=O)NC1=O,OC[C@H]1O[C@H](OP(O)(=O)OP(O)(=O)OC[C@H]2O[C@H]([C@H](O)[C@@H]2O)N2C=CC(=O)NC2=O)[C@H](O)[C@@H](O)[C@@H]1O
96,O[C@H]1[C@@H](O)[C@@H](O[C@@H]1COP(O)(O)=O)N1C=CC(=O)NC1=O,O=C1NC2=C(N1)C(=O)NC(=O)N2
97,CC(=O)N[C@@H]1[C@@H](O)[C@H](O)[C@@H](CO)O[C@@H]1OP(O)(=O)OP(O)(=O)OC[C@H]1O[C@H]([C@H](O)[C@@H]1O)N1C=CC(=O)NC1=O,COC1=C(O)C=CC(=C1)[C@H](O)C(O)=O
98,O=C1NC2=C(NC=N2)C(=O)N1,O[C@@H]1[C@@H](COP(O)(=O)OP(O)(=O)OP(O)(O)=O)O[C@H]([C@@H]1O)N1C=NC2=C1N=C(O)N=C2O
99,NC(N)=O,O[C@H]1[C@@H](O)[C@@H](O[C@@H]1COP(O)(=O)OP(O)(O)=O)N1C=CC(=O)NC1=O
100,OC[C@H]1O[C@H]([C@H](O)[C@@H]1O)N1C=CC(=O)NC1=O,OC[C@H]1O[C@H]([C@H](O)[C@@H]1O)N1C=NC2=C1N=C(O)N=C2O
101,O=C1NC=CC(=O)N1,OC(=O)\C=C\C1=CNC=N1
102,OC[C@H]1O[C@H](OP(O)(=O)OP(O)(=O)OC[C@H]2O[C@H]([C@H](O)[C@@H]2O)N2C=CC(=O)NC2=O)[C@H](O)[C@@H](O)[C@H]1O,NCCC1=CNC2=C1C=CC=C2
103,CC(O)=NC1C(OP(O)(=O)OP(O)(=O)OCC2OC(C(O)C2O)N2C=CC(O)=NC2=O)OC(CO)C(O)C1O,C\C(=C/CO)\C=C\C=C(/C)\C=C\C1=C(C)CCCC1(C)C
104,NCCC1=CC=C(O)C=C1,[H][C@@]1(CC[C@@]2([H])[C@]3([H])[C@H](O)C[C@]4([H])C[C@H](O)C[C@@H](O)[C@]4(C)[C@@]3([H])C[C@H](O)[C@]12C)[C@H](C)CCC(O)=O
105,[H][C@@]12CC[C@H]([C@H](C)CCC(O)=O)[C@@]1(C)CC[C@@]1([H])[C@@]2([H])CC=C2C[C@@H](O)CC[C@]12C,[H][C@@]12C[C@H](O)C(=O)[C@@]1(C)CC[C@@]1([H])[C@@]2([H])CC=C2C[C@H](O)CC[C@]12C
106,COC(=O)CC(C)=O,[H][C@@]12CC[C@H]([C@H](C)CCC(O)=O)[C@@]1(C)[C@@H](O)C[C@@]1([H])[C@@]2([H])[C@H](O)C[C@]2([H])[C@@H](O)[C@@H](O)CC[C@]12C
107,[H][C@@]1(CC[C@@]2([H])[C@]3([H])[C@H](O)C[C@]4([H])C[C@H](O)CC[C@]4(C)[C@@]3([H])C[C@@H](O)[C@]12C)[C@H](C)CCC(O)=O,[H][C@@]12C[C@H](O)C(=O)[C@@]1(C)CC[C@]1([H])C3=C(CC[C@@]21[H])C=C(O)C=C3
108,[H][C@@]12CC[C@](O)(C(=O)CO)[C@@]1(C)C[C@H](O)[C@@]1([H])[C@@]2([H])CC[C@@]2([H])C[C@@H](O)CC[C@]12C,[H][C@@]12C[C@@H](O)[C@H](C(C)=O)[C@@]1(C)CC[C@@]1([H])[C@@]2([H])CC=C2C[C@@H](O)CC[C@]12C
109,[H][C@@]12C[C@H](O)[C@@H](O)C[C@]1(C)C1C[C@H](O)[C@]3(C)C(CCC3C1[C@H](O)C2)[C@@H](C)CCC(O)=O,CC[C@@H](C)[C@@H](O)C(O)=O
110,OCC(O)C1=CC(O)=C(O)C=C1,[H][C@@]12CC[C@H](C(=O)CO)[C@@]1(CO)C[C@H](O)[C@@]1([H])[C@@]2([H])CCC2=CC(=O)CC[C@]12C
111,[H][C@@]12CCC([C@@H](C)CCC(O)=O)[C@@]1(C)CC[C@@]1([H])[C@@]2([H])[C@H](O)C[C@]2([H])[C@@H](O)[C@H](O)CC[C@]12C,OC(CCCC(O)=O)C(O)=O
112,C[C@]12CCC3C(CC=C4C[C@@H](O)CC[C@]34C)C1CC(=O)[C@@H]2O,NC1CCCNC1=O
113,[H][C@@]12C[C@@H](O)C(=O)[C@@]1(C)CC[C@@]1([H])[C@@]2([H])CC=C2C[C@H](O)CC[C@]12C,OC(CCCCC(O)=O)CC(O)=O
114,C[C@H](CCC(O)=O)C1CCC2C3CCC4C[C@H](O)C[C@@H](O)[C@]4(C)C3C[C@H](O)[C@]12C,[H][C@@]1(CC[C@@]2([H])[C@]3([H])CC[C@]4([H])C[C@H](O)CC[C@]4(C)[C@@]3([H])CC(=O)[C@]12C)[C@H](C)CCC(O)=O
115,CCC(C(O)=O)C1=CC=CC=C1,C[C@@H](CCC(O)=O)C1CCC2C3CCC4[C@@H](O)[C@H](O)CC[C@]4(C)C3C[C@H](O)[C@]12C
116,[H][C@@]1(CC[C@@]2([H])[C@]3([H])[C@@H](O)C[C@]4([H])C[C@H](O)CC[C@]4(C)[C@@]3([H])C[C@H](O)[C@]12C)[C@H](C)CCC(=O)NCC(O)=O,[H][C@@]12CC[C@@](O)(C(=O)CO)[C@]1(C[C@H](O)[C@@]1([H])[C@@]2([H])CCC2=CC(=O)CC[C@]12C)C=O
117,COC1=CC=C(CC(O)=O)C=C1O,[H][C@@]12C[C@@H](O)C(=O)[C@@]1(C)CC[C@]1([H])C3=C(CC[C@@]21[H])C=C(O)C=C3
118,C[C@H](CO)C(O)=O,OCC(O)CC(O)=O
119,[H][C@@]12CC[C@H](O)[C@@]1(C)CC[C@]1([H])C3=C(CC[C@@]21[H])C=C(O)C(O)=C3,CCC(C)C(=O)NCC(O)=O
120,[H][C@@]12CC[C@H]([C@H](C)CCC(O)=O)[C@@]1(C)[C@@H](O)C[C@@]1([H])[C@@]2([H])[C@H](O)C[C@]2([H])C[C@H](O)CC[C@]12CO,OC(=O)CCCC\C=C\C(O)=O
121,[H][C@@]12CCC(=O)[C@@]1(C)CC[C@]1([H])C3=C(CC[C@@]21[H])C=C(O)C(O)=C3,[H][C@@]12CC[C@H](O)[C@@]1(C)CC[C@]1([H])C3=C(CC[C@@]21[H])C=C(OC)C(OC)=C3
122,OC(CCC(O)=O)CC(O)=O,OC[C@@H](O)[C@@H](O)C[C@H](O)C(O)=O
123,[H][C@@]12C[C@H](O)[C@H](O)[C@@]1(C)CC[C@]1([H])C3=C(CC[C@@]21[H])C=C(O)C=C3,[H][C@@]12CC[C@H]([C@H](C)CCC(O)=O)[C@@]1(C)[C@@H](O)C[C@@]1([H])[C@@]2([H])CC[C@@]2([H])C[C@@H](O)CC[C@]12C
124,O[C@@H]1COC(=O)[C@@H]1O,O[C@H](CCCCCCC(O)=O)CC(O)=O
125,C[C@@H](O)[C@H](C)C(O)=O,[H][C@@]12C[C@@H](O)C(=O)[C@@]1(C)CC[C@@]1([H])[C@@]2([H])CC=C2C[C@@H](O)CC[C@]12C
126,[H][C@@]12[C@H](O)C[C@](O)(CC)[C@@]1(C)CC[C@@]1([H])[C@@]2([H])CCC2CC(O)=CC(=O)[C@]12C,CC(O)C(C)C(O)=O
127,CC(O)(CC(O)=O)CC(O)=O,[H][C@@]12C[C@@H](O)[C@@H](O)[C@@]1(C)CC[C@]1([H])C3=C(CC[C@@]21[H])C=C(O)C=C3
128,[H][C@@]1(CC[C@@]2([H])[C@]3([H])[C@H](O)C[C@]4([H])C[C@H](O)CC[C@]4(C)[C@@]3([H])CC[C@]12C)[C@H](C)CCCC(C)C(O)=O,OCCC(O)C(O)=O
129,[H][C@@]12CC[C@H]([C@H](C)CCC(O)=O)[C@@]1(C)CC[C@@]1([H])[C@@]2([H])[C@H](O)C[C@]2([H])C[C@@H](O)CC[C@]12C,OCC(OP(O)(O)=O)C(O)=O
130,[H][C@@]12CC[C@](O)(C(C)=O)[C@@]1(C)CC[C@@]1([H])[C@@]2([H])CC=C2C[C@@H](O)CC[C@]12C,[H][C@@]12CC[C@H]([C@H](C)CCC(O)=O)[C@@]1(C)CC[C@@]1([H])[C@@]2([H])[C@@H](O)[C@H](O)[C@]2([H])C[C@H](O)CC[C@]12C
131,[H][C@@]12CCC(=O)[C@@]1(C)CC[C@@]1([H])[C@@]2([H])CCC2C[C@@H](O)CC[C@]12C,OC[C@@H](O)[C@@H](O)CC(O)=O
132,[H][C@@]12CC[C@H]([C@H](C)CCC(O)=O)[C@@]1(C)[C@@H](O)C[C@@]1([H])[C@@]2([H])[C@@H](O)[C@@H](O)[C@]2([H])C[C@H](O)CC[C@]12C,O[C@H](CCCC(O)=O)C(O)=O
133,C[C@]12CCC3C(CCC4C[C@@H](O)CC[C@]34C)C1CC[C@@H]2O,NC(CP(O)(O)=O)C(O)=O
134,[H][C@@]12CC[C@H]([C@H](C)CCC(O)=O)[C@@]1(C)C(O)C[C@@]1([H])[C@@]2([H])CCC2CC(O)CC(O)[C@]12C,C[C@]12CCC3C(CCC4=C3C=CC(O)=C4)C1CC(=O)C2=O
135,[H][C@@]12CC[C@](O)(C(C)=O)[C@@]1(C)CC[C@@]1([H])[C@@]2([H])CCC2=CC(=O)CC[C@]12C,OC(=O)CCC1=CC(O)=CC=C1
136,[H][C@@]12CC[C@H]([C@H](C)CCC(O)=O)[C@@]1(C)[C@@H](O)C[C@@]1([H])[C@@]2([H])[C@H](O)C[C@@]2([H])C[C@@H](O)CC[C@]12C,[H][C@@]12CC[C@H]([C@H](C)CCC(O)=O)[C@@]1(C)[C@H](O)C[C@@]1([H])[C@@]2([H])[C@@H](O)[C@@H](O)[C@]2([H])C[C@H](O)CC[C@]12C
137,CCC(C)C(=O)OC(CC([O-])=O)C[N+](C)(C)C,CC(C(O)=O)C(O)(CC(O)=O)C(O)=O
138,[H][C@@]12CC[C@H](O)[C@@]1(C)CC[C@]1([H])C3=C(CC[C@@]21[H])C=C(OC)C(O)=C3,C[C@@H](CCC(O)=O)C1CCC2C3CCC4C[C@H](O)CC[C@]4(C)C3CC[C@]12C
139,C[C@]12CCC3C(CCC4C[C@H](O)CC[C@]34C)C1CC[C@H]2O,[H][C@@]12CC[C@H]([C@H](C)CCC(O)=O)[C@@]1(C)CC[C@@]1([H])[C@@]2([H])[C@H](O)CC2C[C@H](O)CC[C@]12C
140,C[C@H](CCC(O)=O)C1CCC2C3C=CC4=CC(=O)CC[C@]4(C)C3C[C@H](O)[C@]12C,CCCCCCCCC[C@H](O)CC(O)=O
141,CCC(=O)C1=NC2=C(NC1)NC(N)=NC2=O,[H][C@@]12CC[C@H]([C@H](C)CCC(O)=O)[C@@]1(C)[C@H](O)C[C@@]1([H])[C@@]2([H])[C@@H](O)C[C@]2([H])C[C@H](O)CC[C@]12C
142,[H][C@@]12CC[C@H]([C@H](C)CCC(O)=O)[C@@]1(C)[C@@H](O)C[C@@]1([H])[C@@]2([H])C(=O)C[C@]2([H])C[C@H](O)CC[C@]12C,CCCCC\C=C/C(O)=O
143,OC(=O)C\C=C\CC(O)=O,OC(CCCCCCCCCCC(O)=O)CC(O)=O
144,[H][C@@]12CC[C@H]([C@H](C)CCC(O)=O)[C@@]1(C)[C@@H](O)C[C@@]1([H])[C@@]2([H])[C@@H](O)C[C@]2([H])C[C@@H](O)CC[C@]12C,CCC(CO)C(O)=O
145,OC(=O)C1=C(O)C(O)=CC=C1,OC(=O)CCC(=O)CC(O)=O
146,[H][C@@]12CC[C@H]([C@H](C)CCC(O)=O)[C@@]1(C)[C@@H](O)C[C@@]1([H])[C@@]2([H])[C@H](O)[C@@H](O)[C@]2([H])C[C@H](O)CC[C@]12C,[H][C@@]12CC[C@H]([C@H](C)CCC(O)=O)[C@@]1(C)C(=O)C[C@@]1([H])[C@@]2([H])[C@H](O)C[C@]2([H])C[C@H](O)CC[C@]12C
147,NC1=NC(O)=NC2=C1NC(O)=N2,CC(C)[C@@](O)(CC(O)=O)C(O)=O
148,NC1=NC(O)=NC2=C1NC=N2,[H][C@@]12CC[C@H]([C@H](C)CCC(O)=O)[C@@]1(C)CC[C@@]1([H])[C@@]2([H])[C@H](O)C[C@]2([H])C[C@H](O)[C@@H](O)C[C@]12C
149,[H][C@@]12CC[C@H](O)[C@@]1(C)CC[C@]1([H])C3=C(CC[C@@]21[H])C=C(O)C(OC)=C3,[H][C@@]12CC(=O)[C@H](O)[C@@]1(C)CC[C@]1([H])C3=C(CC[C@@]21[H])C=C(O)C=C3
150,CC(C)C(O)C(O)=O,CCC(=O)C(C)C(O)=O
151,C[C@@H](O)CCCC(O)=O,C[C@@H](O)[C@@H](C)C(O)=O
152,[H][C@@]12CC[C@H]([C@H](C)CCC(O)=O)[C@@]1(C)[C@H](O)C[C@@]1([H])[C@@]2([H])CC[C@]2([H])C[C@H](O)CC[C@]12C,[H][C@@]12CC[C@@H](O)[C@@]1(C)CC[C@@]1([H])[C@@]2([H])CC[C@@]2([H])C[C@@H](O)CC[C@]12C
153,OC(CCCCCCCCC(O)=O)CC(O)=O,[H][C@@]12CC[C@H]([C@H](C)CCC(O)=O)[C@@]1(C)CC[C@@]1([H])[C@@]2([H])[C@H](O)C[C@]2([H])C[C@H](O)C[C@@H](O)[C@]12C
154,[H][C@@]12CC[C@H]([C@H](C)CCC(O)=O)[C@@]1(C)CC[C@@]1([H])[C@@]2([H])[C@@H](O)[C@@H](O)[C@]2([H])C[C@H](O)CC[C@]12C,[H][C@@]12CC[C@](O)(C(C)=O)[C@@]1(C)CC[C@@]1([H])[C@@]2([H])CC=C2CC(CC[C@]12C)OS(O)(=O)=O
155,CC(C)CCC[C@@H](C)CCC[C@@H](C)CCC[C@@H](C)CC(O)=O,[H][C@@]12CC[C@@](O)(C(=O)CO)[C@@]1(CO)C[C@H](O)[C@@]1([H])[C@@]2([H])CCC2=CC(=O)CC[C@]12C
156,[H][C@@]12CC[C@H]([C@H](C)CCC(O)=O)[C@@]1(C)[C@@H](O)C[C@@]1([H])[C@@]2([H])[C@H](O)C[C@]2([H])C[C@@H](O)CC[C@]12C,CCC(O)C(O)C(O)=O
157,CC(CCC(O)=O)C(O)=O,OC(=O)CCC1=CC(O)=C(O)C=C1
158,OC(CCCCCCCC(O)=O)C(O)=O,OC[C@H](O)[C@@H](O)[C@H](O)[C@H](O)[C@@H](O)CC(=O)C(O)=O
159,CC(O)(CC(O)=O)C(O)=O,[H][C@@]12CC[C@H]([C@H](C)CCC(O)=O)[C@@]1(C)[C@@H](O)C[C@@]1([H])[C@@]2([H])[C@@H](O)C[C@@]2([H])C[C@@H](O)CC[C@]12C
160,OC(CC(O)=O)CC(O)=O,[H][C@@]12CC[C@@H](O)[C@@]1(C)CC[C@]1([H])C3=C(CC[C@@]21[H])C=C(O)C=C3
161,[H][C@@]12CC[C@H]([C@H](C)CCC(O)C(C)(C)O)[C@@]1(C)CCC\C2=C/C=C1/C[C@H](O)CCC1=C,[H][C@@]12C[C@H](O)[C@@H](O)[C@@]1(C)CC[C@]1([H])C3=C(CC[C@@]21[H])C=C(O)C=C3
162,[H][C@@]12CC[C@H]([C@H](C)CCC(O)=O)[C@@]1(C)[C@@H](O)C[C@@]1([H])[C@@]2([H])[C@@H](O)C[C@@]2([H])C[C@H](O)CC[C@]12C,[H][C@@]12CC[C@H]([C@H](C)CCC(O)=O)[C@@]1(C)C(O)C[C@@]1([H])[C@@]2([H])C(O)CC2CC(O)CC(O)[C@]12C
163,COC1=CC=C(CC(O)=O)C=C1OC,[H][C@@]12CC[C@H]([C@H](C)CCC(O)=O)[C@@]1(C)[C@@H](O)C[C@@]1([H])[C@@]2([H])[C@H](O)C[C@]2([H])[C@@H](O)[C@H](O)CC[C@]12C
164,[H][C@@]12CC[C@H]([C@H](C)CCC(O)=O)[C@@]1(C)[C@@H](O)C[C@@]1([H])[C@@]2([H])CC[C@]2([H])C[C@@H](O)CC[C@]12C,OC(=O)CNC(=O)C1=CC=CO1
165,OC(=O)CC1=CC(O)=CC=C1,C[C@H](O)CC(O)=O
166,OC(=O)C1=COC=C1,[H][C@@](O[C@@H]1O[C@H](CO)[C@H](O)[C@H](O[C@@]2([H])O[C@H](CO)[C@H](O)[C@H](O)[C@H]2NC(C)=O)[C@H]1O[C@]1([H])O[C@@H](C)[C@@H](O)[C@@H](O)[C@@H]1O)([C@H](O)CO)[C@H](O)[C@@H](O)C=O
167,CC(=O)N[C@@H](CCCCN)C(O)=O,[H][C@@]12CC[C@H]([C@H](C)CCC(O)=O)[C@@]1(C)[C@@H](O)C[C@@]1([H])[C@@]2([H])[C@H](O)CC2=CC(=O)CC[C@]12C
168,OC(=O)CCCCC(O)=O,[H][C@@]12CC[C@H](C(=O)CO)[C@@]1(C)C[C@H](O)[C@@]1([H])[C@@]2([H])CC[C@@]2([H])C[C@H](O)CC[C@]12C
169,NC[C@H](O)CC[C@H](N)C(O)=O,OC1CCC(CC(O)=O)CC1
170,CC[C@H](N)C(O)=O,CC1CCCC(=O)O1
171,N[C@@H](CCSCC(N)C(O)=O)C(O)=O,[H][C@@]12CC[C@@H](O)[C@@]1(C)CC[C@@]1([H])[C@@]2([H])CC[C@@]2([H])C[C@H](O)CC[C@]12C
172,CC(C)=CC(=O)NCC(O)=O,[H][C@@]12CCC([C@H](C)CCC(O)=O)[C@@]1(C)CC[C@@]1([H])[C@@]2([H])[C@@H](O)C[C@@]2([H])CC(=O)CC[C@]12C
173,NC(=O)NC1NC(=O)NC1=O,[Ca++]
174,CC1=CNC2=CC=CC=C12,[H][C@@]12CCC([C@@H](C)CCC(O)=O)[C@@]1(C)CC[C@@]1([H])[C@@]2([H])C(=O)C[C@]2([H])C[C@H](O)CC[C@]12C
175,C[C@H](O)[C@H](O)C1=CNC2=NC(N)=NC(=O)C2=N1,OCC1=CNC(=O)NC1=O
176,N[C@@H](CC1=CNC2=C1C=C(O)C=C2)C(O)=O,CN(C)C1=NC=NC2=C1NC=N2
177,CCC(C)=O,[H][C@@]12CC[C@H]([C@H](C)CCC(O)=O)[C@@]1(C)CC[C@@]1([H])[C@@]2([H])C=CC2=CC(=O)CC[C@]12C
178,CCCCC\C=C/C\C=C/CCCCCC(O)=O,[H][C@@]12CCC([C@H](C)CCC(O)=O)[C@@]1(C)[C@@H](O)C[C@@]1([H])[C@@]2([H])CC[C@@]2([H])C[C@H](O)CC[C@]12C
179,[H][C@](N)(CC1=CN=CN1C)C(O)=O,OC[C@H]1O[C@H]([C@H](O)[C@@H]1O)N1N=CC2=C1NC=NC2=O
180,CCCCCCCC(O)=O,[H]C1CC([C@@H](C)C[C@H](O)CC(C)(C)O)[C@]2(C)C1[C@]1([H])[C@H](O)C[C@]3([H])C[C@H](O)CC[C@]3(C)[C@@]1([H])C[C@@H]2O
181,COC1=CC(=CC=C1O)C(O)=O,CC(O)CCCCCC(O)=O
182,CC1=C(C=C)\C(NC1=O)=C\C1=C(C)C(CCC(O)=O)=C(CC2=C(CCC(O)=O)C(C)=C(N2)\C=C2\NC(=O)C(C=C)=C2C)N1,CC(=O)N[C@@H]1[C@@H](O)[C@H](O)[C@@H](CO)O[C@H]1NC(=O)C[C@H](N)C(O)=O
183,[H][C@@]12CCC(=O)[C@@]1(C)CC[C@@]1([H])[C@@]2([H])CC[C@]2([H])C[C@]([H])(O)CC[C@]12C,CC[C@H](C)C(=O)C(O)=O
184,[Cl-],[H][C@@]12CC[C@H](O)[C@@]1(C)CC[C@@]1([H])[C@@]2([H])CC[C@@]2([H])C[C@@H](O)CC[C@]12C
185,CC[C@H](CC[C@@H](C)[C@H]1CC[C@H]2[C@@H]3CCC4C[C@@H](O)CC[C@]4(C)[C@H]3CC[C@]12C)C(C)C,[H][C@@]12CCC(O)[C@@]1(C)CC[C@@]1([H])[C@@]2([H])CC[C@@]2([H])C[C@H](O)CC[C@]12C
186,COC1=CC(=CC=C1O[C@@H]1O[C@@H]([C@@H](O)[C@H](O)[C@H]1O)C(O)=O)C(O)CO,OC[C@H]1O[C@H]([C@H](O)[C@@H]1O)N1CCC(=O)NC1=O
187,C[C@@H](O)[C@@H](O)C(O)=O,CCCCCCCC\C=C\CCCC(O)=O
188,OC(=O)C1=CC=C(O)C=C1,[H][C@@]12CCC([C@H](C)CCCC(C)C)[C@@]1(C)CC[C@@]1([H])[C@@]2([H])C(=O)C=C2CC(O)CC[C@]12C
189,[H][C@@]1(CC[C@@]2([H])[C@]3([H])[C@H](O)C[C@]4([H])CC(=O)CC[C@]4(C)[C@@]3([H])C[C@H](O)[C@]12C)[C@H](C)CCC(O)=O,[H][C@@]1(CC[C@@]2([H])[C@]3([H])[C@H](O)C[C@]4([H])CC(=O)CC[C@]4(C)[C@@]3([H])CC[C@]12C)[C@H](C)CCC(O)=O
190,[H][C@@]1(CC[C@@]2([H])[C@]3([H])[C@H](O)C[C@@]4([H])C[C@H](O)CC[C@]4(C)[C@@]3([H])C[C@H](O)[C@]12C)[C@H](C)CCC(O)=O,[H][C@@]1(CC[C@@]2([H])[C@]3([H])[C@H](O)[C@@H](O)[C@]4([H])C[C@H](O)CC[C@]4(C)[C@@]3([H])CC[C@]12C)[C@H](C)CCC(O)=O
191,OC[C@H](O)[C@H](O)[C@H](O)CO,CC(C)=CC(O)=O
192,N[C@@H](CCCC(O)=O)C(O)=O,CCCCCCCCCC(O)=O
193,CC(=O)N[C@@H](CC1=CC=CC=C1)C(O)=O,[H][C@@]1(CC[C@@]2([H])[C@]3([H])[C@H](O)C[C@]4([H])C[C@H](O)CC[C@]4(C)[C@@]3([H])C[C@H](O)[C@]12C)[C@H](C)C[C@@H](O)CC(C)(C)O
194,[H][C@@]12CCC([C@H](C)CCC(O)=O)[C@@]1(C)CC[C@@]1([H])[C@@]2([H])[C@H](O)C[C@@]2([H])C[C@H](O)CC[C@]12C,N[C@@H](CCCNC(N)=N)C(O)=O
195,[H][C@@]1(CC[C@@]2([H])[C@]3([H])[C@H](O)C[C@]4([H])C[C@H](O)CC[C@]4(C)[C@@]3([H])CC[C@]12C)[C@H](C)CCC(O)=O,[H][C@@]12CCC([C@H](C)CCCC(C)(C)O)[C@@]1(C)[C@@H](O)C[C@@]1([H])[C@@]2([H])[C@H](O)C[C@@]2([H])C[C@H](O)CC[C@]12C
196,CCCCCCCC\C=C/CCCC(O)=O,C\C(CC(O)=O)=C/C(O)=O
197,[H][C@@]12C[C@H](O)[C@@H](O)[C@@]1(C)CC[C@@]1([H])[C@@]2([H])CC=C2C[C@@H](O)CC[C@]12C,[H][C@@]1(CC[C@@]2([H])[C@]3([H])[C@H](O)C[C@]4([H])C[C@H](O)CC[C@]4(C)[C@@]3([H])C[C@H](O)[C@]12C)[C@H](C)CCCC(C)(C)O
198,CC(O)CCCC(O)=O,[H][C@@]12CC[C@](O)(C(=O)CO)[C@@]1(C)C[C@H](O)[C@@]1([H])[C@@]2([H])CC[C@@]2([H])C[C@H](O)CC[C@]12C
199,[H][C@@]12CC[C@H]([C@H](C)CCC(O)=O)[C@@]1(C)[C@@H](O)C[C@@]1([H])[C@@]2([H])C[C@H](O)C2C[C@H](O)CC[C@]12C,OC(=O)C1CC(=O)NC(=O)N1
200,CCCCCC\C=C/CCCC(O)=O,[H][C@@]12C[C@@H](O)[C@H](O)[C@@]1(C)CC[C@]1([H])C3=C(C=C(O)C=C3)C(=O)C[C@@]21[H]
201,CCC(O)CC(O)=O,CC(=O)NCC(O)=O
202,[H][C@@]12CC[C@H]([C@H](C)CC[C@@H](C)C(C)C)[C@@]1(C)CC[C@@]1([H])[C@@]2([H])CCC2CC(O)CC[C@]12C,CCCCCC(O)=O
203,O[C@@H]1[C@@H](COP(O)(O)=O)O[C@H]([C@@H]1O)N1C=NC2=C1N=CN=C2N[C@@H](CC(O)=O)C(O)=O,NC1=NC=NC2=C1N=CN2[C@@H]1O[C@H](COP(O)(=O)OP(O)(=O)OP(O)(O)=O)[C@@H](O)[C@H]1O
204,OC[C@@H](O)[C@@H](O)[C@H](O)C(O)=O,[H][C@@]12C[C@@H](O)[C@@H](O)[C@@]1(C)CC[C@@]1([H])[C@@]2([H])CC=C2C[C@@H](O)CC[C@]12C
205,[H][C@@]12CC[C@H]([C@H](C)CCC(=O)OC)[C@@]1(C)CC[C@@]1([H])[C@@]2([H])C(=O)CC2CC(=O)CC[C@]12C,NC1=NC=NC2=C1NC(O)=N2
206,OC(=O)CCCC1=CC=CC=C1,CC1=C(CO)C(=O)NC(=O)N1
207,[H][C@@]1(CC[C@@]2([H])[C@]3([H])[C@@H](C[C@]4([H])C[C@@H](CC[C@]4(C)[C@@]3([H])CC[C@]12C)OS(O)(=O)=O)OS(O)(=O)=O)[C@H](C)CCC(O)=O,[H][C@@]12CCC(=O)[C@@]1(C)CC[C@@]1([H])[C@@]2([H])CC[C@]2([H])C[C@@H](O)CC[C@]12C
208,[Mg++],[H]C(COC(=O)CCCCCCCCC)(COC(=O)CCCCCCCCC)OC(=O)CCCCCCCCC
209,O=C1CCCO1,[H][C@@]12C[C@@H](O)[C@H](O)[C@@]1(C)CC[C@@]1([H])[C@@]2([H])CC=C2C[C@@H](O)CC[C@]12C
210,[H][C@@]12CC[C@H](O)[C@@]1(C)CC[C@@]1([H])[C@@]2([H])CC[C@]2([H])C[C@H](O)CC[C@]12C,C[C@H](CC(O)=O)CC(=O)O[C@H](CC([O-])=O)C[N+](C)(C)C
211,CC(C)CCC[C@@H](C)CCC[C@@H](C)CCC[C@H](C)CC(O)=O,[H][C@@]12CC[C@H](O)[C@@]1(C)CC[C@@]1([H])[C@@]2([H])CC[C@@]2([H])C[C@H](O)CC[C@]12C
212,C[C@@H](CCC(O)=O)CC(O)=O,[H][C@@]12CC[C@H]([C@H](C)CCC(O)C(C)(C)O)[C@@]1(C)[C@@H](O)C[C@@]1([H])[C@@]2([H])[C@H](O)CC2C[C@H](O)CC[C@]12C
213,CC[C@@H](C)[C@H](N)C(O)=O,[H][C@@]12CC[C@H]([C@@H](C)CC(O)CC(C)(C)O)[C@@]1(C)[C@@H](O)C[C@@]1([H])[C@@]2([H])[C@H](O)C[C@@]2([H])C[C@H](O)CC[C@]12C
214,COC1=C(OS(O)(=O)=O)C=CC(=C1)C(O)CO,CCCCC\C=C/C\C=C/CCCC(O)=O
215,C\C(\C=C\C=C(/C)\C=C\C1=C(C)CCCC1(C)C)=C/C=C/C=C(\C)/C=C/C=C(\C)/C=C/C1=C(C)CCCC1(C)C,CN1CC(=O)NC1=N
216,[H][C@](O)(CC1=CC=CC=C1)C(O)=O,[H][C@@](COC(=O)CCCCCCCCCCCCCCC)(COP([O-])(=O)OCC[N+](C)(C)C)OC(=O)CCCCCCCCCCCCCCC
217,OC[C@@H](O)[C@H](O)[C@H](O)[C@@H](O)C(O)=O,OC(=O)\C=C/C1=CC=CC=C1
218,OC[C@@H](O)C(O)[C@H](O)CO,N[C@@H](CCCC[N+]1=CC(CC[C@H](N)C([O-])=O)=C(C[C@H](N)C(O)=O)C(O)=C1)C(O)=O
219,CC1=C(CCC(O)=O)/C2=C/C3=N/C(=C\C4=C(C)C(CCC(O)=O)=C(N4)/C=C4\N=C(\C=C\1/N\2)C(C)=C4CCC(O)=O)/C(CCC(O)=O)=C3C,N[C@@H](CCCC[N+]1=CC(CC[C@H](N)C(O)=O)=C(CCC[C@H](N)C(O)=O)C(CC[C@H](N)C(O)=O)=C1)C(O)=O
220,CCCCCCCC\C=C\CCCCCCCC(O)=O,N[C@@H](CS)C(O)=O
221,NC(CCSSCCC(N)C(O)=O)C(O)=O,CCOC(=O)CC(O)=O
222,[H][C@@]1(CC[C@@]2([H])[C@]3([H])CC[C@]4([H])C[C@@H](O)CC[C@]4(C)[C@@]3([H])CC[C@]12C)[C@H](C)CCCC(C)C,CC1=C/C2=C/C3=N/C(=C\C4=C(CCC(O)=O)C(C)=C(N4)/C=C4\N=C(C=C4C)\C=C\1/N\2)/C(CCC(O)=O)=C3C
223,[H]O[C@@H]1O[C@H](COS(O)(=O)=O)[C@H](O)[C@H](O[C@@H]2O[C@@H]([C@@H](O)[C@H](O)[C@H]2OS(O)(=O)=O)C(O)=O)[C@H]1NC(C)=O,NC(CC1=CC(I)=C(OC2=CC=C(O)C=C2)C(I)=C1)C(O)=O
224,CCCCCCCCCCCCCCCCCCCCCC(N)=O,NCC(CC[C@H](N)C(O)=O)O[C@@H]1O[C@H](CO)[C@H](O)[C@H](O)[C@H]1O[C@H]1O[C@H](CO)[C@@H](O)C(O)[C@H]1O
225,[K+],[Na+]
226,OC(=O)CCCC(=O)NCC(O)=O,N[C@H]1[C@H](O)O[C@H](COS(O)(=O)=O)[C@@H](O)[C@@H]1O
227,[H][C@@](COC(=O)CCCCCCC\C=C/CCCCCCCC)(COP([O-])(=O)OCC[N+](C)(C)C)OC(=O)CCCCCCC\C=C/CCCCCCCC,N[C@@H](CCC(=O)N[C@@H](CC1=CC=CC=C1)C(O)=O)C(O)=O
228,OC(O)=O,CCCCCCCCCCCCC\C=C\C(O)C(N)COC1O[C@H](CO)[C@@H](O)[C@H](O)[C@H]1O
229,[S--],[Cr+3]
230,NCCCC[C@H](N(O)C1O[C@H](CO)[C@H](O)[C@H](O)[C@H]1O)C(O)=O,[H][C@@]1(CC[C@@]2([H])[C@]3([H])[C@H](O)C[C@]4([H])C[C@H](O)CC[C@]4(C)[C@@]3([H])C[C@H](O)[C@]12C)[C@H](C)CCCC(C)C(O)=O
231,OC(=O)CCCC\C=C/CCC(O)=O,O[C@H](CCC(O)=O)C(O)=O
232,[H][C@@](C)(CNC(=O)CC[C@]1(C)[C@@H](CC(N)=O)[C@@]2([H])N([Co]C#N)\C1=C(C)/C1=N/C(=C\C3=N\C(=C(C)/C4=N[C@]2(C)[C@@](C)(CC(N)=O)[C@@H]4CCC(N)=O)\[C@@](C)(CC(N)=O)[C@@H]3CCC(N)=O)/C(C)(C)[C@@H]1CCC(N)=O)OP(O)(=O)O[C@@H]1[C@@H](CO)O[C@@H]([C@@H]1O)N1C=NC2=CC(C)=C(C)C=C12,[Co++]
233,NC(CC1=CC=C(O)C(O)=C1)C(O)=O,CCCCC\C=C/C\C=C/CCCCCCCC(=O)O[C@H]1CC[C@]2(C)C3CC[C@]4(C)C(CCC4C3CC=C2C1)[C@H](C)CCCC(C)C
234,CC1=C(CCC(O)=O)/C2=C/C3=N/C(=C\C4=C(C)C(CCC(O)=O)=C(N4)/C=C4\N=C(\C=C\1/N\2)C(C)=C4CCC(O)=O)/C(C)=C3CCC(O)=O,OC[C@@H](O)[C@@H](O)C(O)=O
235,CCCCCCCCCCCCCCCC(=O)OC[C@H](COP(O)(=O)OC[C@H](N)C(O)=O)OC(=O)CCCCCCCCCCCCCCC,OC(=O)C1=CC=CO1
236,OCC(=O)[C@H](O)[C@H](O)COP(O)(O)=O,C[C@H](CCC(O)=O)[C@H]1CC[C@H]2[C@@H]3[C@H](O)C[C@@H]4C[C@H](O)CC[C@]4(C)[C@H]3C[C@H](O)[C@]12C
237,OC(=O)C\C=C\C(O)=O,OC[C@@]1(O)OC[C@@H](O)[C@H]1O
238,CCC(C(O)=O)C(O)=O,OC(=O)CCCCCCCCCCC(O)=O
239,CC(C)C[C@@H](O)C(O)=O,OC[C@@H](O)[C@@H](O)[C@H](O)[C@@H](O)C(O)=O
240,[H][C@@]1(CC[C@@]2([H])[C@]3([H])CC[C@]4([H])C[C@H](O)CC[C@]4(C)[C@@]3([H])C[C@H](O)[C@]12C)[C@H](C)CCC(O)=O,[H][C@@]12CC[C@@H](O)[C@@]1(C)CC[C@@]1([H])[C@@]2([H])CCC2=CC(=O)CC[C@]12C
241,[H]O[C@@H]1O[C@H](CO)[C@H](O)[C@H](O[C@@H]2O[C@@H]([C@@H](O)[C@H](O)[C@H]2O)C(O)=O)[C@H]1NC(C)=O,NC1=CC=NC(=O)N1
242,[H][C@]12CCC3C4CC[C@H]([C@H](C)CCC(=O)NCC(O)=O)[C@@]4(C)[C@@H](O)CC3[C@@]1(C)CC[C@@H](O)C2,[H]O[C@@H]1O[C@H](CO)[C@H](OS(O)(=O)=O)[C@H](O[C@@H]2O[C@H]([C@@H](O)[C@H](O)[C@H]2O)C(O)=O)[C@H]1NC(C)=O
243,C[C@@H](O)[C@@H](O)C1=CNC2=NC(N)=NC(=O)C2=N1,C\C(=C\C(O)=O)C(O)=O
244,CC(=O)CC(=O)CCC(O)=O,[H][C@@]1(CC[C@@]2([H])[C@]3([H])[C@H](O)C[C@]4([H])C[C@H](O)CC[C@]4(C)[C@@]3([H])CC[C@]12C)[C@H](C)CCC(=O)NCC(O)=O
245,CCCCCCCCCCCC(O)=O,O[C@@H]([C@@H](O)[C@H](O)C(O)=O)[C@@H](O)C(O)=O
246,[H][C@@]12OC[C@@H](O1)[C@@H](O)[C@H](O)[C@H]2O,N[C@@H](CCC(N)=O)C(O)=O
247,C[C@H](O)[C@@H](C)C(O)=O,CC1=C(CCC(O)=O)/C2=C/C3=N/C(=C\C4=C(C)C(CCC(O)=O)=C(N4)/C=C4\N=C(\C=C\1/N\2)C(CCC(O)=O)=C4C)/C(CCC(O)=O)=C3C
248,CC1=C(CCC(O)=O)/C2=C/C3=N/C(=C\C4=C(CCC(O)=O)C(C)=C(N4)/C=C4\N=C(\C=C\1/N\2)C(C)=C4CCC(O)=O)/C(CCC(O)=O)=C3C,OC[C@H]1O[C@H](OP(O)(O)=O)[C@H](O)[C@@H](O)[C@H]1O
249,O[C@H]1CO[C@H](O)[C@H](O)[C@H]1O,CCCCCCCCCCCCC\C=C\[C@@H](O)[C@@H](N)CO[C@@H]1O[C@H](CO)[C@H](O)[C@H](O)[C@H]1O
250,[H][C@@]12CC[C@H]([C@H](C)CC[C@H](CC)C(C)C)[C@@]1(C)CC[C@@]1([H])[C@@]2([H])CC=C2C[C@@H](O)CC[C@]12C,CC[C@@H](N)C(O)=O
251,CCCCCCCCCC(=O)O[C@H](CC([O-])=O)C[N+](C)(C)C,[H]O[C@@H]1O[C@H](CO)[C@H](OS(O)(=O)=O)[C@H](O[C@@H]2O[C@@H]([C@@H](O)[C@H](O)[C@H]2O)C(O)=O)[C@H]1NC(C)=O
252,[H][C@@]12CC[C@H]([C@H](C)CCCC(C)C)[C@@]1(C)CC[C@@]1([H])[C@@]2([H])CC=C2C[C@H](CC[C@]12C)OS(O)(=O)=O,N[C@@H](CCC(=O)N[C@@H](CSSCC(N)C(O)=O)C(=O)NCC(O)=O)C(O)=O
253,[Cu++],[H][C@@]1(CC[C@@]2([H])[C@]3([H])CC=C4C[C@H](CC[C@]4(C)[C@@]3([H])CC[C@]12C)OC(=O)CCCCCCC\C=C/CCCCCC)[C@H](C)CCCC(C)C
254,[H][C@@]12CC[C@H]([C@H](C)CCC(O)=O)[C@@]1(C)[C@H](C[C@@]1([H])[C@@]2([H])CC[C@]2([H])C[C@@H](CC[C@]12C)OS(O)(=O)=O)OS(O)(=O)=O,OC[C@H]1O[C@](O)(CO)[C@@H](O)[C@@H]1O
255,OC(=O)CCCC(O)=O,[F-]
256,O[C@@H]([C@H](O)[C@@H](O)C(O)=O)[C@H](O)C(O)=O,[H][C@@]12CC[C@H]([C@H](C)CCC(O)=O)[C@@]1(C)CC[C@@]1([H])[C@@]2([H])C[C@H](O)[C@]2([H])C[C@@H](O)CC[C@]12C
257,CC(C)CC(O)C(O)=O,CCCCCCC(O)=O
258,N[C@@H](CC1=CC=C(OC2=CC=C(O)C=C2)C=C1)C(O)=O,CC(O)C1=C2NC(\C=C3/N\C(=C/C4=N/C(=C\C5=N\C(=C/2)\C(C)=C5C(C)O)/C(C)=C4CCC(O)=O)C(CCC(O)=O)=C3C)=C1C
259,OC(=O)CC1=C(O)C=CC=C1,N[C@@H](CCCCNC(N)=N)C(O)=O
260,O[C@@H](CC1=CNC2=C1C=CC=C2)C(O)=O,OC(=O)CCCCCCCCCCCCCCC(O)=O
261,CCCCC\C=C/C\C=C/CCCCCCCC(O)=O,[H][C@@](COC(=O)CCCCCCCCCCCCCCC)(COP(O)(O)=O)OC(=O)CCCCCCCCCCCCCCC
262,II,NC(CCSSCC[C@H](N)C(O)=O)C(O)=O
263,[H]OC(=O)C([H])([H])N([H])C(=O)C([H])([H])C([H])(C([H])([H])[H])C([H])([H])[H],N[C@@H](CCCCNC(N)=O)C(O)=O
264,OS(=O)(=O)OC1=CNC2=CC=CC=C12,CC1=C2NC(\C=C3/N=C(/C=C4\N\C(=C/C5=N/C(=C\2)/C(CCC(O)=O)=C5C)C(C=C)=C4C)C(C)=C3CCC(O)=O)=C1CCC(O)=O
265,N[C@@H](CC(=O)C1=CC=CC=C1N)C(O)=O,[H][C@@]1(CC[C@@]2([H])[C@]3([H])[C@@H](O)C[C@]4([H])C[C@@H](O)CC[C@]4(C)[C@@]3([H])CC[C@]12C)[C@H](C)CCC(O)=O
266,CC(C)C[C@H](N)C(O)=O,CC(C)CC(=O)OC(CC([O-])=O)C[N+](C)(C)C
267,CC(C)CCC(O)=O,OC(=O)CC(O)=O
268,[Fe++],CO[C@@H]1O[C@@H](COS(O)(=O)=O)[C@H](O[C@@H]2O[C@@H]([C@H](OC)[C@@H](O)[C@@H]2OS(O)(=O)=O)C(O)=O)[C@@H](O)[C@@H]1NOS(O)(=O)=O
269,O[C@@H](CCC(O)=O)C(O)=O,CC(C)CC(=O)C(O)=O
270,CSCC[C@H](N)C(O)=O,CCC1=C(C)/C2=C/C3=N/C(=C\C4=C(CCC(O)=O)C(CC(O)=O)=C(N4)/C=C4\N=C(\C=C\1/N\2)C(C)=C4CCC(O)=O)/C(CCC(O)=O)=C3C
271,[H][C@@]1(CC[C@@]2([H])[C@]3([H])CC[C@]4([H])C[C@H](O)CC[C@]4(C)[C@@]3([H])CC[C@]12C)[C@H](C)CCC(=O)NCC(O)=O,C[N+]1=CC=CC(=C1)C(N)=O
272,OCCC(O)=O,CCCCCC(=O)NCC(O)=O
273,O[C@H](C(O)=O)C1=CC=CC=C1,NC1=NC(=O)C2=C(N1)NC(=O)C=N2
274,N[C@@H](CC(O)=O)C(=O)N[C@@H](CC1=CC=CC=C1)C(O)=O,OC(=O)C(=O)CC1=CC=C(O)C=C1
275,[H][C@@]1(CC[C@@]2([H])[C@]3([H])[C@@H](O)C[C@]4([H])C[C@H](O)CC[C@]4(C)[C@@]3([H])CC[C@]12C)[C@H](C)CCC(=O)NCC(O)=O,N[C@@H](CSSCC(N)C(=O)NCC(O)=O)C(O)=O
276,OCCCC(O)=O,CCCCCCC(O)C(O)=O
277,C[N+](C)(C)CC(CC([O-])=O)OC(=O)CCCCCCCCCCCCCCC(O)=O,[H][C@@]12CC[C@H]([C@H](C)CCC(O)=O)[C@@]1(C)CC[C@@]1([H])[C@@]2([H])CC[C@@]2([H])C[C@@H](O)CC[C@]12C
278,OC(=O)CNC(=O)C1=CC=CC=C1,OC(=O)C1=CC(=O)C2=CC=CC=C2N1
279,OC(=O)[C@@H]1CCCCN1,[H][C@@]12CC[C@H]([C@H](C)CCC(O)=O)[C@@]1(C)CC[C@@]1([H])[C@@]2([H])CC[C@]2([H])C[C@@H](O)CC[C@]12C
280,CC(C)CC(O)=O,N[C@@H](CCO)C(O)=O
281,CC(=O)CCC(O)=O,NCC(=O)N1CCC[C@H]1C(O)=O
282,[H][C@@]1(CC[C@@]2([H])[C@]3([H])CC[C@]4([H])C[C@H](O)CC[C@]4(C)[C@@]3([H])CC[C@]12C)[C@H](C)CCC(=O)NCCS(O)(=O)=O,O[C@H]1CN[C@@H](C1)C(O)=O
283,CC(C)CC(=O)N[C@@H](CCC(O)=O)C(O)=O,NC1=NC(=O)C2=NC(=CNC2=N1)[C@H](O)[C@@H](O)CO
284,CC1=C(CCC(O)=O)C2=N\C\1=C/C1=C(CC(O)=O)C(CCC(O)=O)=C(N1)\C=C1/N=C(/C=C3\N/C(=C\2)C(CCC(O)=O)=C3CC(O)=O)C(CCC(O)=O)=C1CC(O)=O,CC(C)(O)C(O)=O
285,CC(C)C(=O)NCC(O)=O,N[C@@H](CSS(O)(=O)=O)C(O)=O
286,NC(CC(=O)C1=C(N)C(O)=CC=C1)C(O)=O,[H][C@@]12CC[C@H]([C@H](C)CCC(O)=O)[C@@]1(C)CC[C@@]1([H])[C@@]2([H])C[C@H](O)C2C[C@H](O)CC[C@]12C
287,OC(=O)\C=C\C1=CNC2=C1C=CC=C2,OC(=O)CNC(=O)CC1=CC=C(O)C=C1
288,CC(C)C(=O)O[C@H](CC([O-])=O)C[N+](C)(C)C,CC1=C(CCC(O)=O)\C2=C\C3=C(CC(O)=O)C(CCC(O)=O)=C(N3)\C=C3/N=C(/C=C4\N\C(=C/C1=N2)C(CCC(O)=O)=C4CC(O)=O)C(CCC(O)=O)=C3CC(O)=O
289,N1C=CC2=C1C=CC=C2,NC(CCCC[N+]1=CC(CCC(N)C(O)=O)=CC(CCC(N)C(O)=O)=C1CCCC(N)C(O)=O)C(O)=O
290,OC[C@H]1O[C@](O)(CO)[C@@H](O)[C@@H]1O[C@@H]1O[C@H](CO)[C@H](O)[C@H](O)[C@H]1O,N[C@@H](CCS)C(O)=O
291,CC1=C(CCC(O)=O)/C2=C/C3=N/C(=C\C4=C(CC(O)=O)C(CCC(O)=O)=C(N4)/C=C4\N=C(\C=C\1/N\2)C(CCC(O)=O)=C4C)/C(CCC(O)=O)=C3CC(O)=O,NCCCC(=O)N[C@@H](CC1=CNC=N1)C(O)=O
292,CC(C)C[C@H](O)C(O)=O,CC(C)CC(=O)N[C@@H](C)C(O)=O
293,O[C@H](CC1=CC=CC=C1)C(O)=O,C\C(=C/C(O)=O)C(O)=O
294,OC(C(O)=O)C1=CC(O)=CC=C1,OC[C@]1(O)OC[C@H](O)[C@H]1O
295,CC(CC(O)=O)CC(O)=O,CCCC(=O)CC
296,CC(C)(O)CC(O)=O,OC(CC1=CC=C(O)C=C1)C(O)=O
297,CCCCCC(=O)O[C@H](CC([O-])=O)C[N+](C)(C)C,OC[C@H]1O[C@H](OC[C@H]2O[C@H](O[C@H]3[C@H](O)[C@@H](O)[C@@H](O)O[C@@H]3CO)[C@H](O)[C@@H](O)[C@@H]2O[C@H]2O[C@H](CO)[C@@H](O)[C@H](O)[C@H]2O)[C@H](O)[C@@H](O)[C@@H]1O
298,CC(C)C[C@H](NC(=O)CN)C(O)=O,[H][C@@]12CCC([C@H](C)CCC(O)=O)[C@@]1(C)CC[C@@]1([H])[C@@]2([H])[C@H](O)[C@H](O)[C@]2([H])C[C@H](O)CC[C@]12C
299,[H][C@@]1(CC[C@@]2([H])[C@]3([H])CC[C@]4([H])C[C@H](O)CC[C@]4(C)[C@@]3([H])CC[C@]12C)[C@H](C)CCC(O)=O,OC(=O)CC1=CNC2=C1C=C(O)C=C2
300,OC(=O)CCC1=CC=CC=C1,OC[C@@H](O)[C@@H](O)[C@H](O)[C@H](O)CO
301,C[C@H](NC(C)=O)C(O)=O,OC[C@H]1O[C@H]([C@H](O)[C@@H]1O)C1=CNC(=O)NC1=O
302,CC(O)C(=O)OC[C@@H](O)[C@@H](O)[C@@H]1O[C@@](O)(C[C@H](O)[C@H]1NC(C)=O)C(O)=O,CCCCCCCCCCCCCCCCCC(=O)N[C@@H](CO[C@@H]1O[C@H](CO)[C@@H](O)[C@H](O)[C@H]1O)[C@@H](O)CCCCCCCCCCCCCCCC
303,CCCCCCCCCCCCCCCCCCC(O)=O,[H][C@]1(O[C@](O)(C[C@H](O)[C@H]1NC(C)=O)C(O)=O)[C@H](O)[C@H](O)CO
304,[H][C@@]12CC[C@H](C(C)=O)[C@@]1(C)CC[C@@]1([H])[C@@]2([H])CC=C2CC(CC[C@]12C)OS(O)(=O)=O,OC(CC1=CC=CC=C1)C(O)=O
305,CC1=C2NC(\C=C3/N=C(/C=C4\N\C(=C/C5=N/C(=C\2)/C(C)=C5CCC(O)=O)C(CCC(O)=O)=C4CC(O)=O)C(CCC(O)=O)=C3CC(O)=O)=C1CCC(O)=O,CC(=O)N[C@H]1[C@H](O)O[C@H](CO)[C@H](OS(O)(=O)=O)[C@@H]1O
306,OC(=O)CCCCCCCCCCCCCCCCC(O)=O,CCC(=O)NCC(O)=O
307,OC(=O)CCCCCCCC(O)=O,CC(=O)N[C@@H]1[C@@H](O)C[C@](O)(O[C@H]1[C@H](OC(C)=O)[C@H](O)CO)C(O)=O
308,O=C1NC(=O)C2=CNNC2=N1,OC[C@H]1O[C@H]([C@H](O)[C@@H]1O)N1C(=O)NC(=O)C=C1C(O)=O
309,CC1=C(CCC(O)=O)/C2=C/C3=C(CCC(O)=O)C(CC(O)=O)=C(N3)\C=C3/N=C(/C=C4\N=C(\C=C\1/N\2)C(C)=C4CCC(O)=O)C(C)=C3CCC(O)=O,CCCCCCCC(=O)O[C@H](CC([O-])=O)C[N+](C)(C)C
310,OC(=O)CCCCCCCCC(O)=O,N[C@H](CC1=CC(I)=C(OC2=CC=C(O)C=C2)C=C1)C(O)=O
311,CC(=O)N[C@@H]1[C@@H](O)C[C@](O)(O[C@H]1[C@H](O)[C@H](O)COC(C)=O)C(O)=O,CC(C)CCCC(C)CCCC(C)CCCC(C)C(O)=O
312,CC(=O)N[C@@H]1[C@H](C[C@](O)(O[C@H]1C(O)C(O)CO)C(O)=O)OC(C)=O,NC1=C(N=CN1[C@@H]1O[C@H](COP(O)(O)=O)[C@@H](O)[C@H]1O)C(=O)N[C@@H](CC(O)=O)C(O)=O
313,CCCCCCC(=O)OCC,CC(C)CCCC(C)CCCC(C)CCCC(C)CC(O)=O
314,NC1=NC2=NC=CN=C2C(=O)N1,CC(=O)N[C@H]1[C@H](O)O[C@H](CO)[C@@H](O)[C@@H]1O
315,CCCCCCCCCCCCCC(O)=O,OC(COP(O)(O)=O)C(O)=O
316,CCCC(=O)NCC(O)=O,CCCCCCCCCCCCCCCCCCCC(=O)N[C@H](CO[C@@H]1O[C@H](CO)[C@@H](O[C@@H]2O[C@H](C)[C@H](O[C@@H]3O[C@H](CO)[C@H](O)[C@H](O[C@@H]4O[C@H](CO)[C@H](O)[C@H](O)[C@H]4O)[C@H]3NC(C)=O)[C@H](O[C@@]3(C[C@H](O)[C@@H](NC(C)=O)C(O3)[C@H](O)[C@H](O)CO)C(O)=O)[C@H]2O)[C@H](O)[C@H]1O)[C@@H](O)\C=C\CCCCCCCCCCCCCCC
317,COC(=O)CCC1=C2NC(\C=C3/N=C(/C=C4\N\C(=C/C5=N/C(=C\2)/C(CCC(=O)OC)=C5C)C(C)=C4C=C)C(C)=C3C=C)=C1C,[H][C@@]12CC[C@H]([C@H](C)CCC(O)=O)[C@@]1(C)CC[C@@]1([H])[C@@]2([H])C[C@@H](O)[C@]2([H])C[C@H](O)CC[C@]12C
318,CC(=O)N[C@@H](CC(O)=O)C(O)=O,CC(=O)N[C@H]1[C@H](O)O[C@H](COS(O)(=O)=O)[C@@H](O)[C@@H]1O
319,CC1=C2NC(\C=C3/N=C(/C=C4\N\C(=C/C5=N/C(=C\2)/C(CC(O)=O)=C5CCC(O)=O)C(CC(O)=O)=C4CCC(O)=O)C(CC(O)=O)=C3CCC(O)=O)=C1CCC(O)=O,OC(=O)COP(O)(O)=O
320,C[C@H](O)[C@@H](O)C1=NC2=C(NC(N)=NC2=O)N=C1,COC1=CC(=CC=C1O)C(O)CN
321,CCCO,OC(=O)CNC(=O)CC1=CC=CC=C1
322,OC(C(O)=O)C1=CC=C(O)C=C1,CCC(=O)O[C@H](CC([O-])=O)C[N+](C)(C)C
323,[H][C@]1(O[C@@](C[C@H](O)[C@H]1NC(C)=O)(O[C@H]1[C@@H](O)[C@@H](CO)O[C@@H](O[C@H]([C@H](O)CO)[C@H](O)[C@@H](O)C=O)[C@@H]1O)C(O)=O)[C@H](O)[C@H](O)CO,CCCCCCCCCCCCCCC(O)=O
324,CCCCCCCCCCCCCCCCCC(O)=O,NC(=O)N[C@@H](CC(O)=O)C(O)=O
325,N[C@@H]1[C@@H](O)C[C@](O)(O[C@H]1[C@H](O)[C@H](O)CO)C(O)=O,CCCCCCCC(=O)NCC(O)=O
326,OC[C@@H](O)[C@@H](O)[C@@H]1O[C@@](O)(C[C@H](O)[C@H]1NC(=O)CO)C(O)=O,N1C2=CC=C1\C=C1\C=CC(\C=C3\C=CC(\C=C4/N\C(\C=C4)=C/2)=N3)=N1
327,OC(=O)CNC(=O)C1=C(O)C=CC=C1,CC(=O)N[C@@H](C=O)[C@@H](O)[C@@H](O)[C@H](O)COS(O)(=O)=O
328,OC(=O)C1=NC2=C(C=CC=C2)C=C1,CC(=O)N[C@H]1C(O)O[C@H](COS(O)(=O)=O)[C@H](OS(O)(=O)=O)[C@@H]1O
329,NC1=NC2=C(N=C(C=N2)C(O)C(O)CO)C(=O)N1,CCCCCCCCC(O)=O
330,CCCCCCCCCCCCCCCCCC(=O)O[C@H](CC([O-])=O)C[N+](C)(C)C,C[C@@H]1OC(O)[C@H](O)[C@H](O)[C@H]1O
331,N[C@@H](CCC1=C[N+](C[C@H](O)CC[C@H](N)C([O-])=O)=CC(O)=C1C[C@H](N)C(O)=O)C(O)=O,[H][C@@]1(CC[C@@]2([H])[C@]3([H])CC=C4C[C@@H](O)CC[C@]4(C)[C@@]3([H])CC[C@]12C)[C@H](C)CC[C@@H](CC)C(C)C
332,CC(=O)N[C@H]1[C@H](O)O[C@H](CO)[C@H](O)[C@@H]1O,OC(=O)CC[C@H](NC=N)C(O)=O
333,NC(=O)C1=C[N+](=CC=C1)[C@@H]1O[C@H](CO)[C@@H](O)[C@H]1O,CC(=O)N[C@@H](CCCNC(N)=O)C(O)=O
334,OC(=O)CCCCCC(O)=O,COC(=O)CCCC(O)=O
335,COC(=O)CNC(=O)C1=CC=CC=C1,OC(=O)CNC(=O)CCC1=CC=CC=C1
336,CC(C)O,[H][C@@]1(CC[C@@]2([H])[C@]3([H])C(O)C(O)[C@]4([H])C[C@H](O)CC[C@]4(C)[C@@]3([H])CC[C@]12C)[C@H](C)CCC(O)=O
337,CC(=O)N[C@@H](CC1=CC=C(O)C=C1)C(O)=O,OC[C@@H](O)[C@@H](O)[C@@H](O)C(O)=O
338,OCC(=O)[C@@H](O)[C@H](O)COP(O)(O)=O,COC(=O)CCC1=C(CCC(=O)OC)/C2=C/C3=N/C(=C\C4=C(C(=O)OC)C(CCC(=O)OC)=C(N4)/C=C4\N=C(\C=C\1/N\2)C(CCC(=O)OC)=C4CC(=O)OC)/C(CCC(=O)OC)=C3CC(=O)OC
339,NCCC1=CNC=N1,[H][C@@]1(CC[C@@]2([H])[C@]3([H])CC[C@@]4([H])CC(=O)CC[C@]4(C)[C@@]3([H])CC[C@]12C)[C@H](C)CCCC(C)C
340,OC(=O)CCCCCCCCCCCCC(O)=O,CC1=CC(O)=C(O)C=C1
341,[H][C@@]12CC[C@H]([C@H](C)CCC(=O)NCCS(O)(=O)=O)[C@@]1(C)CC[C@@]1([H])[C@@]2([H])[C@@H](O)CC2C[C@H](O)CC[C@]12C,C[N+]1=CC=CC(=C1)C([O-])=O
342,[H][C@@]1(CC[C@@]2([H])\C(CCC[C@]12C)=C\C=C1\C[C@@H](O)CCC1=C)[C@H](C)CCCC(C)C,NC1=NC(=O)C2=NC(=CNC2=N1)[C@@H](O)[C@H](O)CO
343,[H][C@@]1(CC[C@@]2([H])C3=CC=C4C[C@@H](O)CC[C@]4(C)[C@@]3([H])CC[C@]12C)[C@H](C)\C=C\[C@H](C)C(C)C,[H][C@@]12CC[C@H](C(=O)CO)[C@@]1(C)CC[C@@]1([H])[C@@]2([H])CC[C@@]2([H])C[C@H](O)CC[C@]12C
344,OC(=O)C1=NC2=C(O)C=CC=C2C(O)=C1,CC(C)[C@H](N)C(O)=O
345,CC1=CN([C@@H]2O[C@H](CO)[C@@H](O)[C@H]2O)C(=O)NC1=O,[H][C@@]1(CC[C@@]2([H])[C@]3([H])CC=C4C[C@H](CC[C@]4(C)[C@@]3([H])CC[C@]12C)OC(=O)CCCCCCCCCCCCCCC)[C@H](C)CCCC(C)C
346,CC1=C(CCC(O)=O)C2=CC3=[N]4C(=CC5=C(C)C(C=C)=C6C=C7C(C)=C(C=C)C8=[N]7[Fe]4(Cl)(N2C1=C8)N56)C(C)=C3CCC(O)=O,OC(=O)CCCCCCCCCC(O)=O
347,[H][C@@]12C[C@H](O)CC[C@]1(C)C1C[C@H](O)[C@]3(C)[C@H](CCC3C1[C@@H](O)C2)[C@H](C)CCC(=O)NCCS(O)(=O)=O,OC(=O)CCC1=C(CC(O)=O)/C2=C/C3=N/C(=C\C4=C(CC(O)=O)C(CCC(O)=O)=C(N4)/C=C4\N=C(\C=C\1/N\2)C(CC(O)=O)=C4CCC(O)=O)/C(CCC(O)=O)=C3CC(O)=O
348,CCCCC(O)=O,OC(=O)CCCCCCC(O)=O
349,OC(=O)CNC(=O)CC=C,CC(=O)OCC[N+](C)(C)C
350,[H][C@@]1(CC[C@@]2([H])[C@]3([H])CC[C@]4([H])C[C@H](O)CC[C@]4(C)[C@@]3([H])C[C@H](O)[C@]12C)[C@H](C)CCC(=O)NCCS(O)(=O)=O,CN1C=NC2=C1C(=O)N=C(N)N2
351,CN1C=NC(CCN)=C1,[H][C@@]12CCC(=O)[C@@]1(C)CC[C@@]1([H])[C@@]2([H])CC[C@@]2([H])CC(=O)CC[C@]12C
352,[H][C@@]1(CC[C@@]2([H])\C(CCC[C@]12C)=C\C=C1\C[C@@H](O)CCC1=C)[C@H](C)\C=C\[C@H](C)C(C)C,CCCC(CCC)C(=O)O[C@@H]1O[C@@H]([C@@H](O)[C@H](O)[C@H]1O)C(O)=O
353,NC(=O)C1=C[N+](=CC=C1)[C@@H]1O[C@H](COP([O-])(=O)OP(O)(=O)OC[C@H]2O[C@H]([C@H](O)[C@@H]2O)N2C=NC3=C2N=CN=C3N)[C@@H](O)[C@H]1O,[H][C@@]12CC[C@](O)(C(=O)CO)[C@@]1(C)CC(=O)[C@@]1([H])[C@@]2([H])CC[C@@]2([H])C[C@@H](O)CC[C@]12C
354,N[C@@H](CCCNC(N)=O)C(O)=O,NC1=NC=NC2=C1N=CN2[C@H]1C[C@H](O)[C@@H](COP(O)(O)=O)O1
355,CN(C)C,[H][C@@]12CC[C@H]([C@H](C)CCC(O)=O)[C@@]1(C)CC[C@@]1([H])[C@@]2([H])CCC2C[C@@H](CC[C@]12C)OS(O)(=O)=O
356,[H][C@@]1(CC[C@@]2([H])[C@]3([H])CC[C@@]4([H])C[C@@H](O)CC[C@]4(C)[C@@]3([H])CC[C@]12C)[C@H](C)CCCC(C)C,O[C@H]1CC[C@H](CC(O)=O)CC1
357,CCCCCCCCCCCCC(O)=O,OC[C@H]1O[C@H]([C@H](O)[C@@H]1O)N1C=NC2=C(N[C@@H](CC(O)=O)C(O)=O)N=CN=C12
358,COC1=CC(CC(O)C(O)=O)=CC=C1O,OC(=O)CCC1=C(CC(O)=O)/C2=C/C3=N/C(=C\C4=C(CCC(O)=O)C(CC(O)=O)=C(N4)/C=C4\N=C(\C=C\1/N\2)C(CCC(O)=O)=C4CC(O)=O)/C(CC(O)=O)=C3CCC(O)=O
359,[H][C@@]12CC[C@H]([C@H](C)CCC(O)=O)[C@@]1(C)[C@@H](O)C[C@@]1([H])[C@@]2([H])[C@@H](O)C[C@]2([H])C[C@H](O)CC[C@]12C,CCCCCCCC\C=C/CCCCCCCC(=O)O[C@H]1CC[C@]2(C)C3CC[C@]4(C)C(CCC4C3CC=C2C1)[C@H](C)CCCC(C)C
360,[H][C@@]12CCC(C(C)=O)[C@@]1(C)C[C@@H](O)[C@@]1([H])[C@@]2([H])CCC2=CC(=O)CC[C@]12C,[H][C@@]1(CC[C@@]2([H])[C@]3([H])CCC4=CC(=O)CC[C@]4(C)[C@@]3([H])CC[C@]12C)[C@H](C)CCCC(C)C
361,[H][C@@]1(CC[C@@]2([H])[C@]3([H])[C@H](O)C[C@@]4([H])C[C@H](O)CC[C@]4(C)[C@@]3([H])C[C@H](O)[C@]12C)[C@H](C)CCC(=O)NCCS(O)(=O)=O,C[N+](C)(C)[O-]
362,C1=CC=NC=C1,CCCCC(=O)NCC(O)=O
363,N[C@@H](CC1=CNC2=C1C=CC=C2)C(O)=O,OC(=O)\C=C\C1=CC=CC=C1
364,[H][C@@]12C[C@H](O)CC[C@]1(C)C1CC[C@]3(C)[C@H](CCC3C1[C@@H](O)[C@H]2O)[C@H](C)CCC(=O)NCCS(O)(=O)=O,OC(=O)CCCCCCCC\C=C\C(O)=O
365,CC(=O)C(=O)[C@H](N)[C@@H](O)[C@@H](OS(=O)(=O)O[C@@H]1[C@@H](COP(O)(=O)OP(O)(O)=O)O[C@H]([C@@H]1O)N1C=CC(=O)NC1=O)[C@H](O)CO,O[C@@H]1[C@@H](COP(O)(=O)OP(O)(=O)O[C@H]2O[C@@H]([C@@H](O)[C@H](O)[C@H]2O)C(O)=O)O[C@H]([C@@H]1O)N1C=CC(=O)NC1=O
366,OC(=O)CCC1=C(CC(O)=O)/C2=C/C3=N/C(=C\C4=C(CCC(O)=O)C(CC(O)=O)=C(N4)/C=C4\N=C(\C=C\1/N\2)C(CC(O)=O)=C4CCC(O)=O)/C(CC(O)=O)=C3CCC(O)=O,[H][C@@]1(CC[C@@]2([H])[C@]3([H])CC=C4C[C@@H](O)CC[C@]4(C)[C@@]3([H])CC[C@]12C)[C@H](C)\C=C\[C@@H](CC)C(C)C
367,N[C@@H](CCSC[C@H]1O[C@H]([C@H](O)[C@@H]1O)N1C=NC2=C1N=CN=C2N)C(O)=O,O[C@H]1COC(=O)[C@@H]1O
368,[H][C@@]12CC[C@H]([C@H](C)CCCC(C)C)[C@@]1(C)CC[C@@]1([H])[C@@]2([H])CC=C2CCCC[C@]12C,NC1=NC(=O)C2=C(NCC(N2)C(O)C(O)CO)N1
369,OC[C@H](O)[C@@H](O)C(O)=O,CCCCCCCCCCCCCCCCCCCCCC(O)=O
370,[H][C@@]1(CC[C@@]2([H])[C@]3([H])[C@@H](O)C[C@]4([H])C[C@H](O)CC[C@]4(C)[C@@]3([H])CC[C@]12C)[C@H](C)CCC(O)=O,CCCCCCCCCCC(O)=O
371,C[C@]12C[C@H](O)C3C(CCC4C[C@H](O)CC[C@]34C)C1CC[C@]2(O)C(=O)CO,[H][C@@](CO)(NC(=O)CCCCCCCCCCCCCCCCCCCCCC)[C@H](O)\C=C\CCCCCCCCCCCCC
372,[H][C@@]1(CC[C@@]2([H])[C@]3([H])[C@H](O)C[C@]4([H])C[C@H](O)CC[C@]4(C)[C@@]3([H])CC[C@]12C)[C@H](C)CCC(=O)NCCS(O)(=O)=O,OC(=O)CCCCCCC(=O)NCC(O)=O
373,COC1=C(O)C=CC(\C=C\C(O)=O)=C1,COC1=C(O)C=C(\C=C\C(O)=O)C=C1
374,O[C@H]([C@@H](O)C(O)=O)C(O)=O,OC1=C(O)C=CC=C1
375,OC(=O)C\C(=C/C(O)=O)C(O)=O,C\C=C(/C)C(=O)NCC(O)=O
376,NC1=NC2=C(N=CN2[C@H]2C[C@H](O)[C@@H](COP(O)(=O)OP(O)(O)=O)O2)C(=O)N1,[H]\C(CC\C(C)=C(/[H])COP(O)(=O)OP(O)(O)=O)=C(\C)CCC=C(C)C
377,NC(=O)CCCCC1CCSS1,CSC[C@H]1O[C@H](OP(O)(O)=O)[C@H](O)[C@@H]1O
378,NCCS(O)=O,O[C@H]1[C@@H](O)[C@@H](OP(O)(O)=O)[C@H](O)[C@@H](O)[C@@H]1OP(O)(O)=O
379,[H][C@@]1(CC[C@@]2([H])\C(CCC[C@]12C)=C\C=C1\C[C@@H](O)C[C@H](O)C1=C)[C@H](C)C[C@H]1C[C@@](C)(O)C(=O)O1,NC1=NC(=O)C2=C(NCC(CN(C=O)C3=CC=C(C=C3)C(=O)N[C@@H](CCC(O)=O)C(O)=O)N2)N1
380,OC[C@H]1O[C@H](O[C@H]2O[C@H](CO)[C@@H](O)[C@H](O)[C@H]2O)[C@H](O)[C@@H](O)[C@@H]1O,COC1=CC(=CC(C\C=C(/C)CC\C=C(/C)CC\C=C(/C)CC\C=C(/C)CC\C=C(/C)CCC=C(C)C)=C1O)C(O)=O
381,NC1=C(C=CC=C1)C(=O)CC(=O)C(O)=O,NC1=NC(=O)C2=C(NCC(=N2)[C@H](O)[C@H](O)COP(O)(=O)OP(O)(=O)OP(O)(O)=O)N1
382,[H][C@@]1(CC[C@@]2([H])C3=C(CC[C@]12C)[C@@]1(C)CCC(=O)[C@@H](C)[C@]1([H])CC3)[C@H](C)CCC=C(C)C,CC1=CN([C@@H]2O[C@H](CO)[C@@H](O)[C@H]2O)C(=O)N=C1N
383,OC(=N)CCCCC(S)CCS,C[S+](CCCN)C[C@H]1O[C@H]([C@H](O)[C@@H]1O)N1C=NC2=C1N=CN=C2N
384,CC=O,CCCCCCC(N)C(O)=O
385,OC(=O)CCC(=O)C1=CC=CN=C1,OC[C@H]1O[C@@H](OP(O)(O)=O)[C@@H](O)[C@@H](O)[C@@H]1O
386,[H][C@@]12CC=C(C(C)=O)[C@@]1(C)CC[C@@]1([H])[C@@]2([H])CCC2=CC(=O)CC[C@]12C,N[C@@H](CS(O)=O)C(O)=O
387,NC1=NC(=O)N(C=C1)[C@H]1C[C@H](O)[C@@H](COP(O)(=O)OP(O)(=O)OP(O)(O)=O)O1,NC(=N)CN(C=O)[C@@H]1O[C@H](COP(O)(O)=O)[C@@H](O)[C@H]1O
388,O[C@H]1C[C@@H](O[C@@H]1COP(O)(=O)OP(O)(O)=O)N1C=CC(=O)NC1=O,NC1=NC=NC2=C1N=CN2[C@@H]1O[C@H](COP(O)(=O)OS(O)(=O)=O)[C@@H](O)[C@H]1O
389,CNC(=O)CCC(=O)C1=CN=CC=C1,NC(=O)N[C@@H](O)C(O)=O
390,OC(=O)CCCC1=CC=CN=C1,CC1=C(C=C)\C(NC1=O)=C\C1=C(C)C(CCC(O)=O)=C(N1)\C=C1/N=C(/C=C2\NC(=O)C(C=C)=C2C)C(C)=C1CCC(O)=O
391,CN1CCCC1C1=CC=C[N+](C)=C1,C[N+]1=CCCC1C1=CC=CN=C1
392,CC(=C)C(=O)SCCNC(=O)CCNC(=O)[C@H](O)C(C)(C)COP(O)(=O)OP(O)(=O)OC[C@H]1O[C@H]([C@H](O)[C@@H]1OP(O)(O)=O)N1C=NC2=C1N=CN=C2N,CN1C(CCC1=O)C1=C[N+](=CC=C1)C1OC(C(O)C(O)C1O)C([O-])=O
393,OC(=O)CCC1N=CNC1=O,CSCC[C@H](NC=O)C(O)=O
394,CC(C)(COP(O)(O)=O)[C@@H](O)C(=O)NCCC(O)=O,O[C@@H]1[C@@H](COP(O)(=O)OP(O)(=O)O[C@H]2OC[C@@H](O)[C@H](O)[C@H]2O)O[C@H]([C@@H]1O)N1C=CC(=O)NC1=O
395,CN(C)C1=CC=CC=C1,CC(C)(COP(O)(=O)OP(O)(=O)OC[C@H]1O[C@H]([C@H](O)[C@@H]1OP(O)(O)=O)N1C=NC2=C1N=CN=C2N)C(O)C(=O)NCCC(=O)NCCSC(=O)C[C@H](O)C(O)=O
396,CC(C)(COP(O)(=O)OP(O)(=O)OC[C@H]1O[C@H]([C@H](O)[C@@H]1OP(O)(O)=O)N1C=NC2=C1N=CN=C2N)[C@@H](O)C(=O)NCCC(=O)NCCSC(=O)CCC(O)=O,C[C@H](CCC=C(C)C)[C@H]1CC=C2C3=C(CC[C@]12C)[C@@]1(C)CC[C@H](O)C(C)(C)[C@@H]1CC3
397,OC(=O)C(=O)COP(O)(O)=O,[H][C@@]1(CC[C@@]2([H])[C@]3([H])CC=C4C[C@@H](O)CC[C@]4(C)[C@@]3([H])CC[C@]12C)[C@H](C)CCCN(C)C
398,OC[C@H]1O[C@@H](O[C@H]2[C@H](O)[C@@H](O)C(O)O[C@@H]2CO)[C@H](O)C(=O)[C@H]1O,O[C@H]1C[C@H](O)[C@@H](COP(O)(O)=O)O1
399,[H][C@@]12CCC(=O)[C@@]1(C)CC[C@@]1([H])[C@@]2([H])CC=C2C[C@H](CC[C@]12C)OS(O)(=O)=O,CC[C@H](C)[C@H](NC(=O)[C@H](CC1=CC=C(O)C=C1)NC(=O)[C@@H](NC(=O)[C@H](CCCN=C(N)N)NC(=O)[C@@H](N)CC(O)=O)C(C)C)C(=O)N[C@@H](CC1=CN=CN1)C(=O)N1CCC[C@H]1C(=O)N[C@@H](CC1=CC=CC=C1)C(O)=O
400,CC[C@H](C)[C@H](NC(=O)[C@H](CC1=CC=C(O)C=C1)NC(=O)[C@@H](NC(=O)[C@@H](N)CCCN=C(N)N)C(C)C)C(=O)N[C@@H](CC1=CN=CN1)C(=O)N1CCC[C@H]1C(=O)N[C@@H](CC1=CC=CC=C1)C(O)=O,CC[C@H](C)[C@H](NC(=O)[C@H](CC1=CC=C(O)C=C1)NC(=O)[C@@H](N)C(C)C)C(=O)N[C@@H](CC1=CN=CN1)C(=O)N1CCC[C@H]1C(=O)N[C@@H](CC1=CC=CC=C1)C(O)=O
401,[OH-],CC[C@H](C)C(=O)SCCNC(=O)CCNC(=O)[C@H](O)C(C)(C)COP(O)(=O)OP(O)(=O)OC[C@H]1O[C@H]([C@H](O)[C@@H]1OP(O)(O)=O)N1C=NC2=C1N=CN=C2N
402,CCCCC\C=C/C\C=C/C\C=C/C\C=C/CCCC(O)=O,NC1=NC2=C(N=CN2[C@H]2C[C@H](O)[C@@H](COP(O)(O)=O)O2)C(=O)N1
403,CC(C)C[C@H](NC(=O)[C@H](CC1=CC=CC=C1)NC(=O)CNC(=O)CNC(=O)[C@@H](N)CC1=CC=C(O)C=C1)C(O)=O,CN1C(CCC1=O)C1=CN=CC=C1
404,OC[C@@]1(OP(O)(O)=O)O[C@H](COP(O)(O)=O)[C@@H](O)[C@@H]1O,N[C@@H](CCC(=O)N[C@@H](CS)C(O)=O)C(O)=O
405,OCl,OCC(O)C=O
406,CC(CO)C(=O)SCCNC(=O)CCNC(=O)C(O)C(C)(C)COP(O)(=O)OP(O)(=O)OCC1OC(C(O)C1OP(O)(O)=O)N1C=NC2=C(N)N=CN=C12,CC(CCOP(O)(=O)O[C@@H]1O[C@H](CO)[C@@H](O)[C@H](O)[C@H]1O)CC\C=C(\C)CCC=C(C)C
407,NC1=NC(=O)C2=C(NCC(CNC3=CC=C(C=C3)C(=O)N[C@@H](CCC(O)=O)C(O)=O)=N2)N1,C\C(CC(=O)SCCNC(=O)CCNC(=O)[C@H](O)C(C)(C)COP(O)(=O)OP(O)(=O)OC[C@H]1O[C@H]([C@H](O)[C@@H]1OP(O)(O)=O)N1C=NC2=C1N=CN=C2N)=C/C(O)=O
408,O[C@H]1[C@H](O)[C@@](O)(COP(O)(O)=O)O[C@@H]1COP(O)(O)=O,O[C@H]1[C@@H](OP(O)(O)=O)[C@H](O)[C@@H](OP(O)(O)=O)[C@H](OP(O)(O)=O)[C@H]1OP(O)(O)=O
409,COC1=C(OC)C(O)=C(C\C=C(/C)CC\C=C(/C)CC\C=C(/C)CC\C=C(/C)CC\C=C(/C)CC\C=C(/C)CC\C=C(/C)CCC=C(C)C)C(C)=C1O,O[I++](O)O
410,CC(=O)N[C@H]1C(O)O[C@H](COP(O)(O)=O)[C@@H](O)[C@@H]1O,CC(C)=CCC\C(C)=C\CC\C(C)=C\CC\C(C)=C\CC\C(C)=C\CC\C(C)=C\CC1=C(O)C(O)=CC(=C1)C(O)=O
411,CCCCC\C=C/C\C=C/CCCCCCCC(=O)SCCNC(=O)CCNC(=O)[C@H](O)C(C)(C)COP(O)(=O)OP(O)(=O)OC[C@H]1O[C@H]([C@H](O)[C@@H]1OP(O)(O)=O)N1C=NC2=C1N=CN=C2N,NCC(O)C1=CC=CC=C1
412,C[C@@H](O)C(=O)SC[C@H](NC(=O)CC[C@H](N)C(O)=O)C(=O)NCC(O)=O,CC(=O)N[C@@H](CC(O)=O)C(=O)N[C@@H](CCC(O)=O)C(O)=O
413,OC[C@]1(O)O[C@H](COP(O)(O)=O)[C@@H](O)[C@@H](O)[C@@H]1O,NC1=C2N=CN(C3OC(CO)C(O)C3O)C2=NC(NC2=CC=CC=C2)=N1
414,CCCCCCCC(=O)SCCNC(=O)CCNC(=O)C(O)C(C)(C)COP(O)(=O)OP(O)(=O)OCC1OC(C(O)C1OP(O)(O)=O)N1C=NC2=C(N)N=CN=C12,COC1=C(OC)C(=O)C(C\C=C(/C)CC\C=C(/C)CC\C=C(/C)CC\C=C(/C)CC\C=C(/C)CC\C=C(/C)CC\C=C(/C)CC\C=C(/C)CC\C=C(/C)CCC=C(C)C)=C(C)C1=O
415,OC[C@H]1O[C@](O)(COP(O)(O)=O)[C@@H](O)[C@@H]1O,O[C@@H]1O[C@H](COP(O)(O)=O)[C@@H](O)[C@H](O)[C@@H]1O
416,NCCCC=O,[H][C@]1(O[C@@](C[C@H](O)[C@H]1NC(C)=O)(OC[C@H]1O[C@@H](O[C@H]2[C@H](O)[C@@H](NC(C)=O)[C@H](O)O[C@@H]2CO)[C@H](O)[C@@H](O)[C@H]1O)C(O)=O)[C@H](O)[C@H](O)CO
417,[H][C@]12[C@H](CC(O)=O)[C@@](C)(CCC(O)=O)\C(N1[Co+]C[C@H]1O[C@H]([C@H](O)[C@@H]1O)N1C=NC3=C1N=CN=C3N)=C(C)\C1=N\C(=C/C3=N/C(=C(C)\C4=N[C@]2(C)[C@@](C)(CC(N)=O)[C@@H]4CCC(O)=O)/[C@@](C)(CC(N)=O)[C@@H]3CCC(O)=O)\C(C)(C)[C@@H]1CCC(O)=O,OC(=O)C1=NCCCC1
418,CCCCC\C=C/C[C@@H](O)\C=C\C=C\C=C/[C@@H](O)CCCC(O)=O,OC(=O)CCC1=C2CC3=C(CCC(O)=O)C(CC(O)=O)=C(CC4=C(CC(O)=O)C(CCC(O)=O)=C(CC5=C(CC(O)=O)C(CCC(O)=O)=C(CC(N2)=C1CC(O)=O)N5)N4)N3
419,CSC[C@H]1O[C@@H](O)[C@H](O)[C@@H]1O,CCCC(=O)SCCNC(=O)CCNC(=O)C(O)C(C)(C)COP(O)(=O)OP(O)(=O)OCC1OC(C(O)C1OP(O)(O)=O)N1C=NC2=C1N=CN=C2N
420,C[C@@](O)(CCOP(O)(=O)OP(O)(O)=O)CC(O)=O,[H][C@]12CCN(C[C@]1(O)C=C)[C@@]([H])(C2)[C@H](O)C1=CC=NC2=CC=C(OC)C=C12
421,[H][C@@]12CC[C@H]([C@H](C)CCC=C(C)C)[C@@]1(C)CCC1=C2CCC2CC(=O)CC[C@]12C,CC(C)=CCC\C(C)=C\CC\C(C)=C\CC\C(C)=C\CC\C(C)=C\CC\C(C)=C\CC\C(C)=C\CC\C(C)=C\COP(O)(=O)OP(O)(O)=O
422,C[C@@H]1OC(OP(O)(=O)OP(O)(=O)OC[C@H]2O[C@H]([C@H](O)[C@@H]2O)N2C=NC3=C2N=C(N)NC3=O)[C@@H](O)[C@H](O)[C@@H]1O,NC(=O)OP(O)(O)=O
423,CC1=C2CC3=C(C)C(C=C)=C(CC4=C(C)C(C=C)=C(CC5=C(C)C(CCC(O)=O)=C(CC(N2)=C1CCC(O)=O)N5)N4)N3,COC1=CC=C(C=C1)C(O)=O
424,CC(=O)N[C@H]1[C@H](N)O[C@H](CO)[C@@H](O)[C@@H]1O,NCCC=O
425,CN1C=[N+]([C@@H]2O[C@H](CO)[C@@H](O)[C@H]2O)C2=C1C(=O)N=C(N)N2,N[C@@H]1[C@@H](O)[C@H](O)[C@@H](CO)O[C@H]1OP(O)(O)=O
426,O[C@H](COP(O)(O)=O)C=O,CC(C)CC(=O)SCCNC(=O)CCNC(=O)[C@H](O)C(C)(C)COP(O)(=O)OP(O)(=O)OC[C@H]1O[C@H]([C@H](O)[C@@H]1OP(O)(O)=O)N1C=NC2=C1N=CN=C2N
427,CCCCCCCCCCCCCCCCCC(=O)SCCNC(=O)CCNC(=O)[C@H](O)C(C)(C)COP(O)(=O)OP(O)(=O)OC[C@H]1O[C@H]([C@H](O)[C@@H]1OP(O)(O)=O)N1C=NC2=C1N=CN=C2N,CC(C)(COP(O)(O)=O)[C@@H](O)C(=O)NCCC(=O)N[C@@H](CS)C(O)=O
428,OC(CCC(O)=O)C1=CC=CN=C1,CC(C)=CCOP(O)(=O)OP(O)(O)=O
429,CC(=O)N[C@@H]1[C@@H](O)O[C@H](COP(O)(O)=O)[C@@H](O)[C@@H]1O,CNC=O
430,NC1=CC=CC=C1C(O)=O,OC[C@H]1O[C@H](O[C@H]2O[C@H](COP(O)(O)=O)[C@@H](O)[C@H](O)[C@H]2O)[C@H](O)[C@@H](O)[C@@H]1O
431,O[C@H]1[C@H]2OP(O)(=O)O[C@H]2[C@H](O)[C@@H](O)[C@@H]1O,C1CNC(C1)C1=CC=CN=C1
432,O[C@H]1[C@H](O)[C@@H](COP(O)(O)=O)OC(=O)[C@@H]1O,N[C@@H]1O[C@H](COP(O)(O)=O)[C@@H](O)[C@H]1O
433,CC(=O)N[C@@H]1[C@H](O)O[C@H](CO)[C@@H](O)[C@@H]1O,OC(=O)CC(=N)C(O)=O
434,O[C@H]1[C@@H](O)[C@@H](O[C@@H]1COP(O)(O)=O)[N+]1=CC=CC(=C1)C(O)=O,NC1=C2N=CN([C@@H]3O[C@H](COP(O)(=O)OS(O)(=O)=O)[C@@H](OP(O)(O)=O)[C@H]3O)C2=NC=N1
435,OCC1=C(CC(O)=O)C(CCC(O)=O)=C(CC2=C(CC(O)=O)C(CCC(O)=O)=C(CC3=C(CC(O)=O)C(CCC(O)=O)=C(CC4=C(CC(O)=O)C(CCC(O)=O)=CN4)N3)N2)N1,CC(=O)N[C@@H](CCC(O)=O)C(O)=O
436,CCCCC[C@H](O)\C=C\[C@H]1[C@H](O)C[C@H](O)[C@@H]1C\C=C\CCCC(O)=O,CCCCCCCC=O
437,CC1=CC2=C(C=C1C)N(C[C@H](O)[C@H](O)[C@H](O)COP(O)(O)=O)C1=C(N2)C(=O)NC(=O)N1,O[C@@H]1[C@@H](O)[C@H](OP(O)(O)=O)[C@@H](OP(O)(O)=O)[C@@H](O)[C@H]1OP(O)(O)=O
438,NC(C(O)=O)C(O)=O,NCC(=O)CCC(O)=O
439,[H][C@@]1(CO)OC(O)[C@@]([H])(O)[C@@]([H])(O)[C@@]1([H])O,NC1=C2N=CN([C@H]3O[C@@H](COP(O)(=O)OP(O)(=O)OP(O)(=O)OC[C@H]4O[C@H]([C@H](O)[C@@H]4O)N4C=NC5=C(N)N=CN=C45)[C@H](O)[C@@H]3O)C2=NC=N1
440,C[C@@H](C(C)=O)C(=O)SCCNC(=O)CCNC(=O)[C@H](O)C(C)(C)COP(O)(=O)OP(O)(=O)OC[C@H]1O[C@H]([C@H](O)[C@@H]1OP(O)(O)=O)N1C=NC2=C1N=CN=C2N,CCCCCCCCCCCCCCCCCCCCCCC(O)=O
441,C[N+](C)(C)CCCC([O-])=O,CC(C)=CCC\C(C)=C\CC\C(C)=C\CCC(O)C1=C(C)/C2=C/C3=N/C(=C\C4=C(CCC(O)=O)C(C)=C5/C=C6\N=C(\C=C\1/N\2[Fe]N45)C(C)=C6C=C)/C(CCC(O)=O)=C3C
442,NC1=NC2=C(N=CN2[C@@H]2O[C@H](COP(O)(=O)OP(O)(=O)O[C@H]3O[C@H](CO)[C@@H](O)[C@H](O)[C@@H]3O)[C@@H](O)[C@H]2O)C(=O)N1,O[C@@H]1C=CC=C[C@H]1O
443,CC(=O)N[C@@H]1[C@@H](O)C[C@@H](COS(O)(=O)=O)O[C@H]1O[C@H]1[C@@H](O)[C@@H](COS(O)(=O)=O)O[C@@H](O[C@H]2[C@H](O)[C@@H](NC(C)=O)[C@H](O[C@@H]3[C@@H](O)[C@H](O)O[C@H](COS(O)(=O)=O)[C@@H]3O)O[C@@H]2COS(O)(=O)=O)[C@@H]1O,C[C@@H](O)CC(=O)SCCNC(=O)CCNC(=O)[C@H](O)C(C)(C)COP(O)(=O)OP(O)(=O)OC[C@H]1O[C@H]([C@H](O)[C@@H]1OP(O)(O)=O)N1C=NC2=C1N=CN=C2N
444,CC(=O)C=O,CCCCC\C=C\C=C\C(=O)SCCNC(=O)CCNC(=O)C(O)C(C)(C)COP(=O)(O)OP(=O)(O)OC[C@H]1O[C@H]([C@H](O)[C@@H]1OP(O)(=O)O)N1C=NC2=C1N=CN=C2N
445,NC1=CC=C(O)C=C1,[H][C@@]1(CC[C@@]2([H])C3=CC[C@@]4([H])C[C@@H](O)CC[C@]4(C)[C@@]3([H])CC[C@]12C)[C@H](C)CCCC(C)C
446,CC(C=O)C(O)=O,CSC[C@H]1O[C@H]([C@H](O)[C@@H]1O)N1C=NC2=C1N=CN=C2N
447,CC(C)(COP(O)(=O)OP(O)(=O)OC[C@H]1O[C@H]([C@H](O)[C@@H]1OP(O)(O)=O)N1C=NC2=C1N=CN=C2N)[C@@H](O)C(=O)NCCC(=O)NCCSC(=O)CC(O)=O,[H][C@]1(O[C@](C[C@H](O)[C@H]1NC(C)=O)(OP(O)(=O)OC[C@H]1O[C@H]([C@H](O)[C@@H]1O)N1C=CC(N)=NC1=O)C(O)=O)[C@H](O)[C@H](O)CO
448,NC(=O)CCCC[C@H](CCS)SC(=O)CCC(O)=O,NC1=C2N=CN(C3OC(COP(O)(=O)OP(O)(=O)OCC4OC(O)C(O)C4O)C(O)C3O)C2=NC=N1
449,NC1=C2N=CN([C@@H]3O[C@H](COP(O)(=O)OP(O)(=O)OC[C@H]4O[C@H]([C@H](O)[C@@H]4O)[N+]4=CC=CC(=C4)C(O)=O)[C@@H](O)[C@H]3O)C2=NC=N1,OC(=O)CCC(=O)N[C@@H](CCC=O)C(O)=O
450,C[C@H](CCC=C(C)C)C1CCC2C3=C(CC[C@]12C)[C@@]1(C)CC[C@H](O)[C@](C)([C@@H]1CC3)C(O)=O,O=C1NC2=C(N1)C(=O)N=CN2
451,CCCCCCCCO,C\C=C\C(C)=O
452,C[S+](CC[C@H](N)C(O)=O)C[C@H]1O[C@H]([C@H](O)[C@@H]1O)N1C=NC2=C1N=CN=C2N,CC(=O)NCCCNCCCCNCCCN
453,O[C@H]1[C@H](OP(O)(O)=O)[C@@H](OP(O)(O)=O)[C@@H](O)[C@@H](OP(O)(O)=O)[C@@H]1OP(O)(O)=O,CC(C)=CCC\C(C)=C\CC\C(C)=C\CC\C=C(/C)CC\C=C(/C)CC[C@@H]1OC1(C)C
454,CN1CCC2=CC(O)=C(O)C=C2C1,O=CCC1=CNC2=C1C=CC=C2
455,O[C@H]1C[C@@H](O[C@@H]1COP(O)(=O)OP(O)(=O)OP(O)(O)=O)N1C=CC(=O)NC1=O,NC1=NC=NC2=C1N=CN2[C@@H]1OC(COP(O)(=O)OP(O)(=O)OP(O)(=O)OP(O)(=O)OP(O)(=O)OC[C@H]2OC([C@H](O)[C@@H]2O)N2C=NC3=C(N)N=CN=C23)[C@@H](O)[C@H]1O
456,CCCCC\C=C/C\C=C/C\C=C/C=C/[C@H](CCCC(O)=O)OO,CC(=O)C(=O)C1CNC2=C(N1)C(=O)NC(N)=N2
457,OC[C@H]1O[C@@H](O[C@H]2[C@H](O)[C@@H](NC(O)=O)[C@@H](O[C@@H]2CO)OP(=O)(O)OP(O)(=O)OCCC(C)CC\C=C(/C)CC=C(C)C)[C@H](NC(O)=O)[C@@H](O)[C@@H]1O,[H][C@@](O)(COP(O)(=O)OP(O)(=O)OC[C@@]1([H])O[C@@]([H])(N2C=NC3=C(N)N=CN=C23)[C@]([H])(O)[C@]1([H])O)[C@@]([H])(O)[C@@]([H])(O)CN1C2=C(NC3=C1N=C(O)N=C3O)C=C(C)C(C)=C2
458,CCCCC\C=C/C\C=C/C=C/C=C/[C@@H](SC[C@H](NC(=O)CC[C@H](N)C(O)=O)C(=O)NCC(O)=O)[C@@H](O)CCCC(O)=O,NCCC[C@H](NC(=O)CCC(O)=O)C(O)=O
459,NC(CC(=O)C1=CC=CC=C1NC=O)C(O)=O,NC1=NC2=C(N=CN2[C@@H]2O[C@H](COP(O)(=O)OP(O)(O)=O)[C@@H](O)[C@H]2O)C(=O)N1
460,NC1=NC(=O)N(C=C1)[C@H]1C[C@H](O)[C@@H](COP(O)(O)=O)O1,CC(CCC=C(C)C)C1CCC2C3=C(CCC12C)C1(C)CCC(O)C(C=O)C1CC3
461,[H][C@@]1(O[C@@H]2CC(N(C)C2=O)C2=CC=CN=C2)O[C@@H]([C@@H](O)[C@H](O)[C@H]1O)C(O)=O,CC(=O)SCCNC(=O)CCNC(=O)[C@H](O)C(C)(C)COP(O)(=O)OP(O)(=O)OC[C@H]1O[C@H]([C@H](O)[C@@H]1OP(O)(O)=O)N1C=NC2=C1N=CN=C2N
462,NC(=O)NC(NC(N)=O)C(O)=O,NC1=C2N=CN([C@@H]3O[C@H](COP(O)(=O)OP(O)(=O)OP(O)(=O)OP(O)(=O)OC[C@H]4O[C@H]([C@H](O)[C@@H]4O)N4C=NC5=C(N)N=CN=C45)[C@@H](O)[C@H]3O)C2=NC=N1
463,OC(=O)CCC1NC(=O)NC1=O,CC(=O)[C@@H](O)[C@H](O)COP(O)(O)=O
464,C1CNC2=C(N1)C=NC=N2,[H][C@@]1(CC[C@@]2([H])C3=C(CC[C@]12C)[C@@]1(C)CC[C@H](O)[C@@H](C)[C@]1([H])CC3)[C@H](C)CCC=C(C)C
465,O=C1OC2=CC=CC=C2C=C1,OC1C2(Cl)C3(Cl)C4(Cl)C1(Cl)C1(Cl)C2(Cl)C3(Cl)C(Cl)(Cl)C41Cl
466,CCCCC[C@H](O)\C=C\[C@H]1[C@H](O)CC(=O)[C@@H]1C\C=C/CCCC(O)=O,CC1=CN([C@H]2C[C@H](O)[C@@H](COP(O)(O)=O)O2)C(=O)NC1=O
467,N[C@@H](CCC(=O)OP(O)(O)=O)C(O)=O,N[C@@H](CC1=CC(=O)C(=O)C=C1)C(O)=O
468,[H][C@@]1(CC[C@@]2([H])[C@]3([H])[C@H](O)C[C@]4([H])C[C@H](O)CC[C@]4(C)[C@@]3([H])C[C@H](O)[C@]12C)[C@H](C)CCCC(C)CO,OC1=CC=C(C=C1)[N+]([O-])=O
469,NC1=CN=CN1[C@@H]1O[C@H](COP(O)(O)=O)[C@@H](O)[C@H]1O,CC(=O)NCCC1=CNC2=C1C=C(O)C=C2
470,CNCCCC(=O)C1=CC=CN=C1,N\C(=C\C=C/C(O)=O)C(O)=O
471,[H][C@@]1(CC[C@@]2(C)C3=C(CC[C@]12C)[C@@]1(C)CC[C@H](O)[C@@H](C)[C@]1([H])CC3)[C@H](C)CCC(=C)C(C)C,CC(C)C(=O)SCCNC(=O)CCNC(=O)[C@H](O)C(C)(C)COP(O)(=O)OP(O)(=O)OC[C@H]1O[C@H]([C@H](O)[C@@H]1OP(O)(O)=O)N1C=NC2=C1N=CN=C2N
472,CCCCCC(=O)CC[C@H]1C=CC(=O)[C@@H]1C\C=C/CCCC(O)=O,NC1=NC(=O)N(C=C1)[C@H]1C[C@H](O)[C@@H](COP(O)(=O)OP(O)(O)=O)O1
473,[Al],CC1=CC2=C(C=C1C)N(C[C@H](O)[C@H](O)[C@H](O)COP(O)(=O)OP(O)(=O)OC[C@H]1O[C@H]([C@H](O)[C@@H]1O)N1C=NC3=C1N=CN=C3N)C1=NC(=O)NC(=O)C1=N2
474,CC(=O)NC1=CC=CC=C1,[H][C@@]1(CC[C@@]2(C)C3=C(CC[C@]12C)[C@@]1(C)CC[C@H](O)C(C)(C)[C@]1([H])CC3)[C@H](C)CCC=C(C)C
475,C[N+](C)(C)CC=O,OC(=O)C1=CC2=CC(O)=C(O)C=C2N1
476,N[C@H]1[C@@H](O)O[C@H](COP(O)(O)=O)[C@@H](O)[C@@H]1O,NCCCNCCCCNCCCN
477,NCCCCNCCCN,OC(=O)CCC=O
478,NC(CCC\N=C(/N)NC1OC(COP(O)(=O)OP(O)(=O)OCC2OC(C(O)C2O)N2C=NC3=C(N)N=CN=C23)C(O)C1O)C(O)=O,CC1=C2CC3=C(C)C(CCC(O)=O)=C(CC4=C(CCC(O)=O)C(C)=C(CC5=C(CCC(O)=O)C(C)=C(CC(N2)=C1CCC(O)=O)N5)N4)N3
479,OC[C@H]1O[C@H](O[C@H]2[C@H](O)[C@@H](O)[C@@H](O[C@H]3[C@H](O)[C@@H](O)C(O)O[C@@H]3CO)O[C@@H]2CO)[C@H](O)[C@@H](O)[C@@H]1O,[H][C@](N)(CCCC=O)C(O)=O
480,[H][C@@]1(OC(=O)C(=O)C1=O)[C@@H](O)CO,C[C@@H]1O[C@H](OP(O)(O)=O)[C@@H](O)[C@H](O)[C@@H]1O
481,OC[C@@]1(O)OC[C@H](O)[C@@H](O)[C@@H]1O,NC(=O)CCC(=O)C1=CN=CC=C1
482,OC(=O)CC(=O)CC(=O)\C=C\C(O)=O,C[C@@H](C(O)=O)C(=O)SCCNC(=O)CCNC(=O)C(O)C(C)(C)COP(O)(=O)OP(O)(=O)OC[C@H]1O[C@H]([C@H](O)[C@@H]1OP(O)(O)=O)N1C=NC2=C1N=CN=C2N
483,O[C@H](COP(O)(O)=O)C(=O)OP(O)(O)=O,O[C@H]1[C@@H](O)[C@@H](O[C@@H]1COP(O)(O)=O)C1=CNC(=O)NC1=O
484,CN1CCC[C@H]1C1=C[N+](=CC=C1)[C@H]1O[C@@H]([C@@H](O)[C@H](O)[C@H]1O)C([O-])=O,NC1=NC2=C(N=CN2[C@@H]2O[C@H](COP(O)(=O)OP(O)(=O)OP(O)(O)=O)[C@@H](O)[C@H]2O)C(=O)N1
485,CC1=CN([C@H]2C[C@H](O)[C@@H](COP(O)(=O)OP(O)(O)=O)O2)C(=O)NC1=O,CCC(=O)SCCNC(=O)CCNC(=O)[C@H](O)C(C)(C)COP(O)(=O)OP(O)(=O)OC[C@H]1O[C@H]([C@H](O)[C@@H]1OP(O)(O)=O)N1C=NC2=C1N=CN=C2N
486,CC(=O)NCCCNCCCCN,CC(C)=CCC\C(C)=C\CC\C(C)=C\[C@H]1[C@H](COP(O)(=O)OP(O)(O)=O)[C@@]1(C)CC\C=C(/C)CCC=C(C)C
487,N\C(=C\C=C/C=O)C(O)=O,NC1=C2N=CN([C@@H]3O[C@H](COP(O)(=O)OP(O)(=O)OP(O)(=O)OP(O)(=O)OP(O)(=O)OP(O)(=O)OC[C@H]4O[C@H]([C@H](O)[C@@H]4O)N4C=NC5=C(N)N=CN=C45)[C@@H](O)[C@H]3O)C2=NC=N1
488,CC(C)=CCC\C(C)=C\COP(O)(=O)OP(O)(O)=O,[H][C@@]12CCC([C@H](C)CCC=C(C)C)[C@@]1(C)CCC1=C2CC[C@@]2([H])C(C)(C)[C@@H](O)CC[C@]12C
489,CC(C)(COP(O)(=O)OP(O)(=O)OC[C@H]1O[C@H]([C@H](O)[C@@H]1OP(O)(O)=O)N1C=NC2=C1N=CN=C2N)[C@@H](O)C(=O)NCCC(=O)NCCSC(=O)\C=C\CC(O)=O,CCCCCCC\C=C\C(=O)SCCNC(=O)CCNC(=O)C(O)C(C)(C)COP(O)(=O)OP(O)(=O)OCC1OC(C(O)C1OP(O)(O)=O)N1C=NC2=C(N)N=CN=C12
490,OC[C@@H]1OC[C@@H](O)[C@@H]1O,OC(=O)[C@@H](COP(O)(O)=O)OP(O)(O)=O
491,CC(C)CCC[C@@H](C)CCC[C@@H](C)CCC[C@H](C)C(O)C(=O)SCCNC(=O)CCNC(=O)C(O)C(C)(C)COP(O)(=O)OP(O)(=O)OC[C@H]1O[C@H]([C@H](O)[C@@H]1OP(O)(O)=O)N1C=NC2=C1N=CN=C2N,OC[C@H]1O[C@H](O[C@H]2[C@H](O)[C@@H](O)[C@@H](O[C@H]3[C@H](O)[C@@H](O)[C@@H](O[C@H]4[C@H](O)[C@@H](O)C(O)O[C@@H]4CO)O[C@@H]3CO)O[C@@H]2CO)[C@H](O)[C@@H](O)[C@@H]1O
492,O=C1CCC(N1)C1=CN=CC=C1,CSC[C@@H](O)[C@@H](O)C(=O)COP(O)(O)=O
493,OC(=O)[C@@H]1CCC=N1,[Mo++]
494,COC1=C(O)C(C)=C(C\C=C(/C)CCC=C(C)C)C(O)=C1OC,O[C@H]1[C@@H](O)[C@H](NC(=O)CNC=O)O[C@@H]1COP(O)(O)=O
495,OC(=O)CNC(=O)C1=CC(Cl)=CC=C1,C[C@@H](N)C(O)=O
496,C[C@@H](O)C(O)=O,NC1=C2N=CN([C@@H]3O[C@H](COP(O)(=O)OP(O)(=O)O[C@@H]4[C@@H](CO)O[C@@H]([C@@H]4O)N4C=NC5=C(N)N=CN=C45)[C@@H](O)[C@H]3O)C2=NC=N1
497,O[C@@H]1[C@H](O)[C@H](O)[C@@H](OP(O)(O)=O)[C@H](O)[C@H]1O,NC1=NC2=C(N=CN2[C@@H]2O[C@@H]3COP(O)(=O)O[C@H]3[C@H]2O)C(=O)N1
498,[P],O[C@H](COP(O)(O)=O)[C@@H](O)[C@H](O)[C@@H](O)C(O)=O
499,CC(C)CCC=O,CC1=NC=C(COP(O)(O)=O)C(CO)=C1O
500,CCCCCC(=O)\C=C\[C@H]1[C@H](O)CC(=O)[C@@H]1CCCCCCC(O)=O,O[C@H](COP(O)(O)=O)[C@@H](O)C=O
501,CCCCCCCC\C=C/CCCCCCCC(=O)SCCNC(=O)CCNC(=O)[C@H](O)C(C)(C)COP(O)(=O)OP(O)(=O)OC[C@H]1O[C@H]([C@H](O)[C@@H]1OP(O)(O)=O)N1C=NC2=C1N=CN=C2N,OCN1[C@@H](CCC1=O)C1=CN=CC=C1
502,C[N+](C)(C)CCCC[C@H](N)C([O-])=O,[Rb+]
503,CC1=CN([C@H]2C[C@H](O)[C@@H](COP(O)(=O)OP(O)(=O)O[C@H]3O[C@H](CO)[C@@H](O)[C@H](O)[C@H]3O)O2)C(=O)NC1=O,CN1CCC[C@@]1(O)C1=CC=CN=C1
504,N\C(C(O)=O)=C(\C=C/C=O)/C(O)=O,[Mn++]
505,CCCCC[C@H](O)\C=C\[C@H]1[C@H](O)C[C@@H]2OC(C[C@H]12)=CCCCC(O)=O,OC(=O)CC1=CC(O)=C(O)C=C1
506,CCCCC\C=C/C\C=C/C=C/C=C/[C@@H]1O[C@H]1CCCC(O)=O,CCCCCCCCCCCCCCCC(=O)SCCNC(=O)CCNC(=O)[C@H](O)C(C)(C)COP(O)(=O)OP(O)(=O)OC[C@H]1O[C@H]([C@H](O)[C@@H]1OP(O)(O)=O)N1C=NC2=C1N=CN=C2N
507,CC(C)(COP(O)(=O)OP(O)(=O)OC[C@H]1O[C@H]([C@H](O)[C@@H]1OP(O)(O)=O)N1C=NC2=C1N=CN=C2N)[C@@H](O)C(=O)NCCC(=O)NCCSC(=O)CCCC(O)=O,NC1=NC2=C(N=CN2[C@@H]2O[C@H](COP(O)(=O)OP(O)(=O)OP(O)(=O)OP(O)(=O)OC[C@H]3O[C@H]([C@H](O)[C@@H]3O)N3C=NC4=C3N=C(N)NC4=O)[C@@H](O)[C@H]2O)C(=O)N1
508,NC1=NC=NC2=C1N=CN2[C@@H]1O[C@H](COP(O)(=O)OP(O)(O)=O)[C@@H](O)[C@H]1O,[H][C@]1(O)C[C@@]([H])(O[C@]1([H])COP(O)(=O)OP(O)(=O)OP(O)(O)=O)N1C=C(C)C(O)=NC1=O
509,C[C@@](O)(CCOP(O)(O)=O)CC(O)=O,C[N+](C)(C)CCCC=O
510,[H][C@]1(COP(O)(=O)OP(O)(=O)O[C@@]2([H])O[C@]([H])(C)C(=O)[C@]([H])(O)[C@]2([H])O)O[C@@]([H])(N2C=NC3=C2NC(=N)N=C3O)[C@]([H])(O)[C@]1([H])O,CC(=C)CCOP(O)(=O)OP(O)(O)=O
511,[H][C@@](COP([O-])(=O)OCC[N+](C)(C)C)(NC(=O)CCCCCCCCCCCCCCCCC)[C@H](O)\C=C\CCCCCCCCCCCCC,[Se++]
512,OC[C@H]1OC(C[C@@H]1O)OP(O)(O)=O,OCC(=O)C(O)=O
513,OC[C@@H](O)[C@H](O)CC(=O)C(O)=O,[H][C@@]12CN(C=[N+]1C1=C(NC2)NC(N)=NC1=O)C1=CC=C(C=C1)C(=O)N[C@@H](CCC(O)=O)C([O-])=O
514,CCOP(=S)(OCC)OC1=CC=C(C=C1)[N+]([O-])=O,C[C@H](O)[C@H](C)C(=O)SCCNC(=O)CCNC(=O)[C@H](O)C(C)(C)COP(O)(=O)OP(O)(=O)OC[C@H]1O[C@H]([C@H](O)[C@@H]1OP(O)(O)=O)N1C=NC2=C1N=CN=C2N
515,C\C(\C=C\C=C(/C)\C=C\C1=C(C)CCCC1(C)C)=C/C=O,CC(C)CCC[C@@H](C)CCC[C@@H](C)CCC[C@H](C)CC(=O)SCCNC(=O)CCNC(=O)C(O)C(C)(C)COP(O)(=O)OP(O)(=O)OC[C@H]1O[C@H]([C@H](O)[C@@H]1OP(O)(O)=O)N1C=NC2=C1N=CN=C2N
516,[C-]#[O+],[H][H]
517,NC1=NC=NC2=C1N=CN2[C@@H]1O[C@H](COP(O)(=O)OP(O)(=O)OP(O)(=O)OP(O)(O)=O)[C@@H](O)[C@H]1O,CN1C(CCC1=O)C1=C[N+](C)=CC=C1
518,N1C=NC2=C1C=NC=N2,CC(=O)N[C@@H]1[C@@H](O)[C@H](O)[C@@H](CO)OC1OP(O)(O)=O
519,OC(=O)C(=O)CS,OC1CC(N=C1)C(O)=O
520,N[C@@H](CCC[C@H](N)C(O)=O)C(O)=O,N#N
521,CC1=C(CCOP(O)(=O)OP(O)(O)=O)SC=[N+]1CC1=CN=C(C)N=C1N,CC(C)(COP(O)(=O)OP(O)(=O)OC[C@H]1O[C@H]([C@H](O)[C@@H]1O)N1C=NC2=C1N=CN=C2N)[C@@H](O)C(=O)NCCC(=O)NCCS
522,[H][C@@]12CCC(C(C)CCC(=O)SCCNC(=O)CCNC(=O)C(O)C(C)(C)COP(O)(=O)OP(O)(=O)OC[C@H]3O[C@H]([C@H](O)[C@@H]3OP(O)(O)=O)N3C=NC4=C3N=CN=C4N)C1(C)[C@@H](O)C[C@@]1([H])C2[C@H](O)CC2C[C@H](O)CCC12C,C[C@](O)(CC(O)=O)CC(=O)SCCNC(=O)CCNC(=O)[C@H](O)C(C)(C)COP(O)(=O)OP(O)(=O)OC[C@H]1O[C@H]([C@H](O)[C@@H]1OP(O)(O)=O)N1C=NC2=C1N=CN=C2N
523,O[C@H](COP(O)(O)=O)[C@@H](O)CC(=O)C(O)=O,O=O
524,NC1=NC(=O)C2=C(N1)N(C=N2)[C@@H]1O[C@H](COP(O)(=O)OP(O)(=O)OP(O)(=O)OC[C@H]2O[C@H]([C@H](O)[C@@H]2O)N2C=NC3=C2NC(N)=NC3=O)[C@@H](O)[C@H]1O,NC1=NC(=O)C2=C(N1)N(C=N2)[C@H]1O[C@@H](CO[P@](O)(=O)O[P@](O)(=O)O[P@](O)(=O)O[P@@](O)(=O)O[P@](O)(=O)OC[C@H]2O[C@H]([C@H](O)[C@@H]2O)N2C=NC3=C2NC(N)=NC3=O)[C@H](O)[C@@H]1O
525,CCCCC[C@H](O)\C=C\[C@H]1[C@H]2C[C@H](OO2)[C@@H]1C\C=C/CCCC(O)=O,CC(C)CCON=O
526,CCCCCCCCCCCCCCC[C@@H](O)[C@@H](N)COP(O)(O)=O,OC[C@H]1O[C@@H](O)[C@H](O)C(=O)[C@H]1O
527,CNCC(O)C1=CC=CC=C1,CC\C=C/C\C=C/C\C=C/CCCCCCCC(O)=O
528,COC1=CC2=C(NC=C2CCNC(C)=O)C=C1,CN1[C@@H](CC(O)C1=O)C1=CN=CC=C1
529,C[C@@H]1OC(OP(O)(=O)OP(O)(=O)OCC2O[C@H]([C@H](O)[C@@H]2O)N2C=NC3=C2N=C(N)NC3=O)[C@@H](O)[C@H](O)C1=O,NC1=CC=C(C=C1)C(O)=O
530,[H]O[C@H]1O[C@H](COS(O)(=O)=O)[C@@H](O[C@@H]2O[C@H]([C@@H](O)[C@H](O)[C@H]2OS(O)(=O)=O)C(O)=O)[C@H](O)[C@H]1NS(O)(=O)=O,CN1C(CNC2=CC=C(C=C2)C(=O)N[C@H](CCC(O)=O)C(O)=O)CNC2=C1C(=O)NC(N)=N2
531,NC1=NC2=C(N=CN2[C@@H]2O[C@H](COP(O)(O)=O)[C@@H](O)[C@H]2O)C(=O)N1,COC1=C(O)C=CC=C1
532,C[C@H]1O[C@H](OP(O)(=O)OP(O)(=O)OC[C@H]2O[C@H](C[C@@H]2O)N2C=C(C)C(=O)NC2=O)[C@H](O)[C@@H](O)C1=O,OC1O[C@H](COP(O)(O)=O)[C@@H](O)[C@H](O)[C@H]1O
533,[H][C@](O)(CCCCC)\C=C\[C@@]1([H])C(=O)C[C@]([H])(O)[C@]1([H])C\C=C/CCCC(O)=O,OC(=O)C(=O)CS(O)=O
534,NC(=O)C1=CC=CN=C1,O[C@H]1C[C@@H](O[C@@H]1COP(O)(O)=O)N1C=CC(=O)NC1=O
535,CC(=O)C(=O)C1=NC2=C(N=C(N)NC2=O)N(O)C1O,CN1[C@@H](CCC1=O)C1=C[N+]([O-])=CC=C1
536,NC1=NC2=C(N=C(CNC3=CC=C(C=C3)C(O)=O)CN2)C(=O)N1,C[N+](C)(C)CCOP(O)(=O)OP(O)(=O)OC[C@H]1O[C@H]([C@H](O)[C@@H]1O)N1C=CC(N)=NC1=O
537,NCCCCN,CC(C)(COP(O)(O)=O)[C@@H](O)C(=O)NCCC(=O)NCCS
538,O[Mn](=O)(=O)=O,[H][C@@]1(CC[C@@]2([H])[C@]3([H])CC=C4C[C@@H](O)CC[C@]4(C)[C@@]3([H])CC[C@]12C)[C@H](C)CC[C@H](O)C(C)C
539,[H][C@@]12CC[C@]([H])([C@H](C)CCCC(C)(O)CO)[C@@]1(C)CC\C(C2)=C\C=C1\C[C@@H](O)CCC1=C,[H][C@@]1(CC[C@@]2(C=O)C3=C(CC[C@]12C)[C@@]1(C)CC[C@H](O)C(C)(C)C1CC3)[C@H](C)CCC=C(C)C
540,C[N+](C)(C)CCCC(O)[C@H](N)C(O)=O,CC(C)(COP(O)(=O)OP(O)(=O)OC[C@H]1O[C@H]([C@H](O)[C@@H]1OP(O)(O)=O)N1C=NC2=C1N=CN=C2N)[C@@H](O)C(=O)NCCC(=O)NCCS
541,OC(=O)C\C=C\C1=CN=CC=C1,C[C@]12CC[C@H]3[C@@H](CCC4=C3C=CC(OS(O)(=O)=O)=C4)[C@@H]1CCC2=O
542,C=O,CN1C(=O)CC[C@@]1(O)C1=CN=CC=C1
543,OP(O)(O)=O,OC(=O)[C@@H]1CC2=CC(=O)C(=O)C=C2N1
544,CC1=C(O)C(CN)=C(CO)C=N1,NCCCCNC(N)=N
545,NC1=NC=NC2=C1N=CN2[C@@H]1O[C@H](COP(O)(=O)OP(O)(=O)OP(O)(=O)OP(O)(=O)OP(O)(=O)OP(O)(=O)OP(O)(=O)OC[C@H]2O[C@H]([C@H](O)[C@@H]2O)N2C=NC3=C2N=CN=C3N)[C@@H](O)[C@H]1O,COC1=C(O)C=CC(CC(N)C(O)=O)=C1
546,C[C@H](\C=C\[C@H](C)C(O)(C)C)C1CC[C@@]2([H])\C(CCC[C@]12C)=C\C=C1\C[C@@H](O)CCC1=C,NC(=O)C1=C(NC=O)N(C=N1)[C@@H]1O[C@H](COP(O)(O)=O)[C@@H](O)[C@H]1O
547,NC1=NC2=C(N=CN2[C@H]2C[C@H](O)[C@@H](COP(O)(=O)OP(O)(=O)OP(O)(O)=O)O2)C(=O)N1,C1CN=C2N=CN=CC2=N1
548,CCCCC[C@H](O)\C=C\[C@H]1[C@H](O)CC(=O)[C@@H]1CCCCCCC(O)=O,OP(O)O
549,NC1=NC=NC2=C1N=CN2[C@@H]1OC(COP(O)(=O)OP(O)(=O)OP(O)(=O)OP(O)(=O)OP(O)(=O)OP(O)(=O)OP(O)(=O)OP(O)(=O)OC[C@H]2O[C@H]([C@H](O)[C@@H]2O)N2C=NC3=C2N=CN=C3N)[C@@H](O)[C@H]1O,OC[C@H]1O[C@@H](OP(O)(=O)OP(O)(=O)OCCC(C)CC\C=C(/C)CCC=C(C)C)[C@H](NC(=O)C)[C@@H](O)[C@@H]1O
550,OS(O)(=O)=O,[H][C@@]1(CC[C@@]2([H])[C@]3([H])CC[C@@]4([H])C[C@H](O)CC[C@]4(C)[C@@]3([H])CC[C@]12C)C(C)=O
551,OC(=O)CCCC[C@@H]1CCSS1,CCCCC[C@H](O)\C=C\[C@H]1O[C@H]2C[C@H](O2)[C@@H]1C\C=C/CCCC(O)=O
552,[S-]C#N,NC1=NC(=O)C2=C(N1)N(C=N2)[C@@H]1O[C@H](COP(O)(=O)OP(O)(=O)OP(O)(=O)OP(O)(=O)OC[C@H]2O[C@H]([C@H](O)[C@@H]2O)N2C=NC3=C(N)N=CN=C23)[C@@H](O)[C@H]1O
553,[H][C@@]12CC[C@H](C(C)=O)[C@@]1(C)CC[C@@]1([H])[C@@]2([H])CC[C@@]2([H])C[C@@H](O)CC[C@]12C,[H][C@@]1(CC[C@@]2([H])[C@]3([H])[C@H](O)C[C@]4([H])C[C@H](O)CC[C@]4(C)[C@@]3([H])C[C@H](O)[C@]12C)[C@H](C)CCCC(C)C
554,[H][C@@]12CS[C@H](CCCCC(N)=O)[C@]1([H])NC(=O)N2,NC1=NC2=C(N=CN2[C@@H]2O[C@H](COP(O)(=O)OP(O)(=O)OP(O)(=O)OC[C@H]3O[C@H](C(O)C3O)N3C=NC4=C3N=CN=C4N)C(O)C2O)C(=O)N1
555,CCOP(O)(=S)OCC,C[N+](C)([O-])C1=CC=CC=C1
556,CC(C)=CCC\C(C)=C\CC\C(C)=C\CC\C(C)=C\CC\C(C)=C\CC\C(C)=C\CC\C(C)=C\CC\C(C)=C\CC\C(C)=C\CC\C(C)=C\CC\C(C)=C\COP(O)(=O)OP(O)(O)=O,C\C=C(/C)C(O)=O
557,[H][C@@]1(CC[C@@]2([H])[C@]3([H])CC[C@]4([H])C[C@@H](O)CC[C@]4(C)[C@@]3([H])CC[C@]12C)C(C)=O,NC1=NC(=O)C2=C(N1)N(C=N2)[C@@H]1O[C@H](CO[P@](O)(=O)O[P@](O)(=O)O[P@](O)(=O)O[P@@](O)(=O)O[P@](O)(=O)OC[C@H]2O[C@H]([C@H](O)[C@@H]2O)N2C=NC3=C(N)N=CN=C23)[C@@H](O)[C@H]1O
558,OCC(=O)COP(O)(O)=O,OCC(O)C1=CC(O)=C(OS(O)(=O)=O)C=C1
559,[Zr+4],NC1=C(O)C=CC=C1C(O)=O
560,[GaH3],CCCCCCCCCCCCCCCC(=O)[C@@H](N)CO
561,OC[C@H]1O[C@@H](O)[C@H](NS(O)(=O)=O)[C@@H](O)[C@@H]1O,CCCCC[C@H](O)\C=C\[C@H]1[C@H](O)C[C@@H](O)[C@@H]1C\C=C/CCCC(O)=O
562,[H][C@](O)(C(O)=NCCC(O)=NCCSC(=O)CC(C)=O)C(C)(C)COP(O)(=O)OP(O)(=O)OC[C@@]1([H])O[C@@]([H])(N2C=NC3=C(N)N=CN=C23)[C@]([H])(O)[C@]1([H])OP(O)(O)=O,CCCCCCCC
563,NC(=O)C1=CN(C=CC1)[C@@H]1O[C@H](COP(O)(=O)OP(O)(=O)OC[C@H]2O[C@H]([C@H](O)[C@@H]2O)N2C=NC3=C2N=CN=C3N)[C@@H](O)[C@H]1O,OC(=O)C1=CN=CC=C1
564,OC[C@H]1O[C@H](OP(O)(O)=O)[C@H](O)[C@@H]1O,COC1=CC(=CC=C1O)C(O)CO
565,CC1=NC=C(COP(O)(O)=O)C(C=O)=C1O,CC(C)CCC[C@@H](C)CCC[C@@H](C)CCC[C@]1(C)CCC2=CC(O)=C(C)C(C)=C2O1
566,CC(C)=CC(=O)SCCNC(=O)CCNC(=O)[C@H](O)C(C)(C)COP(O)(=O)OP(O)(=O)OC[C@H]1O[C@H]([C@H](O)[C@@H]1OP(O)(O)=O)N1C=NC2=C1N=CN=C2N,CC(=O)OP(O)(O)=O
567,O[C@@H]1C=C[C@@H](NCC2=CNC3=C2C(=O)NC(=N)N3)[C@@H]1O,[H][C@@]1(CC[C@@]2([H])[C@]3([H])[C@H](O)C=C4C[C@@H](O)CC[C@]4(C)[C@@]3([H])CC[C@]12C)[C@H](C)CCCC(C)C
568,C[N+]1([O-])CCCC1C1=CN=CC=C1,O[C@@H]1[C@H](O)[C@@H](OP(O)(O)=O)[C@H](OP(O)(O)=O)[C@@H](O)[C@@H]1OP(O)(O)=O
569,C[C@H]1O[C@H](OP(O)(=O)OP(O)(=O)OC[C@H]2O[C@H]([C@H](O)[C@@H]2O)N2C=NC3=C2NC(N)=NC3=O)[C@@H](O)[C@@H](O)[C@@H]1O,NC1=NC(=O)C2=C(N1)N(C=N2)[C@@H]1O[C@H](COP(O)(=O)O[C@@H]2[C@@H](CO)O[C@H]([C@@H]2OP(O)(O)=O)N2C=NC3=C(N)N=CN=C23)[C@@H](O)[C@H]1O
570,CCOP(=S)(OCC)OC1=CC=C(N)C=C1,C1=CC=CC=C1
571,NC1=NC(=O)C2=C(N1)N(C=N2)[C@@H]1O[C@H](COP(O)(=O)OP(O)(=O)OC[C@H]2O[C@H]([C@H](O)[C@@H]2O)N2C=NC3=C2NC(N)=NC3=O)[C@@H](O)[C@H]1O,NC1=NC=NC2=C1N=CN2[C@H]1C[C@H](O)[C@@H](COP(O)(=O)OP(O)(O)=O)O1
572,OCCCCC\C=C/C[C@@H](O)\C=C\C=C\C=C/[C@@H](O)CCCC(O)=O,CC(NC(C)(C)C)C(=O)C1=CC(Cl)=CC=C1
573,CN(CC(O)=O)C(=N)NP(O)(O)=O,CC1=C(CCOP(O)(=O)OP(O)(=O)OP(O)(O)=O)SC=[N+]1CC1=C(N)N=C(C)N=C1
574,CC(CCOP(O)(=O)OP(O)(O)=O)CC\C=C(\C)CC\C=C(/C)CC\C=C(/C)CCC=C(C)C,N[C@H]1C(O)O[C@H](CO)[C@@H](O)[C@@H]1O
575,NC(=O)C1=C(N)N(C=N1)[C@@H]1O[C@H](COP(O)(O)=O)[C@@H](O)[C@H]1O,CC1=C(O)C(C)=C2CCC(C)(CCC(O)=O)OC2=C1C
576,CC1=CC2=C(C=C1C)N(C[C@H](O)[C@H](O)[C@H](O)COP(O)(O)=O)C1=NC(=O)NC(=O)C1=N2,CCCCCCCCCCCCCC(=O)SCCNC(=O)CCNC(=O)C(O)C(C)(C)COP(O)(=O)OP(O)(=O)OC[C@H]1O[C@H]([C@H](O)[C@@H]1OP(O)(O)=O)N1C=NC2=C1N=CN=C2N
577,CNC(N)=N,N1C=CN=C1
578,CC(=O)SC(CCS)CCCCC(N)=O,CSCCC(O)=O
579,OC[C@@H](O)[C@@H](O)[C@H](O)[C@H](O)COP(O)(O)=O,NC1=NC=NC2=C1N=CN2[C@H]1C[C@H](O)[C@@H](COP(O)(=O)OP(O)(=O)OP(O)(O)=O)O1
580,[H][C@@]12CN(CN1C1=C(NC2)N=C(N)NC1=O)C1=CC=C(C=C1)C(=O)NC(CCC(O)=O)C(O)=O,NC1=NC2=C(N(C=N)C(CNC3=CC=C(C=C3)C(=O)NC(CCC(O)=O)C(O)=O)CN2)C(=O)N1
581,NC=O,NCCC1=C(O)C=C(O)C(O)=C1
582,OC(=O)CC1=CN=CC=C1,N[C@@H](CCC\N=C(/N)N(C)C)C(O)=O
583,NC1=NC(=O)C2=C(N1)N(C=N2)[C@@H]1O[C@H](COP(O)(=O)OP(O)(=O)OP(O)(=O)OP(O)(=O)OP(O)(=O)OP(O)(=O)OC[C@H]2O[C@H]([C@H](O)[C@@H]2O)N2C=NC3=C(N)N=CN=C23)[C@@H](O)[C@H]1O,CC(=O)N[C@H]1[C@H](O)O[C@H](CO)[C@@H](O[C@@H]2O[C@H](CO)[C@H](O)[C@H](O)[C@H]2O)[C@@H]1O
584,NC1=NC2=C(N=CN2[C@@H]2O[C@H](COP(O)(=O)OP(O)(=O)OP(O)(=O)OP(O)(=O)OP(O)(=O)OP(O)(=O)OP(O)(=O)OC[C@H]3O[C@H]([C@H](O)[C@@H]3O)N3C=NC4=C3N=C(N)NC4=O)[C@@H](O)[C@H]2O)C(=O)N1,OC(=O)C1=CC(Cl)=CC=C1
585,CC1=NC=C(CO)C(C=O)=C1O,NC1=NC(=O)N(C=C1)[C@@H]1O[C@H](COP(O)(=O)OP(O)(O)=O)[C@@H](O)[C@H]1O
586,[H]OC([H])([H])C(=O)[C@@]1([H])C([H])([H])C([H])([H])[C@@]2([H])[C@]3([H])C([H])([H])C([H])([H])C4=C([H])C(=O)C([H])([H])C([H])([H])[C@]4(C([H])([H])[H])[C@@]3([H])[C@@]([H])(O[H])C([H])([H])[C@]12C([H])([H])[H],O[C@H]1O[C@H](COP(O)(O)=O)[C@@H](O)[C@H]1O
587,N[C@@H](CCC(=O)N[C@@H](CSC=O)C(=O)NCC(O)=O)C(O)=O,CCCCCCCCCCCCCCCC=O
588,NC(=O)CCC(=O)C(O)=O,CSCCC(=O)C(O)=O
589,O[C@@H]1[C@@H](COP(O)(O)=O)O[C@H]([C@@H]1O)N1C=NC2=C1NC(=O)NC2=O,CC1=NC=C(COP(O)(O)=O)C(CN)=C1O
590,OC[C@@H](O)[C@H](O)[C@H](O)CN1C2=CC=CC=C2N=C2C(=O)NC(=O)N=C12,NC1=NC(=O)C2=C(NC[C@H](CNC3=CC=C(C=C3)C(=O)N[C@@H](CCC(O)=O)C(O)=O)N2C=O)N1
591,CN1C(N)=NC2=C(N=CN2[C@@H]2O[C@H](CO)[C@@H](O)[C@H]2O)C1=O,NCCOP(O)(=O)OP(O)(=O)OC[C@H]1O[C@H]([C@H](O)[C@@H]1O)N1C=CC(N)=NC1=O
592,C[N+](C)(C)CCOP(O)(O)=O,CN1C2=C(NC=N2)C(=O)N=C1N
593,CCCCC\C=C\C(O)=O,[H][C@@]1(CC[C@@]2([H])[C@]3([H])CC[C@@]4([H])C[C@H](O)CC[C@]4(C)[C@@]3([H])CC[C@]12C)[C@H](C)CCCC(C)C
594,CC1=CN([C@H]2CC3OP(O)(=O)OCC3O2)C(=O)NC1=O,OC[C@H]1O[C@H](OP(O)(O)=O)[C@H](O)[C@@H](O)[C@@H]1O
595,OC(=O)C(=O)C1=CC=CC=C1,CCCCC(O)C(O)=O
596,OC[C@@]1(O)OC[C@@H](O)[C@@H]1O,CCCC[C@H](N)C(O)=O
597,CC(C)=O,OC(=O)\C=C\C1=CC(O)=CC=C1
598,NC(COP(O)(O)=O)C(O)=O,OC[C@H]1O[C@H](C[C@@H]1O)N1C=NC2=C1N=CN1C=CN=C21
599,[H][C@@]12CC[C@H](C(C)=O)[C@@]1(C)CC[C@@]1([H])[C@@]2([H])CCC2=CC(=O)CC[C@]12C,NC1=NC2=C(N=C(CNC3=CC=C(C=C3)C(=O)NC(CCC(O)=O)C(O)=O)C=N2)C(N)=N1
600,NC(N)=N,OC(=O)CNC(=O)C=C
601,C[C@@H](CC(O)=O)C(O)=O,NC1=NC(=O)C2=C(NC[C@H](CNC3=CC=C(C=C3)C(=O)NC(CCC(O)=O)C(O)=O)N2)N1
602,CN1C=NC2=C1C(=O)N(C)C(=O)N2C,CN(C)CCCN1C2=CC=CC=C2CCC2=CC=CC=C12
603,CC(C)NCC(O)COC1=CC=CC2=CC=CC=C12,COC1=C(OC)C=C(CCN(C)CCCC(C#N)(C(C)C)C2=CC(OC)=C(OC)C=C2)C=C1
604,OC[C@H](O)C(O)[C@@H](O)CO,C\C(\C=C\C1=C(C)CCCC1(C)C)=C/C=C/C(/C)=C/C(O)=O
605,[Te+4],OCCC1=CNC2=CC=C(O)C=C12
606,OC(=O)C1=CC(O)=C(O)C=C1,CN1C2=C(NC(=O)N2)C(=O)N(C)C1=O
607,CC1=CC=C(O)C=C1,CC(=O)NC1=CC=C(O)C=C1
608,CN1C=NC2=C1C(=O)N(C)C(=O)N2,CN1C=NC=C1CCN
609,CCC(=C)C(O)=O,CCCC(O)C(O)=O
610,CCCCC(=O)C(O)=O,CCCC(=O)C(O)=O
611,OC(C(O)=O)C1=CC=C(O)C(O)=C1,NC1=CC=C(C=C1)C(=O)NCC(O)=O
612,COC1=CC(C(O)=O)=C(O)C=C1,OC(=O)C1=CC=CC=C1
613,O[C@@H]1CC2=C(O)C=C(O)C=C2O[C@@H]1C1=CC(O)=C(O)C=C1,CC(C)C(O)=O
614,O[C@H]([C@H](CC(O)=O)C(O)=O)C(O)=O,CO
615,CNC[C@H](O)C1=CC(O)=C(OS(O)(=O)=O)C=C1,CCCC(CCC)C(O)=O
616,CC(C)C1=C(O)C=C(C)C=C1,CC(=O)OC1=CC=CC=C1C(O)=O
617,C[C@@H](O)CO,OCC(=O)CO
618,NC(CC1=CC(Cl)=C(O)C=C1)C(O)=O,CN1C2=C(NC=N2)C(=O)NC1=O
619,CN(C)C=O,CN1C2=C(NC=N2)C(=O)N(C)C1=O
620,CC(=O)N[C@@H](CS)C(O)=O,NC1=CC=CC(=C1)C(O)=O
621,CC1=CC(=O)C2=CC=CC=C2C1=O,CC(C)CCC[C@@H](C)CCC[C@@H](C)CCC[C@]1(C)CCC2=C(C)C(O)=C(C)C(C)=C2O1
622,COC(=O)[C@H](CC1=CC=CC=C1)NC(=O)[C@@H](N)CC(O)=O,OC(=O)C1=C(O)C=CC=C1
623,COC1=CC=C2NC=C(CCO)C2=C1,CSCC[C@H](NC(=O)[C@@H](CC(C)C)NC(=O)CNC(=O)[C@@H](CC1=CC=CC=C1)NC(=O)[C@@H](CC1=CC=CC=C1)NC(=O)[C@H](CCC(N)=O)NC(=O)[C@@H](CCC(N)=O)NC(=O)[C@@H]1CCCN1C(=O)[C@H](CCCCN)NC(=O)[C@H]1CCCN1C(=O)[C@@H](N)CCCNC(N)=N)C(N)=O
624,CCC1=C(C)C(=O)NC1CC1=C(C)C(CCC(O)=O)=C(CC2=C(CCC(O)=O)C(C)=C(CC3NC(=O)C(CC)=C3C)N2)N1,OC[C@H]1OC(=O)[C@H](O)[C@@H]1O
625,NCCCCCC(O)=O,NC1=NC(=O)C2=NC(CNC3=CC=C(C=C3)C(=O)NC(CCC(=O)NC(CCC(=O)NC(CCC(O)=O)C(O)=O)C(O)=O)C(O)=O)=CN=C2N1
626,C[C@H](CCCC(C)(C)O)[C@@]1([H])CC[C@@]2([H])\C(CCC[C@]12C)=C\C=C1\C[C@@H](O)C[C@H](O)C1=C,N[C@@H](CC1=CC=C(O)C(=C1)[N+]([O-])=O)C(O)=O
627,CC(C)(N)C(O)=O,C[C@@H](O)CCC[C@H](O)\C=C\[C@H]1[C@H](O)CC(=O)[C@@H]1C\C=C/CCCC(O)=O
628,COC1=CC2=C(C=C1)N=C(N2)S(=O)CC1=NC=C(C)C(OC)=C1C,NCCCC(O)(P(O)(O)=O)P(O)(O)=O
629,[H][C@]12CC[C@]3([H])[C@]([H])(C[C@@H](O)[C@]4(C)[C@H](CC[C@]34O)C3=CC(=O)OC3)[C@@]1(C)CC[C@@H](C2)O[C@H]1C[C@H](O)[C@H](O[C@H]2C[C@H](O)[C@H](O[C@H]3C[C@H](O)[C@H](O)[C@@H](C)O3)[C@@H](C)O2)[C@@H](C)O1,NC(N)=NC1=NC(CSCCC(N)=NS(N)(=O)=O)=CS1
630,[H][C@@]12CCCC[C@@]11CCN(C)[C@@H]2CC2=C1C=C(OC)C=C2,CN(C)C(=N)NC(N)=N
631,ClC1=CC=CC=C1C(N1C=CN=C1)(C1=CC=CC=C1)C1=CC=CC=C1,COC1=CC2=C(C=C1)C=C(C=C2)[C@H](C)C(O)=O
632,CC(C)NCC(O)COC1=CC=C(CC(N)=O)C=C1,CC(C)CC1=CC=C(C=C1)C(C)C(O)=O
633,[H][C@@]12CC[C@@](O)(C#C)[C@@]1(C)CC[C@]1([H])C3=C(CC[C@@]21[H])C=C(O)C=C3,CN(C)CCOC(C1=CC=CC=C1)C1=CC=CC=C1
634,NS(=O)(=O)C1=C(Cl)C=C2NCNS(=O)(=O)C2=C1,C[C@H]1COC2=C3N1C=C(C(O)=O)C(=O)C3=CC(F)=C2N1CCN(C)CC1
635,CN\C(NCCSCC1=CC=C(CN(C)C)O1)=C/[N+]([O-])=O,CC1=C(O)C=C2CCC(C)(CCC(O)=O)OC2=C1C
636,COCCC1=CC=C(OCC(O)CNC(C)C)C=C1,NS(=O)(=O)C1=C(Cl)C=C(NCC2=CC=CO2)C(=C1)C(O)=O
637,CN1CCC[C@H]1C1=CN=CC=C1,CC(=O)CC(C1=CC=CC=C1)C1=C(O)C2=C(OC1=O)C=CC=C2
638,CN(C)CCOC(C)(C1=CC=CC=C1)C1=CC=CC=N1,CC(C)(C)NCC(O)C1=CC(CO)=C(O)C=C1
639,NCCCC[C@H](N[C@@H](CCC1=CC=CC=C1)C(O)=O)C(=O)N1CCC[C@H]1C(O)=O,[H][C@@]12CC[C@](O)(C(C)=O)[C@@]1(C)CC[C@@]1([H])[C@@]2([H])C[C@H](C)C2=CC(=O)CC[C@]12C
640,NC1=NC(N)=C2N=C(C(N)=NC2=N1)C1=CC=CC=C1,CN(C)CCC(C1=CC=C(Br)C=C1)C1=CC=CC=N1
641,C[C@@H](N)[C@@H](O)C1=CC=CC=C1,CN[C@@H](C)[C@@H](O)C1=CC=CC=C1
642,CN(C)CCC(C1=CC=C(Cl)C=C1)C1=CC=CC=N1,CC1=C(CCC(O)=O)/C2=C/C3=N/C(=C\C4=C(C)C(CCC(O)=O)=C(N4)/C=C4\N=C(\C=C\1/N\2)C(CCC(O)=O)=C4CC(O)=O)/C(CC(O)=O)=C3CCC(O)=O
643,CCCCC[C@H](O)CC(O)=O,CC(CC(O)=O)C1=CC=CC=C1
644,CC1=C2NC(\C=C3/N=C(/C=C4\N\C(=C/C5=N/C(=C\2)/C(CCC(O)=O)=C5CCC(O)=O)C(CCC(O)=O)=C4CC(O)=O)C(CCC(O)=O)=C3CC(O)=O)=C1CCC(O)=O,CC1=C(CCC(O)=O)C2=NC1CC1=C(C)C(CCC(O)=O)=C(N1)\C=C1/N=C(/C=C3\N\C(=C/2)C(CCC(O)=O)=C3CC(O)=O)C(CCC(O)=O)=C1C
645,CC(C)CCCC(C)CCCC(C)CCCC(C)C=O,NCCCC[C@H](NC(=O)CCCN)C(O)=O
646,[SnH4+4],CN1C=[N+]([C@@H]2O[C@H](CO)[C@@H](O)[C@H]2[O-])C2=C1C(=O)N(C)C(N)=N2
647,OC(=O)\C=C\C1=CC(O)=C(O)C=C1,CCCCC\C=C/C[C@@H](O)[C@H](O)C(O)\C=C/C\C=C/CCCC(O)=O
648,[Ti+4],O=C=O
649,[H][C@@]1(CC[C@@]2([H])[C@]3([H])[C@H](O)C[C@]4([H])C[C@H](O)CC[C@]4(C)[C@@]3([H])C[C@H](O)[C@]12C)[C@H](C)CC(O)CC(C)C,CN1C2=C(NC(=O)N2)C(=O)NC1=O
650,NC1=CC=CC(C(O)=O)=C1O,CN1C(=O)NC2=C1NC(=O)NC2=O
651,CCC(O)(CC)C(O)=O,CCCCC\C=C/C\C=C/C\C=C/C\C=C/C\C=C/CCC(O)=O
652,CCCCC\C=C/C[C@H](O)[C@H](O)\C=C\C(O)C\C=C/CCCC(O)=O,NC(=O)C1=CNC(=O)C=N1
653,CCCCCC(=O)\C=C\[C@H]1[C@H](O)C[C@H](O)[C@@H]1CC(=O)CCCCC(O)=O,NCCCCC(NC(=O)[C@@H]1CCCN1C(=O)[C@@H]1CSSC[C@H](N)C(=O)N[C@@H](CC2=CC=C(O)C=C2)C(=O)N[C@@H](CC2=CC=CC=C2)C(=O)N[C@@H](CCC(N)=O)C(=O)N[C@@H](CC(N)=O)C(=O)N1)C(=O)NCC(N)=O
654,C[C@](O)(CCOP(O)(=O)OP(O)(O)=O)CC(O)=O,CN1C(=O)NC2=C1C(=O)NC(=O)N2C
655,C[C@H]1O[C@H]([C@H](O)[C@@H]1O)N1C=NC2=C(N)N=CN=C12,[H][C@@]12CC[C@H](C(=O)NC(C)(C)C)[C@@]1(C)CC[C@@]1([H])[C@@]2([H])CC[C@@]2([H])NC(=O)C=C[C@]12C
656,[H][C@@](O[C@@H]1O[C@H](CO)[C@H](O)[C@]([H])(O[C@@H]2O[C@H](CO)[C@@H](O[C@]3([H])O[C@@H](C)[C@@H](O)[C@@H](O)[C@@H]3O)[C@H](O[C@]3([H])O[C@H](CO)[C@H](O)[C@H](O)[C@H]3O)[C@H]2NC(C)=O)[C@H]1O)([C@H](O)CO)[C@]([H])(O[C@@H]1O[C@@H](C)[C@@H](O)[C@@H](O)[C@@H]1O)[C@H](O)C=O,CCC(C)(O)C(O)=O
657,OC1CCC(CC1)C(O)=O,[W+4]
658,CN1C=NC2=C1C(=O)NC(=O)N2,[H][C@@]1(CC[C@@]2([H])[C@]3([H])[C@H](O)CC4=CC(=O)CC[C@]4(C)[C@@]3([H])CC[C@]12C)[C@H](C)CCCC(C)C
659,CC\C=C/C\C=C/C\C=C/C\C=C/C\C=C/CCCC(O)=O,CCCC\C=C/CCCCCCCC(O)=O
660,CC(C)(C(O)=O)C(O)=O,CCCCCCCCCCCCCCCCCCCCCCCC(O)=O
661,COC1=CC2=C(NC=C2CCN(C)C)C=C1,CS(=O)CC[C@H](N)C(O)=O
662,NC[C@H](N)C(O)=O,CC\C=C/C\C=C/C\C=C/C\C=C/C\C=C/C\C=C/CCCCC(O)=O
663,[H]\C(C)=C(\[H])C(=O)SCCN=C(O)CCN=C(O)[C@]([H])(O)C(C)(C)COP(O)(=O)OP(O)(=O)OC[C@@]1([H])O[C@@]([H])(N2C=NC3=C(N)N=CN=C23)[C@]([H])(O)[C@]1([H])OP(O)(O)=O,CC(CO)CC(O)=O
664,COC1=C(OC)C(=O)C(CC=C(C)C)=C(C)C1=O,CCCC(=O)O[C@H](CC([O-])=O)C[N+](C)(C)C
665,CCCCCCCC\C=C/CCCC(=O)OC(CC([O-])=O)C[N+](C)(C)C,OC(=O)[C@H]1CCSCC(=N1)C(O)=O
666,NC(C(O)=O)C1=CC=C(C=C1)C(O)=O,CC(N)C1=CC=CC=C1
667,CC(C)CCC[C@@H](C)CCC[C@@H](C)CCC\C(C)=C\CO,C\C(\C=C\C=C(/C)\C=C\C1C(C)=CC(O)CC1(C)C)=C/C=C/C=C(\C)/C=C/C=C(\C)/C=C/C1C(C)=CC(=O)CC1(C)C
668,NCC(=O)N[C@@H]1O[C@H](COP(O)(O)=O)[C@@H](O)[C@H]1O,CCC(CCCC(O)=O)C(O)=O
669,OC(=O)CC1=CN=CN1,CC(C(O)=O)C(C)(O)CC(O)=O
670,CN1C(=O)NC2=C1NC(=O)N(C)C2=O,[H][C@@]1(CC[C@@]2([H])C3=C(CC[C@]12C)[C@@]1(C)CC[C@H](O)CC1=CC3)[C@H](C)CCCC(C)C
671,N[C@@H](CC1=CC(OS(O)(=O)=O)=C(O)C=C1)C(O)=O,NC[C@@]1(O)OC[C@@H](O)[C@@H](O)[C@@H]1O
672,C[C@@H](CNC(N)=O)C(O)=O,NC1=NC2=C(NC(=O)N2)C(=O)N1
673,NC(CCS(=O)(=O)CCC(N)C(O)=O)C(O)=O,OC(=O)\C=C\C1=CC=C(O)C=C1
674,O[Cl++](O)O,CNCCCC[C@H](N)C(O)=O
675,O=C1CCCN1,COC1=CC=C(\C=C\C(O)=O)C=C1
676,OC(=O)CNCCC(=O)C1=CC=CC=C1,OC(=O)CCCCC1=CC=CC=C1
677,NC1=NC2=C(NC(=O)N2[C@@H]2O[C@H](CO)[C@@H](O)[C@H]2O)C(=O)N1,CC1=CC(O)=CC=C1
678,OC(O)=C(O)C(=O)C(O)=O,OC(=O)CC(=O)CC(=O)\C=C/C(O)=O
679,[H][C@@]12CCCCN1C(=O)[C@H](CC1=CN=CN1)NC2=O,C\C=C(/C)C(=O)SCCNC(=O)CCNC(=O)[C@H](O)C(C)(C)COP(O)(=O)OP(O)(=O)OC[C@H]1O[C@H]([C@H](O)[C@@H]1OP(O)(O)=O)N1C=NC2=C1N=CN=C2N
680,CC1=CC=CC=C1O,CC(C)COC(=O)C1=CC=CC=C1C(O)=O
681,CC(C)CCCC(C)CCCC(C)CCCC(C)C(=O)SCCNC(=O)CCNC(=O)[C@H](O)C(C)(C)COP(O)(=O)OP(O)(=O)OC[C@H]1O[C@H]([C@H](O)[C@@H]1OP(O)(O)=O)N1C=NC2=C1N=CN=C2N,OCCCCCCCCCCCC(O)=O
682,C[C@@H]1O[C@@H](O[C@@H]2[C@@H](O)[C@@H](O)[C@@H](CO)O[C@H]2O[C@@H]([C@@H](O)[C@H](O)CO)[C@@H](NC(C)=O)C=O)[C@@H](O)[C@H](O)[C@@H]1O,[H]O[C@H]1[C@H](O)[C@@H](CO)O[C@@H](O[C@H]2[C@H](O)[C@@H](O)[C@H](O)O[C@@H]2C(O)=O)[C@@H]1NC(C)=O
683,NC[C@H](O)C1=CC(O)=C(OS(O)(=O)=O)C=C1,CCCCCCCCCCCCCCCCCCCCCCCCCCC(O)=O
684,CC(=O)NCCCCN,CC(O)C(=O)C1CNC2=C(N1)C(=O)NC(N)=N2
685,CC(=O)NC(C=O)[C@@H](O[C@@H]1O[C@H](CO)[C@H](O)[C@H](O)[C@H]1O)[C@@H](O)[C@H](O)CO[C@@H]1O[C@H](CO)C(O[C@@H]2O[C@H](CO)C(O)C(O)[C@H]2O)[C@H](O)[C@H]1NC(C)=O,CCCCCCCC\C=C/CCCCCCCCCCCC(O)=O
686,OC(CC(=O)C(O)=O)C(O)=O,[H][C@@](O[C@@H]1O[C@H](CO)[C@H](O)[C@]([H])(O[C@@H]2O[C@H](CO)[C@@H](O)[C@]([H])(OC3O[C@H](CO)[C@H](O)[C@H](O[C@@]4([H])O[C@H](CO)[C@H](O)[C@H](O)[C@H]4NC(C)=O)[C@H]3O[C@]3([H])O[C@@H](C)[C@@H](O)[C@@H](O)[C@@H]3O)[C@H]2NC(C)=O)[C@H]1O)([C@H](O)CO)[C@H](O)[C@@H](O)C=O
687,COC1=CC=C(CC(O)=O)C=C1,CC(C)(CC(O)=O)C(O)=O
688,O[Cl+]O,OC#N
689,CCCCCCCCCCCC=CCCCCC(O)=O,[H][C@@]1(CC[C@@]2([H])[C@]3([H])[C@H](O)C[C@]4([H])C[C@H](O)CC[C@]4(C)[C@@]3([H])C[C@H](O)[C@]12C)[C@H](C)C(O)=O
690,COC1=CC(=CC(OC)=C1O)C(O)=O,[C@H]1(C[Co-3]2345[N+]6=C7C(C)=C8N2[C@]([H])([C@H](CC(=O)N)[C@]8(CCC(=O)NC[C@@H](C)OP([O-])(=O)O[C@@H]2[C@@H](CO)O[C@H](N8C=[N+]3C3=CC(C)=C(C)C=C83)[C@@H]2O)C)[C@@]2(C)[C@@](CC(=O)N)([C@H](CCC(=O)N)C(C(C)=C3[N+]4=C(C=C6C([C@@H]7CCC(=O)N)(C)C)[C@@H](CCC(=O)N)[C@@]3(CC(=O)N)C)=[N+]52)C)O[C@@H](N2C3=NC=NC(=C3N=C2)N)[C@H](O)[C@@H]1O
691,CC(C)CC(=O)N(C)CC(O)=O,CCCCCCCC\C=C/CCCCCCCC(=O)NCCO
692,N[C@@H](CC1=CN(C=N1)[C@@H]1O[C@H](CO)[C@@H](O)[C@H]1O)C(O)=O,CC(C)CC(=O)O[C@@H]1O[C@@H]([C@@H](O)[C@H](O)[C@H]1O)C(O)=O
693,OC(=O)CC(=C)C(O)=O,C[C@@H]1O[C@@H](O[C@H]2[C@@H](O)[C@@H](CO)O[C@@H](O[C@H]3[C@H](O)[C@@H](O)C(O)O[C@@H]3CO)[C@@H]2O)[C@@H](O)[C@H](O)[C@@H]1O
694,C[N+](C)(C)C[C@@H](CC([O-])=O)OC(=O)CC(O)=O,OC(=O)CCCC1=CNC2=C1C=CC=C2
695,CCC1=CC=C(C=C1)C(O)=O,C[C@@H]1O[C@@H](O[C@H]2[C@H](O[C@H]([C@H](O)CO)[C@H](O)[C@@H](O)C=O)O[C@H](CO)[C@H](O)[C@@H]2O)[C@@H](O)[C@H](O)[C@@H]1O
696,CNC1=NC=NC2=C1NC=N2,CCCCCCCCCCCCCCCC(=O)NCCO
697,[H][C@@]1(CC[C@@]2([H])[C@]3([H])CC=C4C[C@@H](O)CC[C@]4(C)[C@@]3([H])CC[C@]12C)[C@H](C)CCC[C@@H](C)CO,N[C@@H](CCC=O)C(O)=O
698,OC(=O)C1=CC=CC=C1C(O)=O,CSC[C@@H](N)C(O)=O
699,NC1=NC(=O)C2=C(NCC(=N2)C(=O)[C@@H](O)CO)N1,O
700,O[C@H]1CCN[C@H]1C(O)=O,OC1=CC=C(\C=C\C(=O)CC(=O)\C=C\C2=CC=C(O)C=C2)C=C1
701,CCCCC[C@H](O)\C=C\[C@H]1[C@H](O)C[C@@H](O)[C@H]1C\C=C/CCCC(O)=O,CCCCCCCC\C=C/CCCCCCCC(N)=O
702,CCOC(=O)C1=CC=CC=C1C(O)=O,CC(C)C1=CC2=C(C(O)=C1O)[C@@]13CCCC(C)(C)[C@@H]1C[C@@H]2OC3=O
703,CC\C=C/C[C@H](O)\C=C\[C@H]1[C@H](O)C[C@H](O)[C@@H]1C\C=C/CCCC(O)=O,CN1C(=O)NC2=C1C(=O)N(C)C(=O)N2C
704,OC1=CC=C(C=C1)C1=CC(=O)C2=C(O)C=C(O)C=C2O1,[H][C@@]1(CC[C@@]2([H])[C@]3([H])[C@H](O)C[C@]4([H])C[C@H](O)CC[C@]4(C)[C@@]3([H])C[C@H](O)[C@]12C)[C@H](C)CCC(O)C(C)O
705,OC(CS)C(O)=O,NC1=CC(=O)N=C(N)N1
706,COC(=O)C1=CC=CC=C1C(O)=O,CC\C=C/C[C@H](O)\C=C\[C@H]1[C@H](O)C[C@H](O)[C@H]1C\C=C/CCCC(O)=O
707,CC(=O)CN,N[C@@H](CSCCC(=O)C(O)=O)C(O)=O
708,CCCCCC\C=C\CC(=O)SCCNC(=O)CCNC(=O)[C@H](O)C(C)(C)COP(O)(=O)OP(O)(=O)OC[C@H]1O[C@H]([C@H](O)[C@@H]1OP(O)(O)=O)N1C=NC2=C(N)N=CN=C12,NC1=NC(=O)C2=C(NCC(CNC3=CC=C(C=C3)C(=O)N[C@H](CCC(O)=O)C(O)=O)N2C=O)N1
709,CNC(C)(C)C(O)=O,CN1C=CC(=O)N(C)C1=O
710,CCCCC\C=C\CCC(=O)SCCNC(=O)CCNC(=O)[C@H](O)C(C)(C)COP(O)(=O)OP(O)(=O)OC[C@H]1O[C@H]([C@H](O)[C@@H]1OP(O)(O)=O)N1C=NC2=C(N)N=CN=C12,CN1C(CNC2=CC=C(C=C2)C(=O)N(C(=O)CC[C@H](N)C(O)=O)[C@](C(CC(O)=O)C(=O)CC[C@H](N)C(O)=O)(C(=O)CC[C@H](N)C(O)=O)C(=O)OC(=O)CC[C@H](N)C(O)=O)CNC2=C1C(=O)N=C(N)N2
711,OC1=CC2=CC=CC=C2OC1=O,C[C@@H]1O[C@@H](O[C@H]([C@@H](O)C=O)[C@H](O[C@@H]2C[C@H](CO)[C@H](OC3O[C@@H](C)[C@@H](O)[C@@H](O)[C@@H]3O)[C@H](O[C@@H]3O[C@H](CO)[C@@H](O)[C@H](O[C@@H]4O[C@H](CO)[C@@H](O)[C@H](O)[C@H]4O)[C@H]3NC(C)=O)[C@H]2O)[C@H](O)CO)[C@@H](O)[C@H](O)[C@@H]1O
712,CS(C)=O,C/C(/C=C\C=C(/C)\C=C\C1=C(C)CCCC1(C)C)=C\C=O
713,[H][C@@]12CC[C@H]([C@H](C)O)[C@@]1(C)CC[C@@]1([H])[C@@]2([H])CCC2C[C@H](O)CC[C@]12C,[H][C@@]1(CC[C@@]2([H])[C@]3([H])[C@H](O)C[C@]4([H])C[C@H](O)CC[C@]4(C)[C@@]3([H])C[C@H](O)[C@]12C)[C@H](C)CCC(O)C(O)CO
714,CC1=C2CC3=C(CCC(O)=O)C(C)=C(CC4=C(CCC(O)=O)C(C)=C(CC5=C(CCC(O)=O)C(C)=C(CC(N2)=C1CCC(O)=O)N5)N4)N3,[H][C@@]12C[C@H](O)CC[C@]1(C)C1CC[C@]3(C)C(CCC3C1[C@H](O)C2)C(C)CCCC(C)C(=O)SCCNC(=O)CCNC(=O)C(O)C(C)(C)COP(O)(=O)OP(O)(=O)OC[C@H]1O[C@H]([C@H](O)[C@@H]1OP(O)(O)=O)N1C=NC2=C(N)N=CN=C12
715,CC1=C2CC3N=C(CC4N=C(CC5=NC(CC(N2)=C1CCC(O)=O)C(CCC(O)=O)=C5C)C(C)=C4C=C)C(C)=C3CCC(O)=O,[H][C@@]12CC[C@H]([C@H](C)CCCC(C)C)[C@@]1(C)[C@@H](O)C[C@@]1([H])[C@@]2([H])[C@H](O)C[C@@]2(C[C@H](O)CC[C@]12C)C(O)=O
716,C[C@@H](CN)C(O)=O,CC1COC(=O)C1
717,[O][O-],CC(CSCCN)C(O)=O
718,CC(C)(COP(O)(=O)OP(O)(=O)OC[C@H]1O[C@H]([C@H](O)[C@@H]1OP(O)(O)=O)N1C=NC2=C1N=CN=C2N)C(O)C(=O)NCCC(=O)NCCSC(=O)CC=O,NCC(=O)N1CCC[C@H]1C(=O)N1C[C@H](O)C[C@H]1C(O)=O
719,CC(=O)NCCCNCCCCNCCCNC(C)=O,OC1CCC(=O)OCC1O
720,[H][C@]12[C@H](CC(N)=O)[C@@]3(C)CCC(=O)NC[C@@H](C)OP([O-])(=O)O[C@H]4[C@@H](O)[C@H](O[C@@H]4CO)N4C=[N+](C5=CC(C)=C(C)C=C45)[Co--]456N1C3=C(C)C1=[N+]4C(=CC3=[N+]5C(=C(C)C4=[N+]6[C@]2(C)[C@@](C)(CC(N)=O)[C@@H]4CCC(N)=O)[C@@](C)(CC(N)=O)[C@@H]3CCC(N)=O)C(C)(C)[C@@H]1CCC(N)=O,[Si+4]
721,CCC(C)C(O)=O,CC\C=C/C\C=C/C\C=C/C\C=C/CCCCCCC(O)=O
722,[H][C@@]1(CC[C@@]2([H])[C@]3([H])[C@H](O)C[C@]4([H])C[C@H](O)CC[C@]4(C)[C@@]3([H])C[C@H](O)[C@]12C)[C@H](C)CCCC(C)C(=O)SCCNC(=O)CCNC(=O)[C@H](O)C(C)(C)COP(O)(=O)OP(O)(=O)OC[C@H]1O[C@H]([C@H](O)[C@@H]1OP(O)(O)=O)N1C=NC2=C(N)N=CN=C12,OON=O
723,[H][C@@]1(CC[C@@]2([H])[C@]3([H])[C@H](O)C[C@]4([H])C[C@H](O)CC[C@]4(C)[C@@]3([H])C[C@H](O)[C@]12C)[C@H](C)CCCC(C)(O)CO,CC(C)=CCC\C(C)=C\CC\C(C)=C\CC\C(C)=C\C=C\C=C(/C)CC\C=C(/C)CC\C=C(/C)CCC=C(C)C
724,CNC[C@H](O)C1=CC(O)=CC=C1,CC\C=C/C\C=C/C\C=C/C\C=C/C\C=C/C\C=C/CCC(O)=O
725,N[C@@H](C(O)C1=CC=CC=C1)C(O)=O,CCC\C=C/C=C/C(=O)SCCNC(=O)CCNC(=O)C(O)C(C)(C)COP(=O)(O)OP(=O)(O)OC[C@H]1OC([C@H](O)[C@@H]1CP(O)(O)=O)N1C=NC2=C(N)N=CN=C12
726,CCCCCCCC\C=C/CCCCCC(O)=O,CC(=O)NCCCCNCCCN
727,CCCCC\C=C/C\C=C/C\C=C/CC1OC1CCCC(O)=O,C\C(\C=C\C=C(/C)\C=C\C1C(C)=CC(=O)CC1(C)C)=C/C=C/C=C(\C)/C=C/C=C(\C)/C=C/C1C(C)=CC(=O)CC1(C)C
728,CC(=O)N[C@@H](CSCCC(=O)C(O)=O)C(O)=O,[H][C@@]12CC[C@H]([C@H](C)CC[C@@H](O)[C@@H](O)C(O)=O)[C@@]1(C)CC[C@@]1([H])[C@@]2([H])CC[C@]2([H])C[C@H](O)CC[C@]12C
729,[Bi+3],[H][C@@]12CC[C@H]([C@H](C)CCCC(C)C)[C@@]1(C)[C@@H](O)C[C@@]1([H])[C@@]2([H])[C@H](O)CC2CC(=O)C=C[C@]12C
730,C\C(\C=C\C=C(/C)\C=C\[C@H]1C(C)=C[C@H](O)CC1(C)C)=C/C=C/C=C(\C)/C=C/C=C(/C)\C=C\C1=C(C)C[C@@H](O)CC1(C)C,OC(=O)CCC1=CC=C(O)C=C1
731,CCCCC\C=C/C\C=C/C=C/C=C/[C@@H](SC[C@H](N)C(O)=O)[C@@H](O)CCCC(O)=O,OC(=O)CCCNCCC(O)=O
732,[N+]12=C3C(C(C)(C1=C(C1=[N+]4C(C(CC(N)=O)(C)C1CCC(N)=O)(C)C1N5C6=C(C7=[N+](C(=C3)C(C)(C)C7CCC(N)=O)[Co]245(SCC(NC(CCC(C(=O)O)N)=O)C(=O)NCC(O)=O)[N+]2=CN(C3C(C(C(CO)O3)OP(O)(OC(C)CNC(=O)CCC6(C)C1CC(N)=O)=O)O)C1=CC(=C(C=C21)C)C)C)C)CC(N)=O)CCC(N)=O,CCCCCCC[C@H](O)CC(O)=O
733,C\C(\C=C\C=C(/C)\C=C\C1=C(C)C(=O)[C@@H](O)CC1(C)C)=C/C=C/C=C(\C)/C=C/C=C(\C)/C=C/C1=C(C)C(=O)[C@@H](O)CC1(C)C,N[C@@H](CCS(O)(=O)=O)C(O)=O
734,CC(C)CC(O)CC(O)=O,[H][C@@]1(CC[C@@]2([H])[C@]3([H])[C@H](O)C[C@]4([H])C[C@H](O)CC[C@]4(C)[C@@]3([H])C[C@H](O)[C@]12C)[C@H](C)CC[C@H](O)C(C)(C)O
735,OC1=CC=C(C=C1)[C@H]1COC2=CC(O)=CC=C2C1,NC(C(O)=O)C1=CC=CC=C1
736,OC(=O)CCC1=C2CC3=C(CC(O)=O)C(CCC(O)=O)=C(CC4=C(CC(O)=O)C(CCC(O)=O)=C(CC5=C(CC(O)=O)C(CCC(O)=O)=C(CC(N2)=C1CC(O)=O)N5)N4)N3,CCCCCCCCCCCCCCCCCCCC(O)=O
737,[H]C(=O)C1=CC=C(C=C1)C(C)C,[H][C@@]1(CN=C2NC(N)=NC(=O)C2=N1)[C@@H](O)[C@H](C)O
738,[H][C@](C)(C=O)C(O)=O,COC1=C(OC2OC(CO)C(O)C(O)C2O)C=C2OC=C(C(=O)C2=C1)C1=CC=C(O)C=C1
739,C[C@@H]1OC(OCC(O)[C@@H](O)[C@H](O)[C@@H](NC(C)=O)C=O)[C@@H](O)[C@H](O)[C@@H]1O,CC(C)CCCC(C)CCCC(C)C(O)=O
740,CC1=CC(CC(O)=O)=CC=C1,CC1=CN([C@H]2CC(O)[C@@H](CO)O2)C(=O)N=C1N
741,CCCCC\C=C/C\C=C/C\C=C/C\C=C/CCCCCC(O)=O,COC1=C(O)C=CC(CNC(=O)CCCC\C=C\C(C)C)=C1
742,OC(=O)CCOC1=CC=CC=C1,CCCCCCCCCCCCCCCCCCCCCCCCCCCCC(O)=O
743,CCCCCCCC\C=C/CCCCCCCCCC(O)=O,CCCCC\C=C/C\C=C/CC1OC1C\C=C/CCCC(O)=O
744,OC1CN=C(C1)C(O)=O,C[C@@H]1O[C@@H](O[C@@H]2[C@@H](O)[C@@H](O)[C@@H](CO)O[C@H]2O[C@H]2[C@H](O)[C@@H](CO)OC=C2NC(C)=O)[C@@H](O)[C@H](O)[C@@H]1O
745,CCCCC[C@H](O)\C=C\[C@H]1C=CC(=O)[C@H]1CCCCCCC(O)=O,CC1=C(C)C=C(C=C1)C(O)=O
746,N[C@@H](CCS)S(O)(=O)=O,CC1=C(CCC(O)=O)/C2=C/C3=N/C(=C\C4=C(CCC(O)=O)C(C)=C(N4)/C=C4\N=C(\C=C\1/N\2)C(C)=C4C=C)/C(CC(O)=O)=C3CCC(O)=O
747,OC(=O)C1=CC=CC=N1,NCCC[C@H](NC(=O)[C@@H](N)CCC(O)=O)C(O)=O
748,CC1CNC2=C(N1)C(=O)N=C(N)N2,CCCCCCCCCCCC(=O)O[C@H](CC([O-])=O)C[N+](C)(C)C
749,CC(C)(COP(O)(=O)OP(O)(=O)OC[C@H]1O[C@H]([C@H](O)[C@@H]1OP(O)(O)=O)N1C=NC2=C1N=CN=C2N)[C@@H](O)C(=O)NCCC(=O)NCCSC(=O)C1=CC=CC=C1,C[C@H](C(O)=O)C(=O)SCCNC(=O)CCNC(=O)[C@H](O)C(C)(C)COP(O)(=O)OP(O)(=O)OCC1OC(C(O)C1OP(O)(O)=O)N1C=NC2=C(N)N=CN=C12
750,CCCCCCCCCCCCCCCCC(O)=O,CCCCCCCCCCCCC(O)C(O)=O
751,[H][C@@]1(CC[C@@]2([H])[C@]3([H])CC=C4C[C@H](CC[C@]4(C)[C@@]3([H])CC[C@]12C)OC(=O)CCCCCCCCCCC)[C@H](C)CCCC(C)C,CC(O)C(O)C1=CN=C2C(=O)N=C(N)NC2=N1
752,CCCCCC[C@@H](O)C(O)=O,CCCCCC(O)C(O)C\C=C/C\C=C/C\C=C/CCCC(O)=O
753,C\C(=C/CC(O)=O)C(O)=O,C\C(\C=C\C=C(/C)\C=C\C1C(C)=C[C@H](O)CC1(C)C)=C/C=C/C=C(\C)/C=C/C=C(\C)/C=C/C1=C(C)CCCC1(C)C
754,COC1=CC(\C=C\C(=O)CC(=O)\C=C\C2=CC(OC)=C(O)C=C2)=CC=C1O,OC(=O)CCC1=CNC=N1
755,CC(C)=CCC\C(C)=C\CC\C(C)=C\CC\C(C)=C\C=C\C=C(/C)\C=C\C=C(/C)CC\C=C(/C)CCC=C(C)C,N[C@@H](C[C@@H](O)C(O)=O)C(O)=O
756,C1(CC[C@@]2([C@@H](CC(N)=O)[C@@]3([C@@]4([N+]5=C([C@H]([C@@]4(CC(N)=O)C)CCC(N)=O)C(C)=C4[N+]6=C(C=C7[N+]8=C([C@H](C7(C)C)CCC(N)=O)C(C)=C2N3[Co-3]568([N+]2=CN([C@H]3O[C@@H]([C@@H](OP(O[C@@H](CN1)C)([O-])=O)[C@H]3O)CO)C1=CC(C)=C(C=C21)C)C)[C@H]([C@@]4(CC(N)=O)C)CCC(N)=O)C)[H])C)=O,NC1=NC(=O)C2=C(NCC(=N2)[C@H](O)[C@H](O)CO)N1
757,C[C@@H]1O[C@@H](O[C@@H]2[C@@H](O)[C@@H](O)[C@@H](CO)O[C@H]2O[C@@H]2[C@@H](CO)OC=C(NC(C)=O)[C@H]2O)[C@@H](O)[C@H](O)[C@@H]1O,CCCCC[C@H](O)\C=C\[C@H]1[C@@H](O)C[C@H](O)[C@@H]1CC(=O)CCC(O)=O
758,CC(=O)NC1=CO[C@H](CO)[C@@H](O)[C@@H]1O[C@@H]1O[C@H](CO)[C@H](O)[C@H](O)[C@H]1O,[H][C@@]1(CNC2=NC(N)=NC(=O)[C@]2(O)N1)[C@@H](O)[C@H](C)O
759,[H][C@@]1(O[C@@H]2O[C@H](CO)[C@H](O)[C@H](O)[C@H]2O)[C@@H](CO)OC=C(NC(C)=O)[C@H]1O,CCCCC[C@@H]1O[C@@H]1C\C=C/C\C=C/C\C=C/CCCC(O)=O
760,CC(=O)NCCCCCN,OC(=O)C1=CC2=C(N1)C=CC=C2
761,NC1CCSC1=O,CCCCC\C=C/C\C=C/CCCC(=O)SCCNC(=O)CCNC(=O)C(O)C(C)(C)COP(O)(=O)OP(O)(=O)OCC1OC(C(O)C1OP(O)(O)=O)N1C=NC2=C1N=CN=C2N
762,CCC\C=C\C=C\C(=O)SCCNC(=O)CCNC(=O)C(O)C(C)(C)COP(=O)(O)OP(=O)(O)OC[C@H]1O[C@H]([C@H](O)[C@@H]1OP(O)(=O)O)N1C=NC2=C1N=CN=C2N,[As+3]
763,CC\C=C/C[C@H](O)C(O)\C=C\C=C\C=C/C=C/[C@H](O)C\C=C/CCC(O)=O,CC(C)=CCC\C(C)=C/C=C/C(/C)=C/C=C/C(/C)=C/C=C/C=C(\C)/C=C/C=C(\C)/C=C/C=C(\C)CCC=C(C)C
764,C[C@H](CN)C(O)=O,OC(=O)CCC1=CNC2=C1C=CC=C2
765,CSC,CCCCC\C=C/C[C@@H](O)\C=C\C=C\C=C/[C@@H](O)CCCC(=O)NCCO
766,O[C@H]1[C@@H](O)[C@H](NC(=N)CNC=O)O[C@@H]1COP(O)(O)=O,Cl
767,CC(C)(COP(O)(=O)OP(O)(=O)OC[C@H]1O[C@H]([C@H](O)[C@@H]1OP(O)(O)=O)N1C=NC2=C1N=CN=C2N)[C@@H](O)C(=O)NCCC(=O)NCCSC(=O)C=C,[N+]1=2[Co-3]345([N+]6=C7[C@H]([C@@](CC(=O)N)(C)[C@@]6([C@@]6(N3C(=C(C)C3=[N+]4C(C(C)(C)[C@@H]3CCC(=O)N)=CC3=[N+]5C(=C7C)[C@@](CC(=O)N)([C@@H]3CCC(=O)N)C)[C@@](C)([C@H]6CC(=O)N)CCC(NC[C@@H](C)OP(=O)(O[C@@H]3[C@H](O[C@H](N(C4=CC(=C(C=C14)C)C)C=2)[C@@H]3O)CO)[O-])=O)[H])C)CCC(=O)N)O[H]
768,C[C@@H](C(O)=O)C(=O)SCCNC(=O)CCNC(=O)[C@H](O)C(C)(C)COP(O)(=O)OP(O)(=O)OCC1OC([C@H](O)[C@@H]1OP(O)(O)=O)N1C=NC2=C(N)N=CN=C12,CCCCC\C=C/C\C=C/CC(O)C(O)C\C=C/CCCC(O)=O
769,CCCCC\C=C/CC(O)C(O)C\C=C/C\C=C/CCCC(O)=O,C\C(CC\C=C(/C)CC(O)\C=C(/C)C(O)=O)=C/CCC(C)(OC1OC(CO)C(O)C(O)C1OC1OC(CO)C(O)C(O)C1O)C=C
770,OC(CN1C=CN=C1)C(O)=O,NCCCCCN
771,OC1=CC2=C(C=C1)C1=C(O2)C2=C(OC1=O)C=C(O)C=C2,OC(=O)CCCCCCCCCCCC(O)=O
772,OC(=O)C(O)=O,OC[C@H]1O[C@H]([C@H](O)[C@@H]1O)N1C=NC(CC(O)=O)=C1
773,OC(=O)CC1=CC(=O)C=CC1=O,N[C@@H](CC(O)=O)C(=O)N1CCC[C@H]1C(O)=O
774,CC1=CC(=O)C2=C(O)C([C@@H]3O[C@H](CO)[C@@H](O)[C@H](O)[C@H]3O)=C(O)C=C2O1,CC(C)CCCC(C)CCCC(C)CCCC(C)CCC(O)=O
775,COC1=CC=C(C=C1)C1=COC2=CC(O)=CC(O)=C2C1=O,COC1=CC2=C(NC=C2C[C@H](N)C(O)=O)C=C1
776,CC1=C(C=CC=C1)C(O)=O,CCCCCC(=O)\C=C\[C@H]1C(O)CC(=O)[C@H]1C\C=C/CCCC(O)=O
777,CCCCC\C=C/C\C=C/C\C=C/CC(O)C(O)CCCC(O)=O,CCCCCCCCCCCCCCCCCCCCC(O)=O
778,CC(O)C(=O)SCCNC(=O)CCNC(=O)[C@H](O)C(C)(C)COP(O)(=O)OP(O)(=O)OC[C@H]1O[C@H]([C@H](O)[C@@H]1OP(O)(O)=O)N1C=NC2=C(N)N=CN=C12,CCCCCCCCCCCCCCCCCCCCCCCCCCCC(O)=O
779,OC(=O)\C=C\C=C\C(O)=O,CCCCCCCCCCCCCCCCCCO
780,C[C@@H]1[C@H](O)C[C@@H](O)C2=CC[C@H](C[C@]12C)C(C)=C,OC[C@H]1OC(OC(=O)C(\C)=C\C=C\C(\C)=C\C=C\C=C(/C)\C=C\C=C(/C)C(=O)O[C@@H]2O[C@H](CO)[C@@H](O)[C@H](O)[C@H]2O)[C@H](O)[C@@H](O)[C@@H]1O
781,NC(CSC1CC(O)C=CC1(O)CC(O)=O)C(O)=O,CCCCCCCC\C=C/C=C/C=C/[C@@H](SC[C@H](N)C(O)=O)[C@@H](O)CCCC(O)=O
782,CCCCCCCCCCCCCCCCCCCCCCCCCC(O)=O,CC(C)C1=CC2=C(C(O)=C1O)[C@]1(CCCC(C)(C)C1CC2)C(O)=O
783,OC(=O)C#CC1=CC=CC=C1,[H][C@@]12CC(C)(C)CC[C@]1(CO)CC[C@]1(C)C2=CC[C@]2([H])[C@@]3(C)CC[C@H](O)C(C)(C)[C@]3([H])CC[C@@]12C
784,CCCCCCCCCCCCCCCCCCCCCCCCC(O)=O,NCCC(N)C(O)=O
785,CCCCC[C@H](O)\C=C\[C@@H](C=O)[C@H](C\C=C/CCCC(O)=O)C(C)=O,[H][C@@]12CC(C)(C)CC[C@@]1(CC[C@]1(C)C2=CC[C@]2([H])[C@@]3(C)CC[C@H](O)C(C)(C)[C@]3([H])CC[C@@]12C)C(O)=O
786,C\C=C(/C)C(=O)O[C@H](CC([O-])=O)C[N+](C)(C)C,CC(C)=CCC\C(C)=C\CC\C(C)=C\CC\C(C)=C/CC\C(C)=C/CC\C(C)=C/CC\C(C)=C/CC\C(C)=C/CC\C(C)=C/COP(O)(=O)OP(O)(O)=O
787,CCCCCCCC\C=C/CCCCCCCCCCCCCC(O)=O,C\C(\C=C\C1=C(C)CCCC1(C)C)=C\C=C\C(\C)=C\C(O)=O
788,OC(=O)[C@H](CC1=CC=CC=C1)NC(=O)CC1=CC=CC=C1,CC(C)CCCC(C)CCC(O)=O
789,[H][C@@]1(CC[C@@]2([H])[C@]3([H])CC=C4C[C@@H](O)CC[C@]4(C)[C@@]3([H])CC[C@]12C)[C@H](C)CC\C(=C\C)C(C)C,OC(=O)[C@H](OC(=O)\C=C\C1=CC(O)=C(O)C=C1)[C@@H](OC(=O)\C=C\C1=CC(O)=C(O)C=C1)C(O)=O
790,C\C(\C=C\C=C(/C)C(=O)OC1OC(CO)C(O)C(O)C1O)=C/C=C/C=C(\C)/C=C/C=C(\C)C(=O)OC1O[C@@H](COC2OC(CO)C(O)C(O)C2O)C(O)C(O)C1O,CSC1=C(SC2=C1N=C1C(=O)N=C(N)NC1=N2)C(O)CO
791,CCC1=C(C)/C2=C/C3=C(CC)C(C)=C(N3)\C=C3/N=C(/C=C4\N=C(\C=C\1/N\2)C(C)=C4CCC(O)=O)C(CCC(O)=O)=C3C,CC(=O)NC(CSCC[C@H](N)C(O)=O)C(O)=O
792,CCCCCCCCCCCCCCCCCC=O,[H][C@@]12C[C@@](C)(CC[C@]1(C)CC[C@]1(C)C3=CC=C4C(C)=C(O)C(=O)C=C4[C@]3(C)CC[C@@]21C)C(O)=O
793,[B+3],[Be++]
794,[H][C@@]12[C@@H](C)[C@H](C)CC[C@]1(C)CC[C@]1(C)C2=CC[C@]2([H])[C@@]3(C)CC[C@@H](O)[C@](C)(C(O)=O)[C@]3([H])CC[C@@]12C,CC1=C(O)C(=CC=C1)C(O)=O
795,[H][C@@]12[C@@H](C)[C@H](C)CC[C@]1(CO)CC[C@]1(C)C2=CC[C@]2([H])[C@@]3(C)CC[C@H](O)C(C)(C)[C@]3([H])CC[C@@]12C,[H][C@@]12CC(C)(C)CC[C@@]1(CC[C@]1(C)C2=CC[C@]2([H])[C@@]3(C)C[C@@H](O)[C@H](O)C(C)(C)[C@]3([H])CC[C@@]12C)C(O)=O
796,CN[C@H](CC(O)=O)C(O)=O,[H][C@@]12CC[C@H]([C@H](C)CCCC(C)C)[C@@]1(C)CC[C@@]1([H])[C@@]2([H])C=CC2=CC(=O)CC[C@]12C
797,[H][C@@]12[C@@H](C)[C@H](C)CC[C@@]1(CC[C@]1(C)C2=CC[C@]2([H])[C@@]3(C)CC[C@H](O)C(C)(C)[C@]3([H])CC[C@@]12C)C(O)=O,CC(C)CCCC(C)CCCC(C)CCC(O)=O
798,C\C(\C=C\C=C(/C)C(=O)O[C@@H]1O[C@H](CO[C@@H]2O[C@H](CO)[C@@H](O)[C@H](O)[C@H]2O)[C@@H](O)[C@H](O)[C@H]1O)=C/C=C/C=C(\C)/C=C/C=C(\C)C(=O)O[C@@H]1O[C@H](CO[C@@H]2O[C@H](CO)[C@@H](O)[C@H](O)[C@H]2O)[C@@H](O)[C@H](O)[C@H]1O,N[C@@H](CCS(=O)C[C@H](N)C(O)=O)C(O)=O
799,CCCCC[C@H](O)\C=C\[C@H]([C@@H](C\C=C/CCCC(O)=O)C=O)C(C)=O,OC(NC(=O)C1=CC=CC=C1)C(O)=O
800,[H][C@@]1(CC[C@@]2([H])[C@]3([H])[C@@H](O)C[C@]4([H])C[C@@H](CC[C@]4(C)[C@@]3([H])CC[C@]12C)OS(O)(=O)=O)[C@H](C)CCC(=O)NCC(O)=O,[H][C@@]1(CC[C@@]2([H])[C@]3([H])[C@@H](C[C@]4([H])C[C@H](O)CC[C@]4(C)[C@@]3([H])C[C@H](O)[C@]12C)OS(O)(=O)=O)[C@H](C)CCC(O)=O
801,OC(=O)C1=CC=C(C=C1)C(O)=O,[H][C@@]1(CC[C@@]2([H])[C@]3([H])CC[C@]4([H])CC(CC[C@]4(C)[C@@]3([H])CC[C@]12C)O[C@@H]1O[C@@H]([C@@H](O)[C@H](O)[C@H]1O)C(O)=O)[C@H](C)CCC(=O)NCCS(O)(=O)=O
802,[H][C@@]1(CC[C@@]2([H])[C@]3([H])[C@H](O)C[C@]4([H])C[C@@H](CC[C@]4(C)[C@@]3([H])CC[C@]12C)OC1O[C@@H]([C@@H](O)[C@H](O)[C@H]1O)C(O)=O)[C@H](C)CCC(O)=O,[H][C@@]1(CC[C@@]2([H])[C@]3([H])CC[C@]4([H])CCCC[C@]4(C)[C@@]3([H])C[C@@H](O)[C@]12C)[C@H](C)CCC(O)=O
803,OCC1=CC=C(O1)C(O)=O,OC1=CC=C(O)C=C1
804,CC(C)(CC(O)=O)CC(O)=O,[H][C@@]1(CC[C@@]2([H])[C@]3([H])[C@@H](O)C[C@]4([H])CCCC[C@]4(C)[C@@]3([H])C[C@H](O)[C@]12C)[C@H](C)CCC(O)=O
805,C[C@@H](O)[C@H](O)C(O)=O,C\C(=N/O)C(O)=O
806,[Ni++],OC(=O)C1=CC(O)=CC=C1
807,O\N=C(/CCC(O)=O)C(O)=O,[H][C@@]12CCC([C@H](C)CCC(=O)NCC(O)=O)[C@@]1(C)[C@@H](O)C[C@@]1([H])[C@@]2([H])[C@H](O)C[C@]2([H])C[C@@H](CC[C@]12C)O[C@@H]1O[C@@H]([C@@H](O)[C@H](O)[C@H]1O)C(O)=O
808,[H][C@@]1(CC[C@@]2([H])[C@]3([H])[C@H](O)C[C@]4([H])C[C@@H](CC[C@]4(C)[C@@]3([H])C[C@@H](O)[C@]12C)S(O)(=O)=O)[C@H](C)CCC(=O)NCCS(O)(=O)=O,[H][C@@]1(CC[C@@]2([H])[C@]3([H])[C@H](O)C[C@]4([H])CCCC[C@]4(C)[C@@]3([H])C[C@@H](O)[C@]12C)[C@H](C)CCC(O)=O
809,[H][C@@]1(CC[C@@]2([H])[C@]3([H])[C@H](O)C[C@]4([H])CCCC[C@]4(C)[C@@]3([H])CC[C@]12C)[C@H](C)CCC(O)=O,[H][C@@]1(CC[C@@]2([H])[C@]3([H])[C@@H](C[C@]4([H])C[C@H](O)CC[C@]4(C)[C@@]3([H])CC[C@]12C)OS(O)(=O)=O)[C@H](C)CCC(=O)NCC(O)=O
810,[H][C@@]1(CC[C@@]2([H])[C@]3([H])[C@H](O)C[C@]4([H])C[C@@H](CC[C@]4(C)[C@@]3([H])CC[C@]12C)OS(O)(=O)=O)[C@H](C)CCC(=O)NCC(O)=O,[H][C@@]1(CC[C@@]2([H])[C@]3([H])[C@@H](C[C@]4([H])C[C@H](O)CC[C@]4(C)[C@@]3([H])CC[C@]12C)OS(O)(=O)=O)[C@H](C)CCC(=O)NCCS(O)(=O)=O
811,[Br-],[Ge+4]
812,[V+3],[H][C@@]12CC[C@H]([C@H](C)CCC(O)=O)C1[C@@H](O)C[C@@]1([H])[C@@]2([H])CC[C@]2([H])C[C@@H](CC[C@]12C)OS(O)(=O)=O
813,COC1=CC(\C=C\C(O)=O)=CC(OC)=C1OC,[H][C@@]12CC[C@H]([C@H](C)CCC(O)=O)[C@@]1(C)CC[C@@]1([H])[C@@]2([H])CC[C@]2([H])C[C@H](CC[C@]12C)O[C@@H]1O[C@@H]([C@@H](O)[C@H](O)[C@H]1O)C(O)=O
814,OCC(CO)OP(O)(O)=O,[H][C@@]1(CC[C@@]2([H])[C@]3([H])C(C[C@]4([H])C[C@H](O)CC[C@]4(C)[C@@]3([H])CC[C@]12C)OS(O)(=O)=O)[C@H](C)CCC(O)=O
815,O=C1CCOC1,[H][C@@]1(CC[C@@]2([H])[C@]3([H])[C@H](O)C[C@]4([H])CCCC[C@]4(C)[C@@]3([H])C[C@H](O)[C@]12C)[C@H](C)CCC(O)=O
816,O[C@@H]1COC(=O)[C@H](O)[C@@H](O)[C@H]1O,O[C@@H](C=O)[C@@H](O)[C@@H](O)[C@H](O)C(O)=O
817,[H][C@@]1(CC[C@@]2([H])[C@]3([H])[C@H](O)C[C@]4([H])C[C@@H](CC[C@]4(C)[C@@]3([H])C[C@H](O)[C@]12C)O[C@]1([H])O[C@@H]([C@@H](O)[C@H](O)[C@H]1O)C(O)=O)[C@H](C)CCC(O)=O,[H][C@@]12CCC([C@H](C)CCC(=O)NCC(O)=O)[C@@]1(C)CC[C@@]1([H])[C@@]2([H])[C@H](O)C[C@]2([H])C[C@@H](CC[C@]12C)O[C@@H]1O[C@@H]([C@@H](O)[C@H](O)[C@H]1O)C(O)=O
818,[H][C@@]1(CC[C@@]2([H])[C@]3([H])CC[C@]4([H])C[C@@H](CC[C@]4(C)[C@@]3([H])CC[C@]12C)OS(O)(=O)=O)[C@H](C)CCC(=O)NCCS(O)(=O)=O,[H][C@]12C[C@@H](O)C3C4CCC([C@H](C)CCC(=O)NCCS(O)(=O)=O)[C@@]4(C)[C@@H](O)CC3[C@@]1(C)CC[C@H](C2)OS(O)(=O)=O
819,[H][C@@]1(CC[C@@]2([H])[C@]3([H])CC[C@]4([H])C[C@@H](O)CC[C@]4(C)[C@@]3([H])C[C@@H](O)[C@]12C)[C@H](C)CCC(O)=O,[H][C@@]12CC[C@H]([C@H](C)CCC(O)=O)[C@@]1(C)CC[C@@]1([H])[C@@]2([H])[C@H](O)C[C@]2([H])C[C@@H](CC[C@]12C)OS(O)(=O)=O
820,[H][C@@]12CCC([C@H](C)CCC(O)=O)[C@@]1(C)[C@@H](O)C[C@@]1([H])[C@@]2([H])CC[C@]2([H])C[C@@H](CC[C@]12C)OC1O[C@@H]([C@@H](O)[C@H](O)[C@H]1O)C(O)=O,CC(O)(CO)C(O)=O
821,[H][C@@]1(CC[C@@]2([H])[C@]3([H])CC[C@]4([H])C[C@@H](CC[C@]4(C)[C@@]3([H])CC[C@]12C)OS(O)(=O)=O)[C@H](C)CCC(=O)NCC(O)=O,[H][C@@]12C[C@H](O)CC[C@]1(C)C1C[C@H](O)[C@]3(C)[C@H](CCC3C1[C@@H](C2)OS(O)(=O)=O)[C@H](C)CCC(=O)NCC(O)=O
822,OC(=O)\C=C\C1=C(O)C=CC=C1,[H][C@@]12CC[C@H]([C@H](C)CCC(O)=O)[C@@]1(C)CC[C@@]1([H])[C@@]2([H])[C@@H](O)CC2C[C@H](CC[C@]12C)OS(O)(=O)=O
823,OC(CC(O)=O)C1=CC(O)=CC=C1,[H][C@@]12C[C@H](O)CC[C@]1(C)C1C[C@H](OS(O)(=O)=O)[C@]3(C)[C@H](CCC3C1[C@H](O)C2)[C@H](C)CCC(=O)NCC(O)=O
824,[H][C@@]1(O)COC([H])(O)[C@]1([H])O,COC1=C(O)C=CC(=C1)C1=C(O)C(=O)C2=C(O)C=C(O)C=C2O1
825,CCCCC[C@H](O)\C=C\[C@H]1C=CC(=O)[C@@H]1CCCCCCC(O)=O,OC(=O)C1=CN=C(O)C=C1
826,[Ag+],CC\C=C/C[C@H](O)\C=C\[C@H]1[C@H](O)CC(=O)[C@@H]1C\C=C/CCCC(O)=O
827,CC1=C(CCOP(O)(O)=O)SC=[N+]1CC1=CN=C(C)N=C1N,OC1=CC=C(C=C1)[C@@H]1CC(=O)C2=C(O)C=C(O)C=C2O1
828,CCCCC[C@H](O)\C=C\[C@H]1[C@H](O)C[C@H](O)[C@@H]1CCCCCCC(O)=O,CCCCC[C@H](O)CC[C@H]1[C@H](O)CC(=O)[C@@H]1CCCCCCC(O)=O
829,[H][C@@]12CCC(=O)[C@@]1(C)CC[C@@]1([H])[C@@]2([H])CC[C@@]2([H])C[C@H](O)CC[C@]12[H],O[C@H](C=O)[C@H](O)[C@@H](O)[C@H](O)C(O)=O
830,N[C@@H](CCONC(N)=N)C(O)=O,OC1=CC(O)=C2C=C(O)C(=[O+]C2=C1)C1=CC(O)=C(O)C=C1
831,CCCCC[C@H](O)\C=C\[C@@H]1[C@@H](C\C=C/CCCC(O)=O)C=CC1=O,OC[C@H]1OC[C@H](O)[C@@H](O)[C@@H]1O
832,C,[H][C@@]1(CC[C@@]2([H])[C@]3([H])CC=C4C[C@@H](O)CC[C@]4(C)[C@@]3([H])CC[C@]12C)[C@H](C)CCC=C(C)C
833,[H][C@@]12CC[C@@](O)(C#C)[C@@]1(CC)C=CC1=C3CCC(=O)C=C3CC[C@@]21[H],CN1C=NC2=C(N=CN2[C@@H]2O[C@H](CO)[C@@H](O)[C@H]2O)C1=O
834,[H][C@@]12CC[C@H](O)[C@@]1(C)CC[C@]1([H])[C@@]3([H])CCC(=O)C=C3CC[C@@]21[H],[H][C@@]12CC(=O)\C(=C(/C)OC)[C@@]1(C)CC[C@]1([H])[C@]2([H])CCC2=CC(=O)CC[C@]12C
835,N[C@@H](CC1=CC(I)=C(OC2=CC(I)=C(OS(O)(=O)=O)C(I)=C2)C(I)=C1)C(O)=O,NC(=O)C1=C[N+]([O-])=CC=C1
836,CC(=O)OC1CC(C)(C)C(=C=C\C(C)=C\C=C\C(\C)=C\C=C\C=C(/C)\C=C\C=C(/C)C(=O)CC23OC2(C)CC(O)CC3(C)C)C(C)(O)C1,CC(C)=CCC\C(C)=C\C=C\C(\C)=C\C=C\C(\C)=C\C=C/C=C(\C)/C=C/C=C(\C)/C=C/C(O)C(C)(O)CCC=C(C)C
837,CCCCC[C@H](O)\C=C\[C@H]1C=CC(=O)[C@@H]1C\C=C/CCCC(O)=O,OC1=CC(O)=C2C(OC(=C(O)C2=O)C2=CC(O)=C(O)C(O)=C2)=C1
838,NC(CS(O)(=O)=O)C(O)=O,[H][C@@]12CCC(=O)[C@@]1(C)CC[C@@]1([H])[C@@]2([H])CC[C@@]2([H])C[C@@H](CC[C@]12C)OS(O)(=O)=O
839,CCCCCC(=O)CC[C@H]1[C@H](O)CC(=O)[C@@H]1C\C=C/CCCC(O)=O,O[C@H]1CC2=C(O)C=C(O)C=C2O[C@@H]1C1=CC(O)=C(O)C=C1
840,[H][C@@]1(C2=C(C(O[C@@H]3O[C@H](CO)[C@@H](O)[C@H](O)[C@H]3O)=CC=C2)C(=O)C2=C1C=C(C=C2O)C(O)=O)[C@]1([H])C2=C(C(O[C@@H]3O[C@H](CO)[C@@H](O)[C@H](O)[C@H]3O)=CC=C2)C(=O)C2=C1C=C(C=C2O)C(O)=O,ON=O
841,C\C(\C=C\C=C(/C)\C=C\C1=C(C)C[C@@H](O)CC1(C)C)=C/C=C/C=C(\C)/C=C/C=C(\C)/C=C/C1=C(C)C[C@@H](O)CC1(C)C,[H][C@@]12CC[C@](O)(C(=O)CO)[C@@]1(C)CC(=O)[C@@]1([H])[C@@]2([H])CCC2=CC(=O)CC[C@]12C
842,[H][C@@](O)(COC(=O)CCCCCCC\C=C/CCCCCCCC)COP([O-])(=O)OCC[N+](C)(C)C,CC(=O)N[C@H]1[C@@H](O)O[C@H](COP(O)(O)=O)[C@@H](O)[C@@H]1O
843,O=C1NC(=O)C(=O)C(=O)N1,CN1C=NC(CC(O)=O)=C1
844,CC\C=C/C\C=C/C\C=C/CCCCCCCCCCCC(O)=O,CN1C=NC2=C1C(O)=NC(=O)N2C
845,[H][C@@]12CCC(=O)[C@@]1(C)CC[C@@]1([H])[C@@]2([H])CC[C@@]2([H])C[C@@H](CC[C@]12C)O[C@@H]1O[C@@H]([C@@H](O)[C@H](O)[C@H]1O)C(O)=O,CC(N)C(O)C1=CC(O)=C(O)C=C1
846,[H][C@@]12CC[C@H](OS(O)(=O)=O)[C@@]1(C)CC[C@@]1([H])[C@@]2([H])CCC2=CC(=O)CC[C@]12C,[H][C@@]12CC[C@@](O)(C#C)[C@@]1(C)CC[C@@]1([H])[C@@]2([H])CCC2=CC3=C(C[C@]12C)C=NO3
847,CCCCCC(=O)SCCNC(=O)CCNC(=O)[C@H](O)C(C)(C)COP(O)(=O)OP(O)(=O)OC[C@H]1O[C@H]([C@H](O)[C@@H]1OP(O)(O)=O)N1C=NC2=C1N=CN=C2N,CC[C@H](C)[C@@H]1NC(=O)[C@H](CC2=CC=C(O)C=C2)NC(=O)[C@@H](N)CSSC[C@H](NC(=O)[C@H](CC(N)=O)NC(=O)[C@H](CCC(N)=O)NC1=O)C(=O)N1CCCC1C(=O)N[C@@H](CC(C)C)C(=O)NCC(N)=O
848,[H][C@@]1(CC[C@@]2([H])[C@]3([H])CC=C4C[C@@H](O)CC[C@]4(C)[C@@]3([H])CC[C@]12C)[C@H](C)CC[C@@H](C)C(C)C,CC(C)=CCC\C(C)=C\CC\C(C)=C\CC\C(C)=C\C=C/C=C(\C)/C=C/C=C(\C)CC\C=C(/C)CCC=C(C)C
849,COC1=CC=C(C=C1)[C@@H]1SC2=CC=CC=C2N(CCN(C)C)C(=O)[C@@H]1O,[O-]N(=O)=O
850,CCCCCCCCCC\C=C/CCCCCCCCCC(O)=O,CCCCC[C@H](O)\C=C\[C@H]1[C@H](O)C[C@H](O)[C@@H]1CC(=O)CCCCC(O)=O
851,C\C(\C=C\C=C(/C)\C=C\C1C(C)=CC=CC1(C)C)=C\C=C/C=C(\C)/C=C/C=C(\C)/C=C/C1=C(C)CC(O)CC1(C)C,CC1=C(N)NC(=O)N=C1
852,[H][C@@]1(C2=C(C(O)=CC=C2)C(=O)C2=C1C=C(C=C2O)C(O)=O)[C@]1([H])C2=C(C(O)=CC=C2)C(=O)C2=C1C=C(C=C2O)C(O)=O,OC1=CC2=C3C(OC(=O)C4=CC(O)=C(O)C(OC2=O)=C34)=C1O
853,CC(C)CCC[C@@H](C)CCC[C@@H](C)CCC[C@]1(C)CCC2=CC(O)=CC(C)=C2O1,CCCCC[C@H](O)\C=C\[C@H]1OC(O)C[C@H](O)[C@@H]1C\C=C/CC(O)=O
854,OC1=C(O)C=C(C=C1)[N+]([O-])=O,OC[C@H](O)[C@@H](O)[C@H](O)CO
855,OC[C@H]1O[C@H](OC[C@H]2O[C@@H](O)[C@H](O)[C@@H](O)[C@@H]2O)[C@H](O)[C@@H](O)[C@@H]1O,CCCCC\C=C/C\C=C/C\C=C/CCCCCCC(O)=O
856,C[C@@H]1O[C@@H](O[C@@H]2[C@@H](O)[C@H](O)[C@@H](CO)O[C@H]2OC2=CC(O)=C3C(=O)C[C@H](OC3=C2)C2=CC=C(O)C=C2)[C@H](O)[C@H](O)[C@H]1O,OC[C@H](O)[C@@H](O)[C@H](O[C@H]1O[C@H](CO)[C@@H](O)[C@H](O)[C@H]1O)[C@H](O)CO
857,CC(=O)N[C@@H](CO)C(O)=O,COC1=C(O)C=C(C=C1)C1OC2=CC(O)=CC(O)=C2C(=O)C1O
858,CC(C)CC(C)=O,C/C(/C=C/C=C(/C)\C=C\[C@H]1C(C)=C[C@H](O)CC1(C)C)=C\C=C\C=C(/C)\C=C\C=C(/C)\C=C\C1=C(C)C[C@@H](O)CC1(C)C
859,[H][C@@]12CC[C@H](O)[C@@]1(C)CC[C@@]1([H])[C@@]2([H])CC[C@@]2([H])CC(=O)CC[C@]12C,CC(C)CCC[C@@H](C)CCC[C@@H](C)CCC\C(C)=C\C[C@@]12O[C@]1(C)C(=O)C1=C(C=CC=C1)C2=O
860,CCCCC[C@H](O)\C=C\C1=C(CCCCCCC(O)=O)C(=O)CC1,[H][C@@]12CCC(=O)[C@@]1(C)C[C@H](O)[C@@]1([H])[C@@]2([H])CC[C@@]2([H])C[C@H](O)CC[C@]12C
861,O[C@@H]1[C@@H](O)[C@H](O)[C@@H](OP(O)(O)=O)[C@H](O)[C@@H]1O,NCCS
862,CCCCCC=CC(=O)SCCNC(=O)CCNC(=O)C(O)C(C)(C)COP(O)(=O)OP(O)(=O)OCC1OC(C(O)C1OP(O)(O)=O)N1C=NC2=C(N)N=CN=C12,OC[C@H](O)[C@H](O)CO
863,CCCCCCCCC(=O)CC\C=C\C=C/[C@@H](O)CCCC(O)=O,CC(C)=CCC\C(C)=C\C=C\C(\C)=C\C=C\C(\C)=C\C=C\C=C(/C)\C=C\C=C(/C)\C=C\C=C(/C)CCC=C(C)C
864,CC(=O)OC[C@H](N)C(O)=O,NC1=CC=CC=C1
865,[H]C(=[C@@]=C1C(C)(C)C[C@H](O)C[C@@]1(C)O)C(\C)=C\C=C\C(\C)=C\C=C\C=C(/C)\C=C\C=C(\C)/C=C/[C@@]12O[C@]1(C)C[C@@H](O)CC2(C)C,CC(C)=CCC\C(C)=C\CC\C(C)=C\CC\C(C)=C\[C@@H]1[C@@H](COP(O)(=O)OP(O)(O)=O)[C@]1(C)CC\C=C(/C)CC\C=C(/C)CCC=C(C)C
866,[H][C@@]12CC[C@@]3(CCC(=O)O3)[C@@]1(C)CC[C@@]1([H])[C@@]2([H])C=CC2=CC(=O)CC[C@]12C,CC\C=C/C[C@H](O)\C=C\[C@@H]1[C@@H](C\C=C/CCCC(O)=O)[C@@H](O)CC1=O
867,N[C@@H](CC1=CC(I)=C(OC2=CC(I)=C(OS(O)(=O)=O)C=C2)C(I)=C1)C(O)=O,COC1=C(C)C(C)=C(\C=C\C(\C)=C\C=C\C(\C)=C/C(O)=O)C(C)=C1
868,OC[C@H]1OC([C@@H](O)[C@@H]1O)N1C=NC2=C1NC=NC2=O,C[N+](C)(C)[C@@H](CC1=CNC(=S)N1)C([O-])=O
869,C[C@H](O)C=O,CC(C)=CCC\C(C)=C\CC\C(C)=C/C=C/C(/C)=C/C=C/C=C(\C)/C=C/C=C(/C)CC\C=C(/C)CCC=C(C)C
870,O=C(\C=C\C1=CC=CC=C1)C1=CC=CC=C1,[H][C@@]1(CC[C@@]2([H])[C@]3([H])CCC4=CC(=O)CC[C@]4(C)[C@@]3([H])CC[C@]12C)[C@H](C)O
871,O[C@@H]1CC(=C[C@@H](O)[C@H]1O)C(O)=O,CC(C)=CCC\C(C)=C\C=C\C(\C)=C\C=C\C(\C)=C\C=C\C=C(/C)\C=C\C=C(/C)CCC(O)C(C)(O)CCC=C(C)C
872,O[C@@H]1C[C@@](O)(C[C@@H](O)[C@H]1O)C(O)=O,CCCCC\C=C/C\C=C/C\C=C/CCCCC(O)=O
873,OC1=CC(O)=C2C=C(O)C(=[O+]C2=C1)C1=CC(O)=C(O)C(O)=C1,O=C1C=C(OC2=CC=CC=C12)C1=CC=CC=C1
874,CCCCC\C=C/C\C=C/C=C/C=C/[C@@H](SC[C@H](N)C(=O)NCC(O)=O)[C@@H](O)CCCC(O)=O,C[C@H]1O[C@@H](O)[C@H](O)[C@@H](O)[C@H]1O
875,CN1C(=O)NC2=C(NC(=O)N2)C1=O,C\C(\C=C\C=C(/C)\C=C\[C@@]12O[C@]1(C)C[C@@H](O)CC2(C)C)=C/C=C/C=C(\C)/C=C/C=C(\C)/C=C/[C@@]12O[C@]1(C)C[C@@H](O)CC2(C)C
876,C\C(\C=C\C=C(/C)\C=C\C1=C(C)C[C@@H](O)CC1(C)C)=C\C=C\C=C(/C)\C=C\C=C(/C)\C=C\C1=C(C)C[C@@H](O)CC1(C)C,CC(C)=CCC\C(C)=C\CC\C(C)=C\C=C\C(\C)=C\C=C\C=C(/C)\C=C\C=C(/C)\C=C\C=C(/C)CCC=C(C)C
877,[H][C@@]12CC[C@](C)(O)[C@@]1(C)CC[C@@]1([H])[C@@]2([H])CC[C@@]2([H])CC3=NNC=C3C[C@]12C,OCC1=CC=CC=C1
878,OO,[H][C@@]12CC[C@](O)([C@@H](O)CO)[C@@]1(C)CC(=O)[C@@]1([H])[C@@]2([H])CC[C@]2([H])C[C@H](O)CC[C@]12C
879,[H][C@]12CS[C@@H](CCCCC(=O)NCCCC[C@H](N)C(O)=O)[C@@]1([H])NC(=O)N2,O[C@@H]1[C@@H](O)[C@@H](O[C@H](C(O)=O)[C@H]1O)OC(=O)\C=C(/C)\C=C\C=C(/C)\C=C\C1=C(C)CCCC1(C)C
880,C/C(/C=C/C=C(/C)\C=C\C1=C(C)C[C@@H](O)CC1(C)C)=C\C=C\C=C(/C)\C=C\C=C(/C)\C=C\C1=C(C)C[C@@H](O)CC1(C)C,NC(=N)NCCC[C@H](O)C(O)=O
881,CN=C(O)C1=CN=CC=C1,OC1=CC(O)=C2C[C@@H](OC(=O)C3=CC(O)=C(O)C(O)=C3)[C@H](OC2=C1)C1=CC(O)=C(O)C(O)=C1
882,C\C(\C=C\C=C(/C)\C=C\C1=C(C)C(=O)CCC1(C)C)=C/C=C/C=C(\C)/C=C/C=C(\C)/C=C/C1=C(C)C(=O)CCC1(C)C,CC(O)C(C)O
883,NC(=N)N[C@@H](CC(O)=O)C(O)=O,CN1C=NC2=C1C(=O)N=CN2
884,O[C@@H]1C[C@](O)(C[C@@H](OC(=O)\C=C\C2=CC(O)=C(O)C=C2)[C@@H]1O)C(O)=O,[H][C@@]12C[C@H](O)[C@](C)(O)[C@@]1(C)CC[C@@]1([H])[C@@]2([H])CC[C@@]2([H])CC3=C(C[C@]12C)C=NN3
885,COC1=C(O)C(O)=CC(=C1)C1=[O+]C2=CC(O)=CC(O)=C2C=C1O,CCCCCC(=O)\C=C\[C@H]1[C@H](O)CC(=O)[C@@H]1C\C=C/CCCC(O)=O
886,CC1=C(CCC(O)=O)C2=CC3=[N+]4C(=CC5=C(C)C(C=C)=C6C=C7C(C)=C(C=C)C8=[N+]7[Fe--]4(N2C1=C8)N56)C(C)=C3CCC(O)=O,[H][C@@]12CC[C@](O)([C@@H](O)CO)[C@@]1(C)C[C@H](O)[C@@]1([H])[C@@]2([H])CC[C@]2([H])C[C@H](O)CC[C@]12C
887,NC(=O)C1=C(N)N=CN1,[H][C@@]12CC[C@H](O[C@@H]3O[C@@H]([C@@H](O)[C@H](O)[C@H]3O)C(O)=O)[C@@]1(C)CC[C@@]1([H])[C@@]2([H])CCC2=CC(=O)CC[C@]12C
888,CCCCCCCC[C@H]1OCCC[C@@H]1CCCCCCC,OC[C@H]1O[C@@](CO)(O[C@H]2O[C@H](CO[C@H]3O[C@H](CO)[C@H](O)[C@H](O)[C@H]3O)[C@@H](O)[C@H](O)[C@H]2O)[C@@H](O)[C@@H]1O
889,OC1=CC=C(C=C1)C1=COC2=CC(O)=CC(O)=C2C1=O,[H][C@@]12C[C@@]3([H])[C@]4([H])CC[C@]([H])([C@@](C)(O)[C@@]5([H])CC(C)=C(C)C(=O)O5)[C@@]4(C)CC[C@]3([H])[C@@]3(C)C(=O)C=C[C@H](O)C13O2
890,OC[C@H]1O[C@](O)(CO)[C@@H](O)[C@H](O)[C@@H]1O,OC[C@@H]1O[C@H](O)C[C@H]1O
891,CS,CCCCCC\C=C/CCCCCCCC(O)=O
892,CCCCCC\C=C\CCCCCCCCCC(O)=O,C\C(\C=C\C=C(/C)\C=C\[C@H]1C(C)=C[C@H](O)CC1(C)C)=C/C=C/C=C(\C)/C=C/C=C(\C)/C=C/C1=C(C)C[C@@H](O)CC1(C)C
893,[H][C@@](CCCCC)(OO)\C=C\[C@@]1([H])[C@@]2([H])C[C@]([H])(OO2)[C@]1([H])C\C=C/CCCC(O)=O,[H][C@]12CC[C@H](C)CN1[C@@]1([H])C[C@@]3([H])[C@]4([H])CC=C5C[C@@H](O)CC[C@]5(C)[C@@]4([H])CC[C@]3(C)[C@@]1([H])[C@@H]2C
894,C\C(\C=C\C=C(/C)\C=C\C1=C(C)C[C@@H](O)CC1(C)C)=C/C=C\C=C(/C)\C=C\C=C(/C)\C=C\C1=C(C)C[C@@H](O)CC1(C)C,CC(O)C(C)=O
895,OCCCCC[C@H](O)\C=C\[C@H]1[C@H](O)CC(=O)[C@@H]1C\C=C/CCCC(O)=O,C[C@@H]1O[C@@H](OC[C@H]2O[C@@H](OC3=C(OC4=C(C(O)=CC(O)=C4)C3=O)C3=CC=C(O)C(O)=C3)[C@H](O)[C@@H](O)[C@@H]2O)[C@H](O)[C@H](O)[C@H]1O
896,CCCCC[C@H](O)\C=C\[C@H]1OC(O)C[C@H](O)[C@@H]1C\C=C/CCCC(O)=O,C[C@@H](O[C@H]1[C@@H](N)[C@H](O)O[C@H](CO)[C@H]1O)C(O)=O
897,OC[C@H]1O[C@H](O[C@H]2[C@H](O)[C@@H](O)[C@@H](OC[C@H]3O[C@H](O[C@H]4[C@H](O)[C@@H](O)[C@@H](O)O[C@@H]4CO)[C@H](O)[C@@H](O)[C@@H]3O[C@H]3O[C@H](CO)[C@@H](O)[C@H](O)[C@H]3O)O[C@@H]2CO)[C@H](O)[C@@H](O)[C@@H]1O,[H][C@@]12CC[C@](O)(C(=O)CO)[C@@]1(C)C[C@H](O)[C@@]1([H])[C@@]2([H])CC[C@]2([H])CC(=O)CC[C@]12C
898,OC1=CC=C(C=C1)C1=[O+]C2=CC(O)=CC(O)=C2C=C1O,COC1=CC=C(C=C1O)[C@@H]1CC(=O)C2=C(O1)C=C(OC1O[C@H](CO[C@H]3O[C@@H](C)[C@@H](O)[C@@H](O)[C@H]3O)[C@H](O)[C@H](O)[C@H]1O)C=C2O
899,OC(=O)CNC(=O)C1=CN=CC=C1,S
900,CN1C(N)=NC2=C(NC=N2)C1=O,N[C@@H](C[SeH])C(O)=O
901,OC[C@@H](O)[C@H](O)[C@@H](O)[C@@H](O)C(O)=O,OC1=CC=C(CCC(=O)C2=C(O)C=C(O)C=C2O)C=C1
902,OC1=CC=C(C=C1)C1=COC2=C(C=CC(O)=C2)C1=O,O=C1CCCCC1
903,[H][C@@]12CC[C@](C)(O)[C@@]1(C)CC[C@@]1([H])[C@@]2([H])CC[C@@]2([H])[C@@H](O)C3=C(C[C@]12C)C=NN3,OC(=O)C1=CNC2=CC=CC=C12
904,CC1=C(CCC(O)=O)\C(NC1=O)=C/C1=C(CCC(O)=O)C(C)=C(N1)\C=C1\NC(=O)C(C)=C1C=C,[H]\C(C1=C(C)C(CCC(O)=O)=C(N1)C(\[H])=C1/N=C(O)C(C)=C1CCC(O)=O)=C1/N=C(O)C(C=C)=C1C
905,CC1=C(C=C)\C(NC1=O)=C\C1=C(C)C(CCC(=O)O[C@@H]2O[C@@H]([C@@H](O)[C@H](O)[C@H]2O)C(O)=O)=C(CC2=C(CCC(=O)O[C@@H]3O[C@@H]([C@@H](O)[C@H](O)[C@H]3O)C(O)=O)C(C)=C(N2)\C=C2/NC(=O)C(C=C)=C2C)N1,OC(C(O)=O)C1=C2NC(\C=C3/N=C(/C=C4\N=C(\C=C5/N\C(=C/2)C(CCC(O)=O)=C5CC(O)=O)C(CC(O)=O)=C4CCC(O)=O)C(CCC(O)=O)=C3CC(O)=O)=C1CCC(O)=O
906,OC(CC1=C2NC(\C=C3/N=C(/C=C4\N\C(=C/C5=N/C(=C\2)/C(CC(O)=O)=C5CCC(O)=O)C(CC(O)=O)=C4CCC(O)=O)C(CCC(O)=O)=C3CC(O)=O)=C1CC(O)=O)C(O)=O,OOC(=O)CCC1=C(CC(O)=O)\C2=C\C3=C(CC(O)=O)C(CCC(O)=O)=C(N3)\C=C3/N=C(/C=C4\N\C(=C/C1=N2)C(CCC(O)=O)=C4CC(O)=O)C(CCC(O)=O)=C3CC(O)=O
907,CN1C=NC2=C(N=CN2[C@@H]2O[C@H](CO)[C@@H](O)[C@H]2O)C1=N,COC1=C(O)C=CC(=C1)C(CO)OS(O)(=O)=O
908,NC1=NC2=C(N=C(O)N2[C@H]2C[C@H](O)[C@@H](CO)O2)C(=O)N1,CN\C(NCCC[C@H](N)C(O)=O)=N/C
909,O[C@@H]1[C@@H](COP(O)(=O)OP(O)(O)=O)OC([C@@H]1O)N1C=NC2=C1NC=NC2=O,N[C@@H](CCC(=O)N[C@@H](CSSC[C@H](NC(=O)CC[C@H](N)C(O)=O)C(=O)NCC(O)=O)C(=O)NCC(O)=O)C(O)=O
910,NO,N[C@H](CCC(O)=O)C(O)=O
911,OCC=O,OC[C@H]1O[C@H](O)[C@H](O)[C@@H](O)[C@@H]1O
912,OC(=O)[C@@H]1CC(=O)NC(=O)N1,NC1=NC2=C(N=CN2[C@@H]2O[C@H](COP(O)(=O)OP(O)(=O)O[C@H]3O[C@H](CO)[C@@H](O)[C@H](O)[C@H]3O)[C@@H](O)[C@H]2O)C(=O)N1
913,CC(C)[C@@H]1CC[C@@H](C)C[C@H]1O,NCCCCC(O)=O
914,CC(=O)N[C@@H](CCCN)C(O)=O,C1=CN=CN=C1
915,CC(=O)N[C@H]1[C@H](O)O[C@H](CO)[C@@H](O[C@@H]2O[C@H](CO)[C@@H](O[C@@H]3O[C@H](CO)[C@@H](O)[C@H](O)[C@H]3NC(C)=O)[C@H](O)[C@H]2NC(C)=O)[C@@H]1O,O[C@H]1O[C@@H]([C@H](O)[C@H](O)[C@H]1O)C(O)=O
916,O=C1C=CC(=O)C=C1,CCC=O
917,NC1=NC(=O)N(C=C1)[C@@H]1O[C@H](COP(O)(=O)OP(O)(=O)O[C@H]2O[C@H](CO)[C@@H](O)[C@H](O)[C@H]2O)[C@@H](O)[C@H]1O,OC[C@]1(O)OC[C@H](O)[C@@H]1O
918,NCCC[C@@H](N)C(O)=O,CC(=C)[C@@H]1CCC(C)=CC1
919,CC(C)(COP(O)(=O)OP(O)(=O)OC[C@H]1O[C@H]([C@H](O)[C@@H]1OP(O)(O)=O)N1C=NC2=C(N)N=CN=C12)C(O)C(=O)NCCC(=O)NCCSC(=O)CC(=C)C(O)=O,[N]=O
920,OP(O)(=O)OP(O)(=O)OP(O)(O)=O,OC\C=C\C(O)=O
921,OC[C@@H](OP(O)(O)=O)C(O)=O,O[C@@H]1O[C@@H]([C@H](O)[C@H](O)[C@H]1O)C(O)=O
922,CO[C@H]1O[C@H](CO)[C@@H](O[C@H]2O[C@H](CO)[C@@H](OC)[C@H](O)[C@H]2O)[C@H](O)[C@H]1O,COC(=O)N[C@@H]1[C@@H](O)[C@H](O[C@@H]2O[C@H](CO)[C@@H](O[C@@H]3O[C@H](CO)[C@@H](O[C@@H]4O[C@H](CO)[C@@H](O[C@@H]5O[C@H](CO)[C@@H](O[C@@H]6O[C@H](CO)[C@@H](O[C@@H]7O[C@H](CO)[C@@H](O)[C@H](O)[C@H]7N)[C@H](O)[C@H]6N)[C@H](O)[C@H]5N)[C@H](O)[C@H]4N)[C@H](O)[C@H]3N)[C@H](O)[C@H]2N)[C@@H](CO)O[C@H]1O[C@H]1[C@H](O)[C@@H](N)[C@H](O[C@H]2[C@H](O)[C@@H](N)[C@H](O)O[C@@H]2CO)O[C@@H]1CO
923,NCCCC[C@@H](N)C(O)=O,N[C@H](CO)C(O)=O
924,CC(=O)C(C)=O,COC1=CC=C2C=C3C4=CC5=C(OCO5)C=C4CC[N+]3=CC2=C1OC
925,OC(=O)[C@H]1CCCN1,C\C(\C=C\C=C(/C)\C=C\[C@H]1C(C)=C[C@@H](O)CC1(C)C)=C/C=C/C=C(\C)/C=C/C=C(\C)/C=C/C1=C(C)C[C@@H](O)CC1(C)C
926,N[C@H](CCCNC(N)=N)C(O)=O,N[C@H](CS)C(O)=O
927,OC[C@@]1(O)OC[C@@H](O)[C@H](O)[C@@H]1O,CC(C)(COP(O)(=O)OP(O)(=O)OC[C@H]1O[C@H]([C@H](O)[C@@H]1OP(O)(O)=O)N1C=NC2=C1N=CN=C2N)C(O)C(=O)NCCC(=O)NCCSC=O
928,[H][C@@]12CCC(=O)[C@@]1(C)CC[C@@]1([H])[C@@]2([H])CCC2=CC(=O)C=C[C@]12C,N[C@H](CCC(N)=O)C(O)=O
929,CCCCCCCCCCCCCCCCO,CC(C)(CO)C(O)C(=O)NCCC(=O)NCCS
930,[H][C@]12[C@H](CC(N)=O)[C@@]3(C)CCC(=O)NC[C@@H](C)OP(O)(=O)O[C@@H]4[C@@H](CO)O[C@@H]([C@@H]4O)N4C=[N+](C5=CC(C)=C(C)C=C45)[Co-4]456N1C3=C(C)C1=[N+]4C(=CC3=[N+]5C(=C(C)C4=[N+]6[C@]2(C)[C@@](C)(CC(N)=O)[C@@H]4CCC(N)=O)[C@@](C)(CC(N)=O)[C@@H]3CCC(N)=O)C(C)(C)[C@@H]1CCC(N)=O,N[C@H](CO)CC1=CNC=N1
931,O=C\C=C\C1=CC=CC=C1,[H][C@@]1(CC[C@@]2([H])[C@]3([H])CC=C4C[C@H](CC[C@]4(C)[C@@]3([H])CC[C@]12C)OC(=O)CCCC)[C@H](C)CCCC(C)C
932,OCCC1=CNC2=C1C=CC=C2,C\C(\C=C\C=C(/C)\C=C\C1C(C)=CC(=O)CC1(C)C)=C/C=C/C=C(\C)/C=C/C=C(\C)/C=C/C1=C(C)CC(O)CC1(C)C
933,[H][C@@]1(O)O[C@]([H])(CO)[C@]([H])(O)[C@]([H])(O)[C@@]1([H])O,CC(=C)[C@@H]1CC=C(C)[C@@H](O)C1
934,C\C(\C=C\C=C(/C)\C=C\[C@H]1C(C)=C[C@H](O)CC1(C)C)=C/C=C/C=C(/C)\C=C\C=C(/C)\C=C\C1=C(C)C[C@@H](O)CC1(C)C,OCCC=O
935,CC1=NC=C2COC(=O)C2=C1O,[N+]12=C3C(C(C)(C1=C(C1=[N+]4C(C(CC(N)=O)(C)C1CCC(N)=O)(C)C1N5C6=C(C7=[N+](C(=C3)C(C)(C)C7CCC(N)=O)[Co-3]245(SCC(NC(CCC(C(=O)O)N)=O)C(=O)NCC(O)=O)[N+]2=CN(C3C(C(C(CO)O3)OP(O)(OC(C)CNC(=O)CCC6(C)C1CC(N)=O)=O)O)C1=CC(=C(C=C21)C)C)C)C)CC(N)=O)CCC(N)=O
936,C[C@@H](N)C(=O)N[C@H](C)C(O)=O,NC(=N)NCCCC(O)=O
937,[H][C@@]1(OC(=O)[C@@H](O)[C@H]1O)[C@@H](O)CO,OC(=O)CC[C@H](NC=O)C(O)=O
938,[H][C@](N)(CC1=CC(I)=C(O)C(I)=C1)C(O)=O,N[C@@H](CCOP(O)(O)=O)C(O)=O
939,O[C@@H]1O[C@H](COP(O)(O)=O)[C@@H](O)[C@H](O)[C@H]1O,OC(=O)\C=C/C1=CC(O)=C(O)C=C1
940,OP(O)(=O)O[C@H]1[C@H](OP(O)(O)=O)[C@@H](OP(O)(O)=O)[C@H](OP(O)(O)=O)[C@H](OP(O)(O)=O)[C@@H]1OP(O)(O)=O,OC(CC1=CC=C(O)C(O)=C1)C(O)=O
941,O[C@H]1[C@H](O)[C@@H](COP(O)(O)=O)O[C@H](OP(O)(O)=O)[C@@H]1O,OC(=O)CC[C@@](O)(CC(O)=O)C(O)=O
942,[H][C@@]1(O)[C@]([H])(OP(O)(O)=O)[C@@]([H])(OP(O)(O)=O)[C@]([H])(OP(O)(O)=O)[C@@]([H])(OP(O)(O)=O)[C@]1([H])OP(O)(O)=O,[H][C@@]1(CC[C@@]2([H])[C@]3([H])[C@H](O)C[C@]4([H])C[C@H](O)CC[C@]4(C)[C@@]3([H])C[C@H](O)[C@]12C)[C@H](C)CCCC(C)C=O
943,O[C@H]1C[C@@H](O[C@@H]1CO[P@@](O)(=O)OP(O)(O)=O)N1C=NC2=C1NC=NC2=O,O[C@H]1C[C@@H](O[C@@H]1COP(O)(=O)OP(O)(=O)OP(O)(O)=O)N1C=NC2=C1NC=NC2=O
944,OC[C@H]1O[C@@](CO)(OC[C@H]2O[C@@](CO)(CO[C@H]3O[C@](O)(CO)[C@@H](O)[C@@H]3O)[C@@H](O)[C@@H]2O)[C@@H](O)[C@@H]1O,NC1=C2N=CN([C@@H]3O[C@H](CO)[C@@H](OP(O)(O)=O)[C@H]3O)C2=NC=N1
945,CCCC=O,OC[C@H]1O[C@@H](OC2=C(CO)C=CC=C2)[C@H](O)[C@@H](O)[C@@H]1O
946,C[C@H](CCCC(C)(C)O)[C@@]1([H])CC[C@@]2([H])\C(CCC[C@]12C)=C\C=C1\C[C@@H](O)CCC1=C,NC(O)=O
947,OC[C@H]1O[C@@](CO)(O[C@H]2O[C@H](CO[C@H]3O[C@H](CO[C@H]4O[C@H](CO)[C@H](O)[C@H](O)[C@H]4O)[C@H](O)[C@H](O)[C@H]3O)[C@@H](O)[C@H](O)[C@H]2O)[C@@H](O)[C@@H]1O,CC(C)CCC[C@@H](C)CCC[C@@H](C)CCC\C(C)=C\CC1=C(C)C(=O)C2=CC=CC=C2C1=O
948,CC(=O)N[C@H]1[C@H](O)O[C@H](CO)[C@@H](O[C@@H]2O[C@H](CO)[C@@H](O)[C@H](O)[C@H]2NC(O)=O)[C@@H]1O,[H][C@@]12CC[C@]3(O)C[C@]1(CC3=C)[C@@H](C(O)=O)[C@]1([H])[C@@]3(C)[C@@H](O)C=C[C@@]21OC3=O
949,[H][C@@]12OC3=C(O)C=CC4=C3[C@@]11CCN(C)[C@H](C4)[C@]1([H])C=CC2=O,CCCCCCCCCCCC(=O)SCCNC(=O)CCNC(=O)[C@H](O)C(C)(C)COP(O)(=O)OP(O)(=O)OC[C@H]1O[C@H]([C@H](O)[C@@H]1OP(O)(O)=O)N1C=NC2=C1N=CN=C2N
950,OC(=O)[C@@H](CC1=CC(O)=C(O)C=C1)OC(=O)\C=C\C1=CC(O)=C(O)C=C1,CN1[C@H]2C[C@@H](C[C@@H]1[C@H]1O[C@@H]21)OC(=O)[C@H](CO)C1=CC=CC=C1
951,CC(C)[C@H](N)C(=O)N1CCC[C@H]1C(=O)NCC(=O)N1CCC[C@H]1C(=O)N[C@@H](CCCN=C(N)N)C(O)=O,C[C@@H]1NC(=O)N[C@@H]1CCCCCC(O)=O
952,NC(N)=NCCS(O)(=O)=O,N[C@H](CSS)C(O)=O
953,CC1CCCC(C)(C)C1\C=C\C(\C)=C\C=C\C(\C)=C\C(O)=O,COC1=C(O)C=C(C[C@@H]2N(C)CCC3=CC(OC)=C(O)C=C23)C=C1
954,CCCCCCCCCC(=O)OC1CCC2(C)C3CCC4(C)C(CCC4C3CC=C2C1)C(C)CCCC(C)C,NC(=C)C(O)=O
955,[Hg++],C[C@H]1N(C)CCC2=CC(O)=C(O)C=C12
956,CNCCC1=CC=C(O)C=C1,CC(=C)C1CCC(CO)=CC1
957,[Cd++],CC(C)[C@@H](N)CC(O)=O
958,[Sr++],CN1CC(=O)NC1=O
959,[H]C(=O)C1=CCC(CC1)C(C)=C,CCCCCCCCCCCCCCCC(=O)OC\C=C(/C)\C=C\C=C(/C)\C=C\C1=C(C)CCCC1(C)C
960,OC\C=C\C1=CC=C(O)C=C1,C\C=N\O
961,CNCCCCN,O[C@@H]1[C@@H](COP(O)(=O)OP(O)(=O)OP(O)(O)=O)O[C@H]([C@@H]1O)N1C=NC2=C1N=CN([C@@H]1O[C@H](COP(O)(O)=O)[C@@H](O)[C@H]1O)C2=N
962,CC12OC1CC1CC2C1(C)C,CCCCCC(C)=O
963,CC(=O)NCCCC(O)=O,CC\C=C/C[C@H](O)\C=C/C=C/C=C/[C@H](O)C\C=C/C\C=C/CCC(O)=O
964,CC1=CC2=C(C=C1C)N=CN2,N\C(NP(O)(O)=O)=N/CC(O)=O
965,CCCCCCCCCC=CC(=O)SCCNC(=O)CCNC(=O)C(O)C(C)(C)COP(O)(=O)OP(O)(=O)OCC1OC(C(O)C1OP(O)(O)=O)N1C=NC2=C1N=CN=C2N,CC\C=C/C[C@H](O)\C=C\C=C/C=C/C=C/C(O)[C@@H](O)C\C=C/CCC(O)=O
966,OS(=O)(=O)CCS,OC1=CC=C(\C=C\C2=CC(O)=CC(O)=C2)C=C1
967,[H][C@@](O)(COC(=O)CCCCCCCCC)COP([O-])(=O)OCC[N+](C)(C)C,[H][C@@]12CC[C@H](C(C)=O)[C@@]1(C)CC[C@@]1([H])[C@@]2([H])CC[C@@]2([H])CC(=O)CC[C@]12C
968,C[C@H](NC(=O)[C@@H](N)CCC(O)=O)C(O)=O,OC1=CC=C(CC=O)C=C1
969,[H][C@@]12CCC(=O)[C@@]1(C)CC[C@@]1([H])[C@@]2([H])CC[C@]2([H])CC(=O)CC[C@]12C,C[C@H](C(C)=O)C(O)=O
970,OC1=C(O)C=C(CC=O)C=C1,CCCCCC\C=C\C=C/CCCCCCCC(O)=O
971,[H][C@@]12CC[C@H](O)[C@@]1(C)CC[C@@]1([H])[C@@]2([H])CC=C2C[C@@H](O)CC[C@]12C,[H][C@@]1(CC[C@@]2([H])[C@]3([H])CC=C4C[C@H](CC[C@]4(C)[C@@]3([H])CC[C@]12C)OC(C)=O)[C@H](C)CCCC(C)C
972,CC1=C(C)N(C[C@H](O)[C@H](O)[C@H](O)CO)C2=NC(=O)NC(=O)C2=N1,CC(C)(CO)[C@@H](O)C(=O)NCCC(=O)NCCSSCCNC(=O)CCNC(=O)[C@H](O)C(C)(C)CO
973,NC(CC(O)=O)C1=CC=C(O)C=C1,O[C@@H]1[C@@H](COP(O)(=O)OP(O)(=O)OP(O)(=O)OP(O)(=O)OC[C@H]2O[C@H]([C@H](O)[C@@H]2O)N2C=NC3=C2NC(=O)NC3=O)O[C@H]([C@@H]1O)N1C=NC2=C1NC(=O)NC2=O
974,OP(O)(O)=[Se],NC1=C(NC[C@H](O)[C@H](O)[C@H](O)COP(O)(O)=O)NC(=O)NC1=O
975,CCC1CCC(=O)O1,O[C@H]1[C@@H](O)[C@H](OP(O)(O)=O)[C@@H](OP(O)(O)=O)[C@H](OP(O)(O)=O)[C@H]1OP(O)(O)=O
976,N[C@@H](CCCCNC(=O)CC[C@H](N)C(O)=O)C(O)=O,CCCCC[C@H](OO)\C=C\C=C/CCCCCCCC(O)=O
977,CCCCC[C@H](O)\C=C\C=C/C\C=C/C\C=C/CCCC(O)=O,CC1=CC2=C(C=C1C)N(C=N2)[C@H]1O[C@H](COP(O)(O)=O)[C@@H](O)[C@H]1O
978,C[C@@H]1N(C)CCC2=CC(O)=C(O)C=C12,[H][C@@](C)(CCC=C(C)C)[C@@]1([H])CC[C@@]2([H])C3=CC=C4C[C@@]([H])(O)CC[C@]4(C)[C@@]3([H])CC[C@]12C
979,OCCS(O)(=O)=O,CC(O)C1=[N+](CC2=CN=C(C)N=C2N)C(C)=C(CCOP(O)(=O)OP(O)(O)=O)S1
980,O=CCC1=CN=CN1,CC(CN)C(O)=O
981,CN1CCC2=C(C=C3OCOC3=C2)C(=O)CC2=C(C1)C1=C(OCO1)C=C2,NC1=CN=CN1
982,CCCCCCCCCCCCC[C@H](O)CC(=O)SCCNC(=O)CCNC(=O)C(O)C(C)(C)COP(O)(=O)OP(O)(=O)OC[C@H]1O[C@H]([C@H](O)[C@@H]1OP(O)(O)=O)N1C=NC2=C(N)N=CN=C12,N[C@@H](CCCCN1C=CC=C2N=C(NCCC[C@H](N)C(O)=O)N=C12)C(O)=O
983,CCCCCCCCCCC[C@H](O)CC(=O)SCCNC(=O)CCNC(=O)C(O)C(C)(C)COP(O)(=O)OP(O)(=O)OC[C@H]1O[C@H]([C@H](O)[C@@H]1OP(O)(O)=O)N1C=NC2=C(N)N=CN=C12,CCCCCCCCCCCC(=O)CC(=O)SCCNC(=O)CCNC(=O)[C@H](O)C(C)(C)COP(O)(=O)OP(O)(=O)OC[C@H]1O[C@H]([C@H](O)[C@@H]1OP(O)(O)=O)N1C=NC2=C1N=CN=C2N
984,CCCCCCCCC[C@H](O)CC(=O)SCCNC(=O)CCNC(=O)C(O)C(C)(C)COP(O)(=O)OP(O)(=O)OC[C@H]1O[C@H]([C@H](O)[C@@H]1OP(O)(O)=O)N1C=NC2=C(N)N=CN=C12,CCCCCCCCCC(=O)CC(=O)SCCNC(=O)CCNC(=O)C(O)C(C)(C)COP(O)(=O)OP(O)(=O)OC[C@H]1O[C@H]([C@H](O)[C@@H]1OP(O)(O)=O)N1C=NC2=C(N)N=CN=C12
985,CCCCCCC[C@H](O)CC(=O)SCCNC(=O)CCNC(=O)[C@H](O)C(C)(C)COP(O)(=O)OP(O)(=O)OC[C@H]1O[C@H](C(O)[C@H]1OP(O)(O)=O)N1C=NC2=C(N)N=CN=C12,CCCCCCCC(=O)CC(=O)SCCNC(=O)CCNC(=O)C(O)C(C)(C)COP(O)(=O)OP(O)(=O)OC[C@H]1O[C@H]([C@H](O)[C@@H]1OP(O)(O)=O)N1C=NC2=C(N)N=CN=C12
986,[H][C@](O)(CCCCC)CC(=O)SCCNC(=O)CCNC(=O)[C@]([H])(O)C(C)(C)COP(O)(=O)OP(O)(=O)OC[C@H]1O[C@H](C(O)[C@H]1OP(O)(O)=O)N1C=NC2=C1N=CN=C2N,CCCCCC(=O)CC(=O)SCCNC(=O)CCNC(=O)C(O)C(C)(C)COP(O)(=O)OP(O)(=O)OC[C@H]1O[C@H]([C@H](O)[C@@H]1OP(O)(O)=O)N1C=NC2=C(N)N=CN=C12
987,CCC[C@H](O)CC(=O)SCCNC(=O)CCNC(=O)[C@H](O)C(C)(C)COP(O)(=O)OP(O)(=O)OC[C@H]1O[C@H]([C@H](O)[C@@H]1OP(O)(O)=O)N1C=NC2=C1N=CN=C2N,CCCC(=O)CC(=O)SCCNC(=O)CCNC(=O)C(O)C(C)(C)COP(O)(=O)OP(O)(=O)OC[C@H]1O[C@H]([C@H](O)[C@@H]1OP(O)(O)=O)N1C=NC2=C(N)N=CN=C12
988,CCC\C=C\C(=O)SCCNC(=O)CCNC(=O)C(O)C(C)(C)COP(O)(=O)OP(O)(=O)OC[C@H]1O[C@H]([C@H](O)[C@@H]1OP(O)(O)=O)N1C=NC2=C1N=CN=C2N,CCCCCCCCCCCCCC=CC(=O)SCCNC(=O)CCNC(=O)C(O)C(C)(C)COP(O)(=O)OP(O)(=O)OCC1OC(C(O)C1OP(O)(O)=O)N1C=NC2=C1N=CN=C2N
989,CCCCCCCCCCC\C=C\C(=O)SCCNC(=O)CCNC(=O)C(O)C(C)(C)COP(O)(=O)OP(O)(=O)OC[C@H]1O[C@H]([C@H](O)[C@@H]1OP(O)(O)=O)N1C=NC2=C1N=CN=C2N,CCCCC\C=C/C\C=C/C\C=C/CCCCCCC(=O)SCCNC(=O)CCNC(=O)[C@H](O)C(C)(C)COP(O)(=O)OP(O)(=O)OC[C@H]1O[C@H]([C@H](O)[C@@H]1OP(O)(O)=O)N1C=NC2=C1N=CN=C2N
990,CCCCCCC\C=C\C(=O)SCCNC(=O)CCNC(=O)C(O)C(C)(C)COP(O)(=O)OP(O)(=O)OC[C@H]1O[C@H]([C@H](O)[C@@H]1OP(O)(O)=O)N1C=NC2=C(N)N=CN=C12,CCCCC\C=C\C(=O)SCCNC(=O)CCNC(=O)C(O)C(C)(C)COP(O)(=O)OP(O)(=O)OC[C@H]1O[C@H]([C@H](O)[C@@H]1OP(O)(O)=O)N1C=NC2=C1N=CN=C2N
991,CN1C=[N+](C2O[C@H](CO)[C@@H](O)[C@H]2O)C2=C1C(=O)N=CN2,CCCCC\C=C/C\C=C/CC(=O)SCCNC(=O)CCNC(=O)C(O)C(C)(C)COP(O)(=O)OP(O)(=O)OC[C@H]1O[C@H]([C@H](O)[C@@H]1OP(O)(O)=O)N1C=NC2=C1N=CN=C2N
992,[H][C@@]12CCC(=O)[C@@]1(C)CC[C@@]1([H])[C@@]2([H])CCC2=CC(=O)CC[C@]12CO,C[C@]12CCC3C(CCC4=C(O)C(=O)CC[C@]34C)C1CC[C@@H]2O
993,[H][C@@]12CC[C@H](O)[C@@]1(C)CC[C@@]1([H])[C@@]2([H])CCC2=CC(=O)CC[C@]12C=O,C[Se]CC[C@H](N)C(O)=O
994,CC(C)(COP(O)(=O)OP(O)(=O)OC[C@H]1O[C@H]([C@H](O)[C@@H]1OP(O)(O)=O)N1C=NC2=C(N)N=CN=C12)C(O)C(=O)NCCC(=O)NCCSC(=O)CC1=CC=C(O)C=C1,OC[C@@]1(O)O[C@H](COP(O)(O)=O)[C@@H](O)[C@@H]1O
995,OC(=O)C[C@H](C(O)=O)C(=O)C(O)=O,O[C@@H]1[C@@H](O)[C@@H](OP(O)(O)=O)O[C@@H]([C@H]1O)C(O)=O
996,[H][C@@]12CC[C@H]([C@H](C)CCCC(C)C)[C@@]1(C)CC[C@@]1([H])[C@@]2([H])C[C@@H](O)[C@@]2(O)C[C@@H](O)CC[C@]12C,C\C(\C=C\C=C(/C)\C=C\[C@H]1C(C)=CCCC1(C)C)=C/C=C/C=C(\C)/C=C/C=C(\C)/C=C/C1=C(C)CCCC1(C)C
997,[H][C@@]1(CC[C@@]2([H])[C@]3([H])CC[C@]4([H])C[C@H](O)CC[C@]4(C)[C@@]3([H])CC[C@]12C)[C@H](C)O,[H][C@@]12CC[C@H](C(=O)CO)[C@@]1(C)CC[C@@]1([H])[C@@]2([H])CC=C2C[C@@H](O)CC[C@]12C
998,[H][C@@]12CCC(C(=O)CO)[C@@]1(C)CC(=O)[C@@]1([H])[C@@]2([H])CCC2=CC(=O)CC[C@]12C,[H][C@@]12CC[C@](O)(C(C)=O)[C@@]1(C)C[C@@H](O)[C@@]1([H])[C@@]2([H])CCC2=CC(=O)CC[C@]12C
999,[H][C@@]12CC[C@H](C(C)=O)[C@@]1(C)C[C@H](O)[C@@]1([H])[C@@]2([H])CCC2=CC(=O)CC[C@]12C,[H][C@@]12CC[C@H]([C@H](C)[C@H](O)CCC(C)C)[C@@]1(C)CC[C@@]1([H])[C@@]2([H])CC=C2C[C@@H](O)CC[C@]12C
