original_row,smiles1,smiles2,smiles1_status,smiles2_status,row_status
0,[H][C@@](O)(COP(O)(=O)OC[C@@]([H])(COC(=O)CCCCCCCCCCC(C)CC)OC(=O)CCCCCCCCCCCC(C)C)COP(O)(=O)OC[C@@]([H])(COC(=O)CCCCCCCCC(C)CC)OC(=O)CCCCCCCCCCCCCCC(C)C,[H][C@](O)(COP(O)(=O)OC[C@@]([H])(COC(=O)CCCCCCCCCCC)OC(=O)CCCCCCCCCCC)COP(O)(=O)OC[C@@]([H])(COC(=O)CCCCCCCCCCCCCCCCC)OC(=O)CCCCCCCCCCCCCCCC(C)C,valid,valid,valid_pair
1,[H][C@@](O)(COP(O)(=O)OC[C@@]([H])(COC(=O)CCCCCCCCCCCC(C)C)OC(=O)CCCCCCCCCCCCC(C)CC)COP(O)(=O)OC[C@@]([H])(COC(=O)CCCCCCCCC(C)C)OC(=O)CCCCCCCCCCCC,[H][C@](O)(COP(O)(=O)OC[C@@]([H])(COC(=O)CCCCCCCCCCCC)OC(=O)CCCCCCCCCCCCC)COP(O)(=O)OC[C@@]([H])(COC(=O)CCCCCCCCCCC(C)C)OC(=O)CCCCCCCCCCCCC(C)C,valid,valid,valid_pair
2,[H][C@@](COC(=O)CCCCCCCCCCCCCCCCCCCCCCC)(COP(O)(O)=O)OC(=O)CCCCCCC[C@H](O)[C@@H](O)C\C=C/CCCCC,CCCCC[C@H](O)\C=C\[C@@H]1[C@@H](C\C=C/CCCC(=O)OC[C@H](COP(O)(O)=O)OC(=O)CCCCC\C=C/C\C=C/C\C=C/C\C=C/C\C=C/CC)[C@@H](O)CC1=O,valid,valid,valid_pair
3,[H][C@](O)(COP(O)(=O)OC[C@@]([H])(COC(=O)CCCCCCC\C=C/C\C=C/CCCCC)OC(=O)CCCCCCC\C=C/CCCCCCCC)COP(O)(=O)OC[C@@]([H])(COC(=O)CCCCCCC\C=C/C=C\CCCCCC)OC(=O)CCCCCCC\C=C/C\C=C/CCCCC,[H][C@@](O)(COP(O)(=O)OC[C@@]([H])(COC(=O)CCCCCCCCCCCCCCCCC)OC(=O)CCCCCCCCCCCCCCCCCC(C)C)COP(O)(=O)OC[C@@]([H])(COC(=O)CCCCCCCCCCC(C)CC)OC(=O)CCCCCCCCCCCCCCCC,valid,valid,valid_pair
4,[H][C@](COC(=O)CCCCCCCCCCCCC)(COC(=O)CCCCCCCCCCCCCCCCCCC)OC(=O)CCCCCCCCCCCCCCCC,[H][C@](COC(=O)CCCCCCCCCCCCCCCCCCCC)(COC(=O)CCCCCCCCCCCCCCC(C)C)OC(=O)CCCCCCCCCCC,valid,valid,valid_pair
5,[H]C(O)(COP(O)(=O)OC[C@@]([H])(COC(=O)CCCCCCCCCCCCCCC(C)C)OC(=O)CCCCCCCCCCCC(C)C)COP(O)(=O)OC[C@@]([H])(COC(=O)CCCCCCCCCCC(C)C)OC(=O)CCCCCCCCCCCC(C)C,[H]C(O)(COP(O)(=O)OC[C@@]([H])(COC(=O)CCCCCCCCCC(C)C)OC(=O)CCCCCCCCCCCCCCCCCCC(C)C)COP(O)(=O)OC[C@@]([H])(COC(=O)CCCCCCCCC(C)C)OC(=O)CCCCCCCCCCCC(C)C,valid,valid,valid_pair
6,[H][C@](O)(COP(O)(=O)OC[C@@]([H])(COC(=O)CCCCCCCCCCC)OC(=O)CCCCCCCCCCCC(C)C)COP(O)(=O)OC[C@@]([H])(COC(=O)CCCCCCCCCCCC(C)C)OC(=O)CCCCCCCCCCCCCCCCC,[H][C@](O)(COP(O)(=O)OC[C@@]([H])(COC(=O)CCCCCCCCCC)OC(=O)CCCCCCCCCCC(C)C)COP(O)(=O)OC[C@@]([H])(COC(=O)CCCCCCCCCCCCCC(C)C)OC(=O)CCCCCCCCCCCCCCCCC,valid,valid,valid_pair
7,[H][C@](O)(COP(O)(=O)OC[C@@]([H])(COC(=O)CCCCCCCCC)OC(=O)CCCCCCCCCCCCC(C)C)COP(O)(=O)OC[C@@]([H])(COC(=O)CCCCCCCCCCCCCCCCCC(C)C)OC(=O)CCCCCCCCCCCCCCCCCCCCCCCC,[H][C@](O)(COP(O)(=O)OC[C@@]([H])(COC(=O)CCCCCCCCCCC)OC(=O)CCCCCCCCCCCCCCC(C)C)COP(O)(=O)OC[C@@]([H])(COC(=O)CCCCCCCCCCCCCCCCCCC)OC(=O)CCCCCCCCCCCCCCCCCCC(C)C,valid,valid,valid_pair
8,[H][C@](COC(=O)CCCCCCCCC)(COC(=O)CCCCCCCCCCCCCCCCCC)OC(=O)CCCCCCCCCC(C)C,[H][C@](COC(=O)CCCCCCCCC)(COC(=O)CCCCCCCCCCCCCCC(C)C)OC(=O)CCCCCCCCCCCCC,valid,valid,valid_pair
9,[H][C@](O)(COP(O)(=O)OC[C@@]([H])(COC(=O)CCCCCCCCC)OC(=O)CCCCCCCCCCCC)COP(O)(=O)OC[C@@]([H])(COC(=O)CCCCCCCCCCCC(C)C)OC(=O)CCCCCCCCCCCCCCCCCC(C)C,[H][C@](O)(COP(O)(=O)OC[C@@]([H])(COC(=O)CCCCCCCCC)OC(=O)CCCCCCCCCCCC)COP(O)(=O)OC[C@@]([H])(COC(=O)CCCCCCCCCCCCCCC)OC(=O)CCCCCCCCCCCCCCCCCCC,valid,valid,valid_pair
10,[H][C@@](O)(COP(O)(=O)OC[C@@]([H])(COC(=O)CCCCCCCCCC(C)C)OC(=O)CCCCCCCCCCCCCCCCCC(C)C)COP(O)(=O)OC[C@@]([H])(COC(=O)CCCCCCCCC(C)C)OC(=O)CCCCCCCCCCCCCCC(C)C,[H][C@@](O)(COP(O)(=O)OC[C@@]([H])(COC(=O)CCCCCCCCCCCCCCCC(C)C)OC(=O)CCCCCCCCCCC(C)CC)COP(O)(=O)OC[C@@]([H])(COC(=O)CCCCCCCCC(C)CC)OC(=O)CCCCCCCCCCCCCC(C)C,valid,valid,valid_pair
11,CCCCCCCCCC1=CC=CC=C1OCCO,NC1=NC=NC2=C1N=CN2C(OC(CO)C=O)C=O,valid,valid,valid_pair
12,[H][C@](O)(COP(O)(=O)OC[C@@]([H])(COC(=O)CCCCCCCCCC)OC(=O)CCCCCCCCCCCC)COP(O)(=O)OC[C@@]([H])(COC(=O)CCCCCCCCCCCCC)OC(=O)CCCCCCCCCCCCC,[H][C@](O)(COP(O)(=O)OC[C@@]([H])(COC(=O)CCCCCCCCC)OC(=O)CCCCCCCCCC(C)C)COP(O)(=O)OC[C@@]([H])(COC(=O)CCCCCCCCCCC(C)C)OC(=O)CCCCCCCCCCCC(C)C,valid,valid,valid_pair
13,[H]C(O)(COP(O)(=O)OC[C@@]([H])(COC(=O)CCCCCCCCCC(C)C)OC(=O)CCCCCCCCCCCCCCCCC(C)C)COP(O)(=O)OC[C@@]([H])(COC(=O)CCCCCCCCCCCCCC(C)C)OC(=O)CCCCCCCCC(C)CC,[H][C@@](O)(COP(O)(=O)OC[C@@]([H])(COC(=O)CCCCCCCCCCCCC(C)CC)OC(=O)CCCCCCCCCCCCCCCCC(C)CC)COP(O)(=O)OC[C@@]([H])(COC(=O)CCCCCCCCC(C)C)OC(=O)CCCCCCCCCCCC,valid,valid,valid_pair
14,[H][C@@](O)(COP(O)(=O)OC[C@@]([H])(COC(=O)CCCCCCCCCCCCCCCCCC)OC(=O)CCCCCCCCCCCCCCCCCCC)COP(O)(=O)OC[C@@]([H])(COC(=O)CCCCCCCCC(C)C)OC(=O)CCCCCCCCCCC(C)CC,[H][C@](O)(COP(O)(=O)OC[C@@]([H])(COC(=O)CCCCCCC)OC(=O)CCCCCCCCCCCC)COP(O)(=O)OC[C@@]([H])(COC(=O)CCCCCCCCCCCCCCCCCCCC)OC(=O)CCCCCCCCCCCCCCCCCCCCC(C)C,valid,valid,valid_pair
15,[H][C@](O)(COP(O)(=O)OC[C@@]([H])(COC(=O)CCCCCCCCCCCCCC)OC(=O)CCCCCCCCCCCCCCC)COP(O)(=O)OC[C@@]([H])(COC(=O)CCCCCCCCCCCCCCCCCC)OC(=O)CCCCCCCCCCCCCCCCCCC(C)C,[H][C@@](O)(COP(O)(=O)OC[C@@]([H])(COC(=O)CCCCCCCCCCCCCCCCCCCCC(C)C)OC(=O)CCCCCCCCCCCCCCCCC(C)C)COP(O)(=O)OC[C@@]([H])(COC(=O)CCCCCCCCC(C)CC)OC(=O)CCCCCCCCCCCC(C)C,valid,valid,valid_pair
16,[H][C@@](COC(=O)CCCCCCCCCCCCCCC)(COC(=O)CCCCCCCCC(C)C)OC(=O)CCCCCCCCCCCCCCCCCC,[H][C@@](COC(=O)CCCCCCCCCCCCC(C)CC)(COC(=O)CCCCCCCCC(C)C)OC(=O)CCCCCCCCCCCCCCC(C)C,valid,valid,valid_pair
17,[H][C@@](O)(COP(O)(=O)OC[C@@]([H])(COC(=O)CCCCCCCCCCCCCCCCC(C)C)OC(=O)CCCCCCCCCCC(C)CC)COP(O)(=O)OC[C@@]([H])(COC(=O)CCCCCCCCC(C)C)OC(=O)CCCCCCCCCCC(C)C,[H][C@](O)(COP(O)(=O)OC[C@@]([H])(COC(=O)CCCCCCCCCCC)OC(=O)CCCCCCCCCCC)COP(O)(=O)OC[C@@]([H])(COC(=O)CCCCCCCCCCCCCC(C)C)OC(=O)CCCCCCCCCCCCCCCCCCC,valid,valid,valid_pair
18,[H][C@@](COC(=O)CCCCCCCCCCCCCCCCCCCCC(C)C)(COC(=O)CCCCCCCCCCC(C)CC)OC(=O)CCCCCCCCCCCCCCC,CCCCC[C@H](O)\C=C\[C@H]1[C@H](O)CC(=O)[C@@H]1CCCCCCC(=O)O[C@H](COC(=O)CCCCCCCCCCCCCCCCCCC(C)C)COP(O)(=O)OC[C@@H](O)CO,valid,valid,valid_pair
19,[H][C@@](CO\C=C\CCCCCCCCCCCCCCCC)(COP([O-])(=O)OCC[N+](C)(C)C)OC(=O)CCC\C=C/C\C=C/C\C=C/C\C=C/C=C/[C@H](O)CC,[H][C@](COC(=O)CCCCCCCCCCCCCC)(COC(=O)CCCCCCCCCCCCC(C)CC)OC(=O)CCCCCCCCCCCCCCC,valid,valid,valid_pair
20,[H][C@](O)(COP(O)(=O)OC[C@@]([H])(COC(=O)CCCCCCCCCCC)OC(=O)CCCCCCCCCCCCCC)COP(O)(=O)OC[C@@]([H])(COC(=O)CCCCCCCCCCCCCCC)OC(=O)CCCCCCCCCCCCCCCCCCC,[H][C@@](O)(COP(O)(=O)OC[C@@]([H])(COC(=O)CCCCCCCCCCCCC(C)C)OC(=O)CCCCCCCCCCCCCCCCCC)COP(O)(=O)OC[C@@]([H])(COC(=O)CCCCCCCCCCC(C)C)OC(=O)CCCCCCCCCCC(C)C,valid,valid,valid_pair
21,[H][C@@](O)(COP(O)(=O)OC[C@@]([H])(COC(=O)CCCCCCCCCCCCCCCCCC)OC(=O)CCCCCCCCCCCCCCCCCCCCC)COP(O)(=O)OC[C@@]([H])(COC(=O)CCCCCCCCCCCCCC)OC(=O)CCCCCCCCCCCCC(C)CC,[H][C@@](O)(COP(O)(=O)OC[C@@]([H])(COC(=O)CCCCCCC\C=C/CCCCCCCC)OC(=O)CCCCCCCCC\C=C/CCCCCC)COP(O)(=O)OC[C@@]([H])(COC(=O)CCCCCCCCCCCCCCC)OC(=O)CC\C=C/C\C=C/C\C=C/C\C=C/C\C=C/CCCCC,valid,valid,valid_pair
22,[H][C@@](O)(COP(O)(=O)OC[C@@]([H])(COC(=O)CCCCCCCCCCC(C)CC)OC(=O)CCCCCCCCCCCCCCCCCC(C)C)COP(O)(=O)OC[C@@]([H])(COC(=O)CCCCCCCCC(C)CC)OC(=O)CCCCCCCCCCCCCCCCCCCCC(C)CC,[H][C@](O)(COP(O)(=O)OC[C@@]([H])(COC(=O)CCCCCCCCCCCCCC)OC(=O)CCCCCCCCCCCCCCCCC)COP(O)(=O)OC[C@@]([H])(COC(=O)CCCCCCCCCCCCCCCC(C)C)OC(=O)CCCCCCCCCCCCCCCCCCCCC,valid,valid,valid_pair
23,[H][C@](O)(COP(O)(=O)OC[C@@]([H])(COC(=O)CCCCCCCCCC)OC(=O)CCCCCCCCCCCCC(C)CC)COP(O)(=O)OC[C@@]([H])(COC(=O)CCCCCCCCCCCCCCCCCC(C)C)OC(=O)CCCCCCCCCCCCCCCCCCCCC(C)CC,[H][C@](O)(COP(O)(=O)OC[C@@]([H])(COC(=O)CCCCCCCCCC)OC(=O)CCCCCCCCCCCCCCCC)COP(O)(=O)OC[C@@]([H])(COC(=O)CCCCCCCCCCCCCCCCC(C)CC)OC(=O)CCCCCCCCCCCCCCCCCCCCC(C)CC,valid,valid,valid_pair
24,[H]C(O)(COP(O)(=O)OC[C@@]([H])(COC(=O)CCCCCCCCCCCCCCC(C)C)OC(=O)CCCCCCCCCCCC(C)C)COP(O)(=O)OC[C@@]([H])(COC(=O)CCCCCCCCCC(C)C)OC(=O)CCCCCCCCCCCCCCC(C)C,[H]C(O)(COP(O)(=O)OC[C@@]([H])(COC(=O)CCCCCCCCCC(C)C)OC(=O)CCCCCCCCCCCCC(C)CC)COP(O)(=O)OC[C@@]([H])(COC(=O)CCCCCCCCCCCCCCCCCC(C)C)OC(=O)CCCCCCCCCC(C)C,valid,valid,valid_pair
25,CC(C)C1=CCC(C)C=C1,C[N+]1=CC=CC(=C1)C(N)=O,valid,valid,valid_pair
26,[H][C@](O)(COP(O)(=O)OC[C@@]([H])(COC(=O)CCCCCCCCCC)OC(=O)CCCCCCCCCCCCCCC)COP(O)(=O)OC[C@@]([H])(COC(=O)CCCCCCCCCCCCCCCCCCC(C)C)OC(=O)CCCCCCCCCCCCCCCCCCC(C)C,[H][C@](O)(COP(O)(=O)OC[C@@]([H])(COC(=O)CCCCCCCCCCC)OC(=O)CCCCCCCCCCCCCC)COP(O)(=O)OC[C@@]([H])(COC(=O)CCCCCCCCCCCCCCCC(C)C)OC(=O)CCCCCCCCCCCCCCCCCCCCC(C)CC,valid,valid,valid_pair
27,[H][C@](O)(COP(O)(=O)OC[C@@]([H])(COC(=O)CCCCCCCCCCCC)OC(=O)CCCCCCCCCCCCCCCC)COP(O)(=O)OC[C@@]([H])(COC(=O)CCCCCCCCCCCCCCCC)OC(=O)CCCCCCCCCCCCCCCC,[H]C(O)(COP(O)(=O)OC[C@@]([H])(COC(=O)CCCCCCCCCC(C)C)OC(=O)CCCCCCCCCCC(C)C)COP(O)(=O)OC[C@@]([H])(COC(=O)CCCCCCCCC(C)C)OC(=O)CCCCCCCCCCCCCCCCCCCCC(C)CC,valid,valid,valid_pair
28,[H][C@](O)(COP(O)(=O)OC[C@@]([H])(COC(=O)CCCCCCC)OC(=O)CCCCCCCCCCCCCCCC(C)C)COP(O)(=O)OC[C@@]([H])(COC(=O)CCCCCCCCCCCCCCCCCCCCC)OC(=O)CCCCCCCCCCCCCCCCCCCCC,[H][C@@](O)(COP(O)(=O)OC[C@@]([H])(COC(=O)CCCCCCCCCCCCCC(C)C)OC(=O)CCCCCCCCCCCCCCCCC(C)CC)COP(O)(=O)OC[C@@]([H])(COC(=O)CCCCCCCCCCCCCCC)OC(=O)CCCCCCCCCCCCCC(C)C,valid,valid,valid_pair
29,[H][C@](O)(COP(O)(=O)OC[C@@]([H])(COC(=O)CCCCCCCCCCCCCCC)OC(=O)CCCCCCCCCCCCCCCCCCC)COP(O)(=O)OC[C@@]([H])(COC(=O)CCCCCCCCCCCCCCCCC(C)CC)OC(=O)CCCCCCCCCCCCCCCCCCCCCC,[H][C@@](O)(COP(O)(=O)OC[C@@]([H])(COC(=O)CCCCCCCCCCCCCCCCCCCCCC)OC(=O)CCCCCCCCCCCCCCCCCCCCC(C)C)COP(O)(=O)OC[C@@]([H])(COC(=O)CCCCCCCCCCCCC(C)C)OC(=O)CCCCCCCCCCCCC(C)CC,valid,valid,valid_pair
30,[H][C@@](O)(COP(O)(=O)OC[C@@]([H])(COC(=O)CCCCCCCCC(C)C)OC(=O)CCCCCCCCCCCCCCCC(C)C)COP(O)(=O)OC[C@@]([H])(COC(=O)CCCCCCCCC(C)CC)OC(=O)CCCCCCCCCCC(C)CC,[H][C@](O)(COP(O)(=O)OC[C@@]([H])(COC(=O)CCCCCCCCC(C)CC)OC(=O)CCCCCCCCCCCCCCCCC(C)C)COP(O)(=O)OC[C@@]([H])(COC(=O)CCCCCCCCCCC(C)C)OC(=O)CCCCCCCCC(C)C,valid,valid,valid_pair
31,[H][C@](O)(COP(O)(=O)OC[C@@]([H])(COC(=O)CCCCCCCCC)OC(=O)CCCCCCCCCCCCCCCCC)COP(O)(=O)OC[C@@]([H])(COC(=O)CCCCCCCCCCCCCCCCCCC(C)C)OC(=O)CCCCCCCCCCCCCCCCCCCCCC,[H][C@@](O)(COP(O)(=O)OC[C@@]([H])(COC(=O)CCCCCCCCCCCCCCCCCC(C)C)OC(=O)CCCCCCCCCCCCCCCCCCCCC)COP(O)(=O)OC[C@@]([H])(COC(=O)CCCCCCCCCCC(C)C)OC(=O)CCCCCCCCCCCCC(C)C,valid,valid,valid_pair
32,[H][C@@](COC(=O)CCCCCCCCCCCCCCCCCCCCC)(COC(=O)CCCCCCCCC(C)CC)OC(=O)CCCCCCCCCCCCCCCCC,[H][C@@](COC(=O)CCCCCCCCCCCCCCC)(COC(=O)CCCCCCCCCCCC(C)C)OC(=O)CCCCCCCCCCCCCCCCCCCCC,valid,valid,valid_pair
33,[H][C@](O)(COP(O)(=O)OC[C@@]([H])(COC(=O)CCCCCCCCCCCCC)OC(=O)CCCCCCCCCCCCC)COP(O)(=O)OC[C@@]([H])(COC(=O)CCCCCCCCCCCCC)OC(=O)CCCCCCCCCCCCCCCCCCC(C)C,[H][C@@](O)(COP(O)(=O)OC[C@@]([H])(COC(=O)CCCCCCCCCCCCCC)OC(=O)CCCCCCCCCCCCCCCCCCCCC(C)CC)COP(O)(=O)OC[C@@]([H])(COC(=O)CCCCCCCCCC)OC(=O)CCCCCCCCC(C)CC,valid,valid,valid_pair
34,[H][C@](O)(COP(O)(=O)OC[C@@]([H])(COC(=O)CCCCCCCCCCCCCCC)OC(=O)CCCCCCCCCCCCCCCC)COP(O)(=O)OC[C@@]([H])(COC(=O)CCCCCCCCCCCCCCCCCCC)OC(=O)CCCCCCCCCCCCCCCCC(C)C,[H][C@@](O)(COP(O)(=O)OC[C@@]([H])(COC(=O)CCCCCCCCCCCCCCCCC)OC(=O)CCCCCCCCCCCCCCCCCCCCCC)COP(O)(=O)OC[C@@]([H])(COC(=O)CCCCCCCCCCC(C)CC)OC(=O)CCCCCCCCCCCCCC(C)C,valid,valid,valid_pair
35,[H][C@](COC(=O)CCCCCCCCCCCCCCCCCCCCC(C)CC)(COC(=O)CCCCCCCCCC(C)C)OC(=O)CCCCCCCCCCCCC(C)C,[H][C@@](COC(=O)CCCCCCC)(COC(=O)CCCCCCCCCCCCCCCCCCCCC(C)CC)OC(=O)CCCCCCCCCCCCCCCCCCCC,valid,valid,valid_pair
36,[H][C@](O)(COP(O)(=O)OC[C@@]([H])(COC(=O)CCCCCCC)OC(=O)CCCCCCCCC(C)CC)COP(O)(=O)OC[C@@]([H])(COC(=O)CCCCCCCCCCCCCCCC(C)C)OC(=O)CCCCCCCCCCCCCCCCCCCCC(C)CC,[H]C(O)(COP(O)(=O)OC[C@@]([H])(COC(=O)CCCCCCCCCCCCCC(C)C)OC(=O)CCCCCCCCCCCCCCC(C)C)COP(O)(=O)OC[C@@]([H])(COC(=O)CCCCCCCCCC(C)C)OC(=O)CCCCCCCCCCCCCC(C)C,valid,valid,valid_pair
37,CCCCC[C@H](O)\C=C\[C@H]1[C@H](O)CC(=O)[C@@H]1CCCCCCC(=O)OC[C@H](COP(O)(=O)OC[C@@H](O)CO)OC(=O)CCCCCCCCC(C)C,[H][C@@](COC(=O)CCCCCCCCCCCCCCCCCC)(COC(=O)CCCCCCCCCCCCC(C)C)OC(=O)CCCCCCCCC,valid,valid,valid_pair
38,[H][C@@](COC(=O)CCCCCCCCCCCCCCCC)(COC(=O)CCCCCCCCCCCCCCCCCCC(C)C)OC(=O)CCCCCCCCC,[H][C@@](COC(=O)CCCCCCCCCCCCCCCC)(COC(=O)CCCCCCCCCCCCCC(C)C)OC(=O)CCCCCCCCCCC(C)CC,valid,valid,valid_pair
39,[H][C@](O)(COP(O)(=O)OC[C@@]([H])(COC(=O)CCCCCCCCCCCCC)OC(=O)CCCCCCCCCCCCCCCCC(C)C)COP(O)(=O)OC[C@@]([H])(COC(=O)CCCCCCCCCCCCCCCCCC(C)C)OC(=O)CCCCCCCCCCCCCCCCCCCCC,[H][C@@](O)(COP(O)(=O)OC[C@@]([H])(COC(=O)CCCCCCCCCCCCCCCCCCCCC)OC(=O)CCCCCCCCCCCCCCCCCCCCCCC)COP(O)(=O)OC[C@@]([H])(COC(=O)CCCCCCCCC(C)C)OC(=O)CCCCCCCCCCCCCCCC(C)C,valid,valid,valid_pair
40,[H]C(O)(COP(O)(=O)OC[C@@]([H])(COC(=O)CCCCCCCCCCCCCCCCCCCCC(C)C)OC(=O)CCCCCCCCCCCCC(C)CC)COP(O)(=O)OC[C@@]([H])(COC(=O)CCCCCCCCCCC(C)C)OC(=O)CCCCCCCCC(C)C,[H][C@](O)(COP(O)(=O)OC[C@@]([H])(COC(=O)CCCCCCC)OC(=O)CCCCCCCCCCC(C)C)COP(O)(=O)OC[C@@]([H])(COC(=O)CCCCCCCCCCCCCCCCCCC(C)C)OC(=O)CCCCCCCCCCCCCCCCCCCCCC,valid,valid,valid_pair
41,CCCCC[C@H](O)\C=C\[C@@H]1[C@@H](O)[C@@H](O)[C@H]2OP(O)(=O)OC[C@@H](COC(=O)CCC\C=C/C[C@@H]([C@@H](O)CC1=O)[C@@H](O)[C@H](O)[C@H]2O)OC(=O)CC\C=C/C\C=C/C\C=C/C\C=C/C\C=C/C\C=C/CC,[H][C@@](COC(=O)CCC\C=C/C\C=C/C\C=C/C\C=C/C=C/[C@@H](O)CC)(COP(O)(=O)O[C@H]1C(O)C(O)C(O)[C@@H](OP(O)(O)=O)C1O)OC(=O)CCCCCCCCCCCCC\C=C/CC,valid,valid,valid_pair
42,[H][C@](O)(COP(O)(=O)OC[C@@]([H])(COC(=O)CCCCCCCCC)OC(=O)CCCCCCCCCC)COP(O)(=O)OC[C@@]([H])(COC(=O)CCCCCCCCCCC(C)CC)OC(=O)CCCCCCCCCCCC(C)C,[H][C@](O)(COP(O)(=O)OC[C@@]([H])(COC(=O)CCCCCCCCCCC)OC(=O)CCCCCCCCCCC)COP(O)(=O)OC[C@@]([H])(COC(=O)CCCCCCCCC(C)C)OC(=O)CCCCCCCCCCCCCC,valid,valid,valid_pair
43,[H][C@](O)(COP(O)(=O)OC[C@@]([H])(COC(=O)CCCCCCCCC)OC(=O)CCCCCCCCCCCCC(C)C)COP(O)(=O)OC[C@@]([H])(COC(=O)CCCCCCCCCCCCCC(C)C)OC(=O)CCCCCCCCCCCCCCCCCC(C)C,[H]C(O)(COP(O)(=O)OC[C@@]([H])(COC(=O)CCCCCCCCCCCCCCCCCC(C)C)OC(=O)CCCCCCCCCCC(C)CC)COP(O)(=O)OC[C@@]([H])(COC(=O)CCCCCCCCCC(C)C)OC(=O)CCCCCCCCCCC(C)CC,valid,valid,valid_pair
44,[H][C@@](O)(COP(O)(=O)OC[C@@]([H])(COC(=O)CCCCCCCCCCCCCCCCCCCCC)OC(=O)CCCCCCCCCCCCCCCCCCCCC)COP(O)(=O)OC[C@@]([H])(COC(=O)CCCCCCCCCC(C)C)OC(=O)CCCCCCCCCCCCCCCCCCC,[H][C@](O)(COP(O)(=O)OC[C@@]([H])(COC(=O)CCCCCCCCCCCCC)OC(=O)CCCCCCCCCCCCCCCCCC)COP(O)(=O)OC[C@@]([H])(COC(=O)CCCCCCCCCCCCCCCCCC(C)C)OC(=O)CCCCCCCCCCCCCCCCCCCCCC,valid,valid,valid_pair
45,[H][C@](COC(=O)CCCCCCCCCCCCCCCCCCC)(COC(=O)CCCCCCCCCCCCCCCCCCCCC)OC(=O)CCCCCCCCCCCCC(C)CC,[H][C@](COC(=O)CCCCCCCCCCCCCCCC)(COC(=O)CCCCCCCCCCCCCCCCCC(C)C)OC(=O)CCCCCCCCCCCCCCCCCC(C)C,valid,valid,valid_pair
46,CC(C)=CCC(COC1OC(COC2OCC(O)C(O)C2O)C(O)C(O)C1O)C(C)=C,CC(C)C(=C)C(O)C(O)C(C)C1CCC2C3CCC4CC(O)C(O)CC4(C)C3CCC12C,valid,valid,valid_pair
47,[H][C@@](O)(COP(O)(=O)OC[C@@]([H])(COC(=O)CCCCCCCCCCCCCCCCCC)OC(=O)CCCCCCCCCCCCCCCCCCC(C)C)COP(O)(=O)OC[C@@]([H])(COC(=O)CCCCCCCCCCC(C)CC)OC(=O)CCCCCCCCCCCCCCCCCC,[H][C@@](O)(COP(O)(=O)OC[C@@]([H])(COC(=O)CCCCCCCCCCCCCCCCC(C)CC)OC(=O)CCCCCCCCCCCCCCCCCCC(C)C)COP(O)(=O)OC[C@@]([H])(COC(=O)CCCCCCCCC(C)CC)OC(=O)CCCCCCCCCCCCCCCC(C)C,valid,valid,valid_pair
48,[H][C@@](O)(COP(O)(=O)OC[C@@]([H])(COC(=O)CCCCCCCCCCCCCCC(C)C)OC(=O)CCCCCCCCCCCCCCCCCCCCC)COP(O)(=O)OC[C@@]([H])(COC(=O)CCCCCCCCCCC(C)C)OC(=O)CCCCCCCCCCCCCC,[H][C@](O)(COP(O)(=O)OC[C@@]([H])(COC(=O)CCCCCCC)OC(=O)CCCCCCCCCCCCCC)COP(O)(=O)OC[C@@]([H])(COC(=O)CCCCCCCCCCCCCCCCCCCC)OC(=O)CCCCCCCCCCCCCCCCCCCCCCCC,valid,valid,valid_pair
49,[H][C@@](O)(COP(O)(=O)OC[C@@]([H])(COC(=O)CCCCCCCCCCCCCCCCCC)OC(=O)CCCCCCCCCCCCCCCCC(C)CC)COP(O)(=O)OC[C@@]([H])(COC(=O)CCCCCCCCCCCCCC)OC(=O)CCCCCCCCCCCCC(C)CC,[H]C(O)(COP(O)(=O)OC[C@@]([H])(COC(=O)CCCCCCCCCCCCCCCCC(C)CC)OC(=O)CCCCCCCCCCCCCCCCC(C)CC)COP(O)(=O)OC[C@@]([H])(COC(=O)CCCCCCCCCCC(C)C)OC(=O)CCCCCCCCCCCCC(C)C,valid,valid,valid_pair
50,[H][C@@](O)(COP(O)(=O)OC[C@@]([H])(COC(=O)CCCCCCCCCCCCCCCCCCCCCC)OC(=O)CCCCCCCCCCCCCCCCCCCCCCC)COP(O)(=O)OC[C@@]([H])(COC(=O)CCCCCCCCCCC(C)CC)OC(=O)CCCCCCCCCCCCCCC,[H][C@@](O)(COP(O)(=O)OC[C@@]([H])(COC(=O)CCCCCCCCCCCCCCCCC(C)C)OC(=O)CCCCCCCCCCCCCCCCCCCCC(C)C)COP(O)(=O)OC[C@@]([H])(COC(=O)CCCCCCCCCCCC(C)C)OC(=O)CCCCCCCCCCCCCCCCCC,valid,valid,valid_pair
51,[H]C(O)(COP(O)(=O)OC[C@@]([H])(COC(=O)CCCCCCCCCC(C)C)OC(=O)CCCCCCCCCCCCCCCCCCCCC(C)C)COP(O)(=O)OC[C@@]([H])(COC(=O)CCCCCCCCC(C)CC)OC(=O)CCCCCCCCCCCCCCCCCCC(C)C,[H][C@@](O)(COP(O)(=O)OC[C@@]([H])(COC(=O)CCCCCCCCCCCCCCCC(C)C)OC(=O)CCCCCCCCCCCCCCCCCCC(C)C)COP(O)(=O)OC[C@@]([H])(COC(=O)CCCCCCCCCCCCC)OC(=O)CCCCCCCCCCCCC(C)CC,valid,valid,valid_pair
52,[H]C(COC(=O)CCCCCC\C=C/C\C=C/C\C=C/CCCCC)(COP(O)(=O)OCCN(C)C)OC(=O)CCCCCCCCC\C=C/C\C=C/CCCCC,[H][C@@](COC(=O)CCCCCCCCCCCCCCCC)(COC(=O)CCCCCCCCCCCCCC(C)C)OC(=O)CCCCCCCCCCCCCC,valid,valid,valid_pair
53,[H][C@](O)(COP(O)(=O)OC[C@@]([H])(COC(=O)CCCCCCC)OC(=O)CCCCCCCCCCCCCCC(C)C)COP(O)(=O)OC[C@@]([H])(COC(=O)CCCCCCCCCCCCCCC(C)C)OC(=O)CCCCCCCCCCCCCCCCCCCCC(C)C,[H][C@@](O)(COP(O)(=O)OC[C@@]([H])(COC(=O)CCCCCCCCCCCCC(C)C)OC(=O)CCCCCCCCCCCCCCCCCCCCCC)COP(O)(=O)OC[C@@]([H])(COC(=O)CCCCCCCCCCCCC)OC(=O)CCCCCCCCCCC(C)CC,valid,valid,valid_pair
54,[H][C@](O)(CO)COP(O)(=O)OC[C@@]([H])(COC(=O)CCCCCCC\C=C/C=C\CCCCCC)OC(=O)CC\C=C/C\C=C/C\C=C/C\C=C/CC1OC1C\C=C/CC,[H][C@@](COC(=O)CCCCCCCCCCCCC(C)CC)(COC(=O)CCCCCCCCC(C)C)OC(=O)CCCCCCCCCCCCCCCCC(C)CC,valid,valid,valid_pair
55,[H][C@@](O)(COP(O)(=O)OC[C@@]([H])(COC(=O)CCCCCCCCCCCCCCCCCC)OC(=O)CCCCCCCCCCCCCCCCCC)COP(O)(=O)OC[C@@]([H])(COC(=O)CCCCCCCCCC(C)C)OC(=O)CCCCCCCCCC(C)C,[H]C(O)(COP(O)(=O)OC[C@@]([H])(COC(=O)CCCCCCCCCC(C)C)OC(=O)CCCCCCCCCCCCCCC(C)C)COP(O)(=O)OC[C@@]([H])(COC(=O)CCCCCCCCCCCCCCCCC(C)CC)OC(=O)CCCCCCCCC(C)C,valid,valid,valid_pair
56,[H][C@](O)(COP(O)(=O)OC[C@@]([H])(COC(=O)CCCCCCC)OC(=O)CCCCCCCCC(C)C)COP(O)(=O)OC[C@@]([H])(COC(=O)CCCCCCCCCCCCCCC)OC(=O)CCCCCCCCCCCCC(C)CC,[H][C@](O)(COP(O)(=O)OC[C@@]([H])(COC(=O)CCCCCCCCC)OC(=O)CCCCCCCCCCCC)COP(O)(=O)OC[C@@]([H])(COC(=O)CCCCCCCCCC(C)C)OC(=O)CCCCCCCCCCCCC(C)CC,valid,valid,valid_pair
57,[H]C(O)(COP(O)(=O)OC[C@@]([H])(COC(=O)CCCCCCCCCCCCCCCCCCC(C)C)OC(=O)CCCCCCCCCCCCC(C)C)COP(O)(=O)OC[C@@]([H])(COC(=O)CCCCCCCCC(C)C)OC(=O)CCCCCCCCCCCCCCCCCCCCC(C)C,[H][C@@](O)(COP(O)(=O)OC[C@@]([H])(COC(=O)CCCCCCCCCCCCCCCCCC(C)C)OC(=O)CCCCCCCCCCCCCCCCCC(C)C)COP(O)(=O)OC[C@@]([H])(COC(=O)CCCCCCCCCCC(C)CC)OC(=O)CCCCCCCCCCCCCCCC,valid,valid,valid_pair
58,[H][C@@](O)(COP(O)(=O)OC[C@@]([H])(COC(=O)CCCCCCCCCCCCC(C)CC)OC(=O)CCCCCCCCCCCC(C)C)COP(O)(=O)OC[C@@]([H])(COC(=O)CCCCCCCCC(C)CC)OC(=O)CCCCCCCCCC(C)C,[H]C(O)(COP(O)(=O)OC[C@@]([H])(COC(=O)CCCCCCCCCC(C)C)OC(=O)CCCCCCCCCCCCCC(C)C)COP(O)(=O)OC[C@@]([H])(COC(=O)CCCCCCCCCC(C)C)OC(=O)CCCCCCCCCCCC(C)C,valid,valid,valid_pair
59,[H][C@@](O)(COP(O)(=O)OC[C@@]([H])(COC(=O)CCCCCCCCCCCCCCC(C)C)OC(=O)CCCCCCCCCCCCCCCCCC)COP(O)(=O)OC[C@@]([H])(COC(=O)CCCCCCCCC(C)CC)OC(=O)CCCCCCCCCCCCCCCCC,[H][C@@](O)(COP(O)(=O)OC[C@@]([H])(COC(=O)CCCCCCCCCCCCCC(C)C)OC(=O)CCCCCCCCCCCCCCCCCCCCCC)COP(O)(=O)OC[C@@]([H])(COC(=O)CCCCCCCCC(C)CC)OC(=O)CCCCCCCCCCC(C)CC,valid,valid,valid_pair
60,[H][C@](O)(COP(O)(=O)OC[C@@]([H])(COC(=O)CCCCCCC)OC(=O)CCCCCCCCCCCCCCC(C)C)COP(O)(=O)OC[C@@]([H])(COC(=O)CCCCCCCCCCCCCCCCCC)OC(=O)CCCCCCCCCCCCCCCCCCC,[H][C@@](O)(COP(O)(=O)OC[C@@]([H])(COC(=O)CCCCCCCCCCCCCCCC)OC(=O)CCCCCCCCCCCCCCCCCC)COP(O)(=O)OC[C@@]([H])(COC(=O)CCCCCCCCCCC(C)C)OC(=O)CCCCCCCCCCCCCC,valid,valid,valid_pair
61,[H][C@@](COC(=O)CCCCCCCCCCCCC)(COC(=O)CCCCCCCCCCC(C)CC)OC(=O)CCCCCCCCCCCCCCCCCC,[H][C@@](COC(=O)CCCCCCCCCCCC)(COC(=O)CCCCCCCCCCCCCCCCCCCCC)OC(=O)CCCCCCCCCCCC,valid,valid,valid_pair
62,[H][C@](O)(COP(O)(=O)OC[C@@]([H])(COC(=O)CCCCCCC)OC(=O)CCCCCCCCCCC(C)CC)COP(O)(=O)OC[C@@]([H])(COC(=O)CCCCCCCCCCCCCCCCCCCC)OC(=O)CCCCCCCCCCCCCCCCCCCCC(C)CC,[H][C@@](O)(COP(O)(=O)OC[C@@]([H])(COC(=O)CCCCCCCCCCCCCCC)OC(=O)CCCCCCC\C=C/CCCCCC)COP(O)(=O)OC[C@@]([H])(COC(=O)CCC\C=C/C\C=C/C\C=C/C\C=C/CCCCC)OC(=O)CCCCCCC\C=C/C=C\CCCCCC,valid,valid,valid_pair
63,[H][C@](O)(COP(O)(=O)OC[C@@]([H])(COC(=O)CCCCCCCCCCC)OC(=O)CCCCCCCCCCCCC)COP(O)(=O)OC[C@@]([H])(COC(=O)CCCCCCCCCCCCCCC(C)C)OC(=O)CCCCCCCCCCCCCCCCCCCC,[H][C@@](O)(COP(O)(=O)OC[C@@]([H])(COC(=O)CCCCCCCCCCCCCCCC)OC(=O)CCCCCCCCCCCCC(C)CC)COP(O)(=O)OC[C@@]([H])(COC(=O)CCCCCCCCCCC(C)CC)OC(=O)CCCCCCCCCCCCCCC,valid,valid,valid_pair
64,[H][C@](COC(=O)CCCCCCCCCCC(C)CC)(COC(=O)CCCCCCCCC(C)CC)OC(=O)CCCCCCCCCCCCCCCCC(C)CC,[H][C@@](COC(=O)CCCCCCC\C=C/CCCCCCCC)(COP(O)(=O)OCCN)OC(=O)CCC\C=C/[C@@H](O)\C=C\C=C/C\C=C/C=C/[C@@H](O)C\C=C/CC,valid,valid,valid_pair
65,[H][C@](O)(COP(O)(=O)OC[C@@]([H])(COC(=O)CCCCCCCCC)OC(=O)CCCCCCCCCCCCC(C)C)COP(O)(=O)OC[C@@]([H])(COC(=O)CCCCCCCCCCCCCCCCCCCCC)OC(=O)CCCCCCCCCCCCCCCCCCCCCC,[H]C(O)(COP(O)(=O)OC[C@@]([H])(COC(=O)CCCCCCCCCCCCCCCCCCC(C)C)OC(=O)CCCCCCCCCCCCCCCCC(C)CC)COP(O)(=O)OC[C@@]([H])(COC(=O)CCCCCCCCCC(C)C)OC(=O)CCCCCCCCCCC(C)CC,valid,valid,valid_pair
66,[H][C@@](O)(COP(O)(=O)OC[C@@]([H])(COC(=O)CCCCCCCCCCCCC(C)CC)OC(=O)CCCCCCCCCCCCCCCCC(C)CC)COP(O)(=O)OC[C@@]([H])(COC(=O)CCCCCCCCC(C)CC)OC(=O)CCCCCCCCCCCCC,[H][C@](O)(COP(O)(=O)OC[C@@]([H])(COC(=O)CCCCCCCCC(C)C)OC(=O)CCCCCCCCCCCCCCCCCCCCC(C)CC)COP(O)(=O)OC[C@@]([H])(COC(=O)CCCCCCCCC(C)CC)OC(=O)CCCCCCCCCCCC(C)C,valid,valid,valid_pair
67,CCCCCCCCCCCCC\C=C\[C@@H](O)[C@H](CO[C@@H]1O[C@H](CO)[C@@H](O[C@@H]2O[C@H](CO)[C@H](O[C@@H]3O[C@H](CO)[C@H](O)[C@H](O)[C@H]3NC(C)=O)[C@H](O[C@]3(CC([C@H](O)[C@H](O)CO)[C@H](NC(C)=O)[C@@H](O)O3)C(O)=O)[C@H]2O)[C@H](O)[C@H]1O)NC(=O)CCCCCCC\C=C/CCCCCCCC,[H][C@](O)(COP(O)(=O)OC[C@@]([H])(COC(=O)CCCCCCCCCC)OC(=O)CCCCCCCCCCCCC(C)CC)COP(O)(=O)OC[C@@]([H])(COC(=O)CCCCCCCCCCCCCC(C)C)OC(=O)CCCCCCCCCCCCCCCCCCCC,valid,valid,valid_pair
68,[H][C@@](COC(=O)CCCCCCCCCCCCCCCCCCC(C)C)(COC(=O)CCCCCCCCCCCCCCC(C)C)OC(=O)CCCCCCCCCCCCCC,[H][C@@](COC(=O)CCCCCCCCCCC)(COC(=O)CCCCCCCCCCCCCCCCCCCCC(C)CC)OC(=O)CCCCCCCCCCCCCCC(C)C,valid,valid,valid_pair
69,[H][C@](O)(COP(O)(=O)OC[C@@]([H])(COC(=O)CCCCCCCCC)OC(=O)CCCCCCCCCCCCCCCCCCC)COP(O)(=O)OC[C@@]([H])(COC(=O)CCCCCCCCCCCCCCCCCCCC)OC(=O)CCCCCCCCCCCCCCCCCCCCC(C)C,[H][C@@](O)(COP(O)(=O)OC[C@@]([H])(COC(=O)CCCCCCCCCCCCCCCCCCCCCC)OC(=O)CCCCCCCCCCCCCCCCCCCCC(C)C)COP(O)(=O)OC[C@@]([H])(COC(=O)CCCCCCCCCCCCC)OC(=O)CCCCCCCCCCC(C)C,valid,valid,valid_pair
70,[H][C@](O)(COP(O)(=O)OC[C@@]([H])(COC(=O)CCCCCCCCCC)OC(=O)CCCCCCCCCCCCCCC(C)C)COP(O)(=O)OC[C@@]([H])(COC(=O)CCCCCCCCCCCCCCCC(C)C)OC(=O)CCCCCCCCCCCCCCCCCCCCCCCC,[H][C@@](O)(COP(O)(=O)OC[C@@]([H])(COC(=O)CCCCCCCCCCCCCCCC(C)C)OC(=O)CCCCCCCCCCCCCCCCC(C)C)COP(O)(=O)OC[C@@]([H])(COC(=O)CCCCCCCCCCCC(C)C)OC(=O)CCCCCCCCCCCCCCCCCC,valid,valid,valid_pair
71,[H][C@@](COC(=O)CCCCCCCC1OC1C\C=C/CCCCC)(COP([O-])(=O)OCC[N+](C)(C)C)OC(=O)CCC\C=C/C\C=C/C\C=C/CCCCCCCC,[H][C@](O)(CO)COP(O)(=O)OC[C@@]([H])(COC(=O)CCCCCCCCCCCCCC(C)C)OC(=O)CCC(O)\C=C/C=C\C\C=C/C\C=C/C\C=C/C\C=C/CC,valid,valid,valid_pair
72,[H][C@@](O)(COP(O)(=O)OC[C@@]([H])(COC(=O)CCCCCCCCCCCCCCCCC(C)CC)OC(=O)CCCCCCCCCCCCCCCCCCCCC(C)C)COP(O)(=O)OC[C@@]([H])(COC(=O)CCCCCCCCC(C)CC)OC(=O)CCCCCCCCC(C)CC,[H][C@@](O)(COP(O)(=O)OC[C@@]([H])(COC(=O)CCCCCCCCCCCCCCCCC(C)C)OC(=O)CCCCCCCCCCCCCCCCCCCC)COP(O)(=O)OC[C@@]([H])(COC(=O)CCCCCCCCC(C)C)OC(=O)CCCCCCCCCCCCCCC(C)C,valid,valid,valid_pair
73,[H][C@@](O)(COP(O)(=O)OC[C@@]([H])(COC(=O)CCCCCCCCCCCCCC(C)C)OC(=O)CCCCCCCCCCCCCCCCCC)COP(O)(=O)OC[C@@]([H])(COC(=O)CCCCCCCCCCCCCC)OC(=O)CCCCCCCCCCCC(C)C,[H]C(O)(COP(O)(=O)OC[C@@]([H])(COC(=O)CCCCCCCCCCCCC(C)C)OC(=O)CCCCCCCCCCCCC(C)CC)COP(O)(=O)OC[C@@]([H])(COC(=O)CCCCCCCCCC(C)C)OC(=O)CCCCCCCCCCCCCCCCC(C)C,valid,valid,valid_pair
74,[H][C@](O)(COP(O)(=O)OC[C@@]([H])(COC(=O)CCCCCCCCCCC)OC(=O)CCCCCCCCCCCCC)COP(O)(=O)OC[C@@]([H])(COC(=O)CCCCCCCCCCCCCC)OC(=O)CCCCCCCCCCCCCCCCCC,[H]C(O)(COP(O)(=O)OC[C@@]([H])(COC(=O)CCCCCCCCC(C)CC)OC(=O)CCCCCCCCCCCCCCCCCC(C)C)COP(O)(=O)OC[C@@]([H])(COC(=O)CCCCCCCCCC(C)C)OC(=O)CCCCCCCCC(C)CC,valid,valid,valid_pair
75,[H][C@@](O)(COP(O)(=O)OC[C@@]([H])(COC(=O)CCCCCCCCCCCC(C)C)OC(=O)CCCCCCCCCCCCCCCC)COP(O)(=O)OC[C@@]([H])(COC(=O)CCCCCCCCCC(C)C)OC(=O)CCCCCCCCCC(C)C,[H][C@](O)(COP(O)(=O)OC[C@@]([H])(COC(=O)CCCCCCC)OC(=O)CCCCCCCCCCCCC)COP(O)(=O)OC[C@@]([H])(COC(=O)CCCCCCCCCCC(C)C)OC(=O)CCCCCCCCCCCCCCCCCCC(C)C,valid,valid,valid_pair
76,[H][C@](O)(COP(O)(=O)OC[C@@]([H])(COC(=O)CCCCCCCCCCC)OC(=O)CCCCCCCCCCCCC(C)CC)COP(O)(=O)OC[C@@]([H])(COC(=O)CCCCCCCCCCCCC(C)CC)OC(=O)CCCCCCCCCCCCC(C)CC,[H][C@](O)(COP(O)(=O)OC[C@@]([H])(COC(=O)CCCCCCCCC)OC(=O)CCCCCCCCCCCC(C)C)COP(O)(=O)OC[C@@]([H])(COC(=O)CCCCCCCCCCCCCCCC(C)C)OC(=O)CCCCCCCCCCCCCCCC(C)C,valid,valid,valid_pair
77,[H][C@@](COC(=O)CCCCCCC)(COC(=O)CCCCCCCCCCCCCCCCCCCCC(C)C)OC(=O)CCCCCCCCCCCCCC(C)C,[H][C@](COC(=O)CCCCCCCCCCCCCC(C)C)(COC(=O)CCCCCCCCCCCC(C)C)OC(=O)CCCCCCCCCCCCC(C)CC,valid,valid,valid_pair
78,[H][C@](O)(COP(O)(=O)OC[C@@]([H])(COC(=O)CCCCCCCCCCCC)OC(=O)CCCCCCCCCCCCC)COP(O)(=O)OC[C@@]([H])(COC(=O)CCCCCCCCCCCCC)OC(=O)CCCCCCCCCCCCCCCCC(C)CC,[H][C@](O)(COP(O)(=O)OC[C@@]([H])(COC(=O)CCCCCCCCCC)OC(=O)CCCCCCCCCCCC)COP(O)(=O)OC[C@@]([H])(COC(=O)CCCCCCCCC(C)CC)OC(=O)CCCCCCCCCCCCCCCCCCCCCCCC,valid,valid,valid_pair
79,[H][C@@](O)(COP(O)(=O)OC[C@@]([H])(COC(=O)CCCCCCCCCCCCCCCCCC)OC(=O)CCCCCCCCCCCCCCCCC(C)CC)COP(O)(=O)OC[C@@]([H])(COC(=O)CCCCCCCCCCC(C)CC)OC(=O)CCCCCCCCCCCCCCC,[H][C@@](O)(COP(O)(=O)OC[C@@]([H])(COC(=O)CCCCCCCCCCCCCCCCCC(C)C)OC(=O)CCCCCCCCCCCCCCCCCCCCCC)COP(O)(=O)OC[C@@]([H])(COC(=O)CCCCCCCCC(C)C)OC(=O)CCCCCCCCCCCCCC,valid,valid,valid_pair
80,[H]C(O)(COP(O)(=O)OC[C@@]([H])(COC(=O)CCCCCCCCCC(C)C)OC(=O)CCCCCCCCCCCCCCCCCC(C)C)COP(O)(=O)OC[C@@]([H])(COC(=O)CCCCCCCCCCCCCC(C)C)OC(=O)CCCCCCCCC(C)C,[H]C(O)(COP(O)(=O)OC[C@@]([H])(COC(=O)CCCCCCCCCC(C)C)OC(=O)CCCCCCCCCCCCCCCCC(C)CC)COP(O)(=O)OC[C@@]([H])(COC(=O)CCCCCCCCCC(C)C)OC(=O)CCCCCCCCCCCCC(C)C,valid,valid,valid_pair
81,[H]C(O)(COP(O)(=O)OC[C@@]([H])(COC(=O)CCCCCCCCCCCCCCCCC(C)C)OC(=O)CCCCCCCCCCCCCCCCCCCCC(C)C)COP(O)(=O)OC[C@@]([H])(COC(=O)CCCCCCCCC(C)C)OC(=O)CCCCCCCCCCCCCCCCC(C)C,[H][C@](O)(COP(O)(=O)OC[C@@]([H])(COC(=O)CCCCCCCCCCCC)OC(=O)CCCCCCCCCCCCC(C)CC)COP(O)(=O)OC[C@@]([H])(COC(=O)CCCCCCCCCCCCCCCCCCCCCC)OC(=O)CCCCCCCCCCCCCCCCCCCCCC,valid,valid,valid_pair
82,[H][C@](O)(COP(O)(=O)OC[C@@]([H])(COC(=O)CCCCCCCCCCCC)OC(=O)CCCCCCCCCCCCCCCC)COP(O)(=O)OC[C@@]([H])(COC(=O)CCCCCCCCCCCCCCC(C)C)OC(=O)CCCCCCCCCCCCCCCCCCCC,[H][C@@](O)(COP(O)(=O)OC[C@@]([H])(COC(=O)CCCCCCCCCCCCCCCC)OC(=O)CCCCCCCCCCCCCCCCC(C)C)COP(O)(=O)OC[C@@]([H])(COC(=O)CCCCCCCCCCCCC(C)C)OC(=O)CCCCCCCCCCCCC(C)C,valid,valid,valid_pair
83,[H][C@](COC(=O)CCCCCCCCC)(COC(=O)CCCCCCCCC(C)CC)OC(=O)CCCCCCCCCCCCCCCCCCCCC(C)CC,[H][C@](COC(=O)CCCCCCCCCCCCCCC)(COC(=O)CCCCCCCCCCCCCCCCCCCCC)OC(=O)CCCCCCCCC,valid,valid,valid_pair
84,[H][C@](O)(COP(O)(=O)OC[C@@]([H])(COC(=O)CCCCCCCCC(C)CC)OC(=O)CCCCCCCCCCCCCCCCCC(C)C)COP(O)(=O)OC[C@@]([H])(COC(=O)CCCCCCCCCCCC(C)C)OC(=O)CCCCCCCCC(C)CC,[H]C(O)(COP(O)(=O)OC[C@@]([H])(COC(=O)CCCCCCCCCCCCCC(C)C)OC(=O)CCCCCCCCCCCCCCCC(C)C)COP(O)(=O)OC[C@@]([H])(COC(=O)CCCCCCCCCC(C)C)OC(=O)CCCCCCCCCC(C)C,valid,valid,valid_pair
85,[H]C(O)(COP(O)(=O)OC[C@@]([H])(COC(=O)CCCCCCCCCCCCCCCCCCCCC(C)CC)OC(=O)CCCCCCCCCC(C)C)COP(O)(=O)OC[C@@]([H])(COC(=O)CCCCCCCCCCC(C)C)OC(=O)CCCCCCCCC(C)CC,[H][C@@](O)(COP(O)(=O)OC[C@@]([H])(COC(=O)CCCCCCCCCCCCCCCCC(C)C)OC(=O)CCCCCCCCCCC(C)CC)COP(O)(=O)OC[C@@]([H])(COC(=O)CCCCCCCCC(C)CC)OC(=O)CCCCCCCCCCCCCC(C)C,valid,valid,valid_pair
86,[H][C@@](O)(COP(O)(=O)OC[C@@]([H])(COC(=O)CCCCCCCCCCCCCCCCCCCC)OC(=O)CCCCCCCCCCCCCCCCCCCC)COP(O)(=O)OC[C@@]([H])(COC(=O)CCCCCCCCCCCCCC)OC(=O)CCCCCCCCCCCC(C)C,[H]C(O)(COP(O)(=O)OC[C@@]([H])(COC(=O)CCCCCCCCCCCCCCCCCCCCC(C)CC)OC(=O)CCCCCCCCCCCCCCCCC(C)C)COP(O)(=O)OC[C@@]([H])(COC(=O)CCCCCCCCCCC(C)C)OC(=O)CCCCCCCCCC(C)C,valid,valid,valid_pair
87,[H][C@](COC(=O)CCCCCCCCCCC\C=C/C\C=C/CCCCC)(COC(=O)CCCCCCC\C=C/C\C=C/C\C=C/CC)OC(=O)CCCCCCC\C=C/C\C=C/CCCCC,[H][C@](COC(=O)CCCCCCCCCCCCCCCCCCCC)(COC(=O)CCCCCCCCCCCCC(C)C)OC(=O)CCCCCCCCCCCCCCCCC(C)C,valid,valid,valid_pair
88,[H][C@](COC(=O)CCCCCCCCC\C=C/CCCCCCCC)(COC(=O)CCCCCC\C=C/C\C=C/C\C=C/C\C=C/CC)OC(=O)CCCCCCC\C=C/C\C=C/CCCCC,[H][C@@](COC(=O)CCCCCCCCCCCCCCCCCC)(COC(=O)CCCCCCCCCCCCCCCCC(C)CC)OC(=O)CCCCCCCCCCCCCCCC,valid,valid,valid_pair
89,[H]C(O)(COP(O)(=O)OC[C@@]([H])(COC(=O)CCCCCCCCCCCCCCCCC(C)C)OC(=O)CCCCCCCCCCCCCCCC(C)C)COP(O)(=O)OC[C@@]([H])(COC(=O)CCCCCCCCCCC(C)C)OC(=O)CCCCCCCCC(C)C,[H][C@@](O)(COP(O)(=O)OC[C@@]([H])(COC(=O)CCCCCCCCCCCCCC)OC(=O)CCCCCCCCCCCCCCCCCCCCC(C)CC)COP(O)(=O)OC[C@@]([H])(COC(=O)CCCCCCCCC(C)C)OC(=O)CCCCCCCCCC(C)C,valid,valid,valid_pair
90,[H][C@@](O)(COP(O)(=O)OC[C@@]([H])(COC(=O)CCCCCCCCCCCCCCCCC)OC(=O)CCCCCCCCCCCCCCCCCCC(C)C)COP(O)(=O)OC[C@@]([H])(COC(=O)CCCCCCCCCCCC(C)C)OC(=O)CCCCCCCCCCCCCCCCC,[H][C@@](O)(COP(O)(=O)OC[C@@]([H])(COC(=O)CCCCCCCCCCCCCCCCCCCCC(C)CC)OC(=O)CCCCCCCCCCCCC(C)C)COP(O)(=O)OC[C@@]([H])(COC(=O)CCCCCCCCC(C)C)OC(=O)CCCCCCCCCCCCCCCCC(C)C,valid,valid,valid_pair
91,[H][C@@](O)(COP(O)(=O)OC[C@@]([H])(COC(=O)CCCCCCCCCCCCCCCCC(C)C)OC(=O)CCCCCCCCCCCCCCCCCCCCC(C)C)COP(O)(=O)OC[C@@]([H])(COC(=O)CCCCCCCCCCCC(C)C)OC(=O)CCCCCCCCCCCCCCCCC,[H]C(O)(COP(O)(=O)OC[C@@]([H])(COC(=O)CCCCCCCCCCCCCCCCCCCCC(C)CC)OC(=O)CCCCCCCCCCCCCCCC(C)C)COP(O)(=O)OC[C@@]([H])(COC(=O)CCCCCCCCC(C)C)OC(=O)CCCCCCCCCCCCCCCCCC(C)C,valid,valid,valid_pair
92,[H][C@@](O)(COP(O)(=O)OC[C@@]([H])(COC(=O)CCCCCCCCCCCCCCCCC(C)C)OC(=O)CCCCCCCCCCCCCCCCCCCC)COP(O)(=O)OC[C@@]([H])(COC(=O)CCCCCCCCCCC)OC(=O)CCCCCCCCCCC(C)CC,[H][C@](O)(COP(O)(=O)OC[C@@]([H])(COC(=O)CCCCCCCCCCCCC)OC(=O)CCCCCCCCCCCCC)COP(O)(=O)OC[C@@]([H])(COC(=O)CCCCCCCCCCCCCC(C)C)OC(=O)CCCCCCCCCCCCCCCCCCCCCC,valid,valid,valid_pair
93,[H][C@@](O)(COP(O)(=O)OC[C@@]([H])(COC(=O)CCCCCCCCCCCCCCCCC)OC(=O)CCCCCCCCCCCCCCCCCCCC)COP(O)(=O)OC[C@@]([H])(COC(=O)CCCCCCCCCCCCC)OC(=O)CCCCCCCCCCCCC(C)C,[H][C@](O)(COP(O)(=O)OC[C@@]([H])(COC(=O)CCCCCCCCCC)OC(=O)CCCCCCCCCCCCCCC)COP(O)(=O)OC[C@@]([H])(COC(=O)CCCCCCCCCCCCC(C)CC)OC(=O)CCCCCCCCCCCCCCCCCCCCC(C)CC,valid,valid,valid_pair
94,[H][C@](O)(COP(O)(=O)OC[C@@]([H])(COC(=O)CCCCCCCCCC)OC(=O)CCCCCCCCCCCCCC)COP(O)(=O)OC[C@@]([H])(COC(=O)CCCCCCCCCCCCCCC)OC(=O)CCCCCCCCCCCCCCCCC(C)C,[H][C@@](O)(COP(O)(=O)OC[C@@]([H])(COC(=O)CCCCCCCCC(C)C)OC(=O)CCCCCCCCCCCCCCCCCCCCC(C)CC)COP(O)(=O)OC[C@@]([H])(COC(=O)CCCCCCCCC(C)C)OC(=O)CCCCCCCCC(C)CC,valid,valid,valid_pair
95,[H][C@](O)(COP(O)(=O)OC[C@@]([H])(COC(=O)CCCCCCCCC)OC(=O)CCCCCCCCCCC(C)C)COP(O)(=O)OC[C@@]([H])(COC(=O)CCCCCCCCCCC(C)CC)OC(=O)CCCCCCCCCCCCCCCCCCC(C)C,[H][C@@](O)(COP(O)(=O)OC[C@@]([H])(COC(=O)CCCCCCCCCCCCC(C)C)OC(=O)CCCCCCCCCCCCCCCCCC)COP(O)(=O)OC[C@@]([H])(COC(=O)CCCCCCCCCCC)OC(=O)CCCCCCCCCCC(C)C,valid,valid,valid_pair
96,[H][C@@](O)(COP(O)(=O)OC[C@@]([H])(COC(=O)CCCCCCCCCCCCCCCCC(C)CC)OC(=O)CCCCCCCCCCCCC(C)CC)COP(O)(=O)OC[C@@]([H])(COC(=O)CCCCCCCCC(C)CC)OC(=O)CCCCCCCCC(C)C,[H][C@@](O)(COP(O)(=O)OC[C@@]([H])(COC(=O)CCCCCCCCCCCCCCC)OC(=O)CCCCCCCCCCCCCCCCCCCC)COP(O)(=O)OC[C@@]([H])(COC(=O)CCCCCCCCCC(C)C)OC(=O)CCCCCCCCCC(C)C,valid,valid,valid_pair
97,[H][C@@](O)(COP(O)(=O)OC[C@@]([H])(COC(=O)CCCCCCCCCCCCCCCC(C)C)OC(=O)CCCCCCCCCCCCCCCC(C)C)COP(O)(=O)OC[C@@]([H])(COC(=O)CCCCCCCCCCC)OC(=O)CCCCCCCCCCC(C)CC,[H][C@@](O)(COP(O)(=O)OC[C@@]([H])(COC(=O)CCCCCCCCCCC(C)CC)OC(=O)CCCCCCCCCCCCCCCCCCCCCCC)COP(O)(=O)OC[C@@]([H])(COC(=O)CCCCCCCCC(C)C)OC(=O)CCCCCCCCCCC(C)C,valid,valid,valid_pair
98,[H]C(COC(=O)CCC\C=C/C\C=C/C\C=C/C\C=C/C\C=C/CC)(COP(O)(=O)OCCN(C)C)OC(=O)CCCCCCCCCCCCCCCCCCCCC,[H][C@](COC(=O)CCCCCCCCCCCCCCCCCC(C)C)(COC(=O)CCCCCCCCCCCCCC(C)C)OC(=O)CCCCCCCCCCCC,valid,valid,valid_pair
99,[H][C@](COC(=O)CCCCCCCCCCCCC(C)C)(COC(=O)CCCCCCCCCCCCC(C)CC)OC(=O)CCCCCCCCCCCCCCCCC(C)C,[H][C@](COC(=O)CCCCCCCCCCCCCCC)(COC(=O)CCCCCCCCCCCCCC(C)C)OC(=O)CCCCCCCCCCCCCCCCC(C)C,valid,valid,valid_pair
100,[H][C@](CO)(COC(=O)CCCC\C=C/C\C=C/C\C=C/C\C=C/CC)OC(=O)CCCCCC\C=C/C\C=C/C\C=C/CCCCC,[H][C@](CO)(COC(=O)CCC\C=C/C\C=C/C\C=C/CCCCCCCC)OC(=O)CCCC\C=C/C\C=C/C\C=C/C\C=C/CC,valid,valid,valid_pair
101,[H][C@@](O)(COP(O)(=O)OC[C@@]([H])(COC(=O)CCCCCCCCCCC(C)CC)OC(=O)CCCCCCCCCCCC(C)C)COP(O)(=O)OC[C@@]([H])(COC(=O)CCCCCCCCC(C)C)OC(=O)CCCCCCCCCCC(C)CC,[H][C@](O)(COP(O)(=O)OC[C@@]([H])(COC(=O)CCCCCCCCC(C)CC)OC(=O)CCCCCCCCCCCCCC(C)C)COP(O)(=O)OC[C@@]([H])(COC(=O)CCCCCCCCCCCC(C)C)OC(=O)CCCCCCCCC(C)C,valid,valid,valid_pair
102,[H][C@](O)(COP(O)(=O)OC[C@@]([H])(COC(=O)CCCCCCC)OC(=O)CCCCCCCCCCCCCCCCC)COP(O)(=O)OC[C@@]([H])(COC(=O)CCCCCCCCCCCCCCCCC(C)C)OC(=O)CCCCCCCCCCCCCCCCC(C)C,[H][C@](O)(COP(O)(=O)OC[C@@]([H])(COC(=O)CCCCCCC)OC(=O)CCCCCCCCCCCCCCC)COP(O)(=O)OC[C@@]([H])(COC(=O)CCCCCCCCCCCCCC(C)C)OC(=O)CCCCCCCCCCCCCCCCCCCCCCCC,valid,valid,valid_pair
103,[H][C@@](O)(COP(O)(=O)OC[C@@]([H])(COC(=O)CCCCCCCCCCCCCCCCCCC(C)C)OC(=O)CCCCCCCCCCCCCCCCCCCCCCCC)COP(O)(=O)OC[C@@]([H])(COC(=O)CCCCCCCCC(C)C)OC(=O)CCCCCCCCCCCCCCC(C)C,[H][C@](O)(COP(O)(=O)OC[C@@]([H])(COC(=O)CCCCCCCCCC)OC(=O)CCCCCCCCCCCCCCCCCC)COP(O)(=O)OC[C@@]([H])(COC(=O)CCCCCCCCCCCCCCCCCCC(C)C)OC(=O)CCCCCCCCCCCCCCCCCCCCC(C)CC,valid,valid,valid_pair
104,[H][C@@](COC(=O)CCCCCCCCCCCCCCCCCCCCC)(COC(=O)CCCCCCCCCCCCCC(C)C)OC(=O)CCCCCCCCCCCCCCCCC,[H][C@](COC(=O)CCCCCCCCCCCCCCCCC(C)CC)(COC(=O)CCCCCCCCC(C)C)OC(=O)CCCCCCCCCCCCCCCCCCCCC(C)C,valid,valid,valid_pair
105,[H][C@](O)(COP(O)(=O)OC[C@@]([H])(COC(=O)CCCCCCCCC)OC(=O)CCCCCCCCCCCC(C)C)COP(O)(=O)OC[C@@]([H])(COC(=O)CCCCCCCCCCCCCCCCCCC(C)C)OC(=O)CCCCCCCCCCCCCCCCCCCCCCC,[H][C@@](O)(COP(O)(=O)OC[C@@]([H])(COC(=O)CCCCCCCCCCCCCCCCCCCC)OC(=O)CCCCCCCCCCCCCCCCC(C)CC)COP(O)(=O)OC[C@@]([H])(COC(=O)CCCCCCCCCC(C)C)OC(=O)CCCCCCCCCCCCC(C)C,valid,valid,valid_pair
106,[H][C@](O)(COP(O)(=O)OC[C@@]([H])(COC(=O)CCCCCCC)OC(=O)CCCCCCCCCCC(C)C)COP(O)(=O)OC[C@@]([H])(COC(=O)CCCCCCCCCCCCCCCCCCCCCC)OC(=O)CCCCCCCCCCCCCCCCCCCCCCC,[H][C@](O)(COP(O)(=O)OC[C@@]([H])(COC(=O)CCCCCCCCCCC)OC(=O)CCCCCCCCCCC)COP(O)(=O)OC[C@@]([H])(COC(=O)CCCCCCCCCCCCCCCCC(C)C)OC(=O)CCCCCCCCCCCCCCCCCCCCCCCC,valid,valid,valid_pair
107,[H][C@](O)(COP(O)(=O)OC[C@@]([H])(COC(=O)CCCCCCCCC)OC(=O)CCCCCCCCCCCC(C)C)COP(O)(=O)OC[C@@]([H])(COC(=O)CCCCCCCCCCCCCCCCCCCCCC)OC(=O)CCCCCCCCCCCCCCCCCCCCCCC,[H][C@@](O)(COP(O)(=O)OC[C@@]([H])(COC(=O)CCCCCCCCCCCCCCCCCC)OC(=O)CCCCCCCCCCCCCCCC(C)C)COP(O)(=O)OC[C@@]([H])(COC(=O)CCCCCCCCCCCC(C)C)OC(=O)CCCCCCCCCCCCCCCCCC,valid,valid,valid_pair
108,[H][C@](O)(COP(O)(=O)OC[C@@]([H])(COC(=O)CCCCCCCCC)OC(=O)CCCCCCCCCCCCC(C)C)COP(O)(=O)OC[C@@]([H])(COC(=O)CCCCCCCCCCCCCCC(C)C)OC(=O)CCCCCCCCCCCCCCCCCCCCCCCC,[H]C(O)(COP(O)(=O)OC[C@@]([H])(COC(=O)CCCCCCCCCCCCCC(C)C)OC(=O)CCCCCCCCCCCCCCCCCC(C)C)COP(O)(=O)OC[C@@]([H])(COC(=O)CCCCCCCCCCC(C)C)OC(=O)CCCCCCCCCCCCC(C)CC,valid,valid,valid_pair
109,[H][C@](O)(COP(O)(=O)OC[C@@]([H])(COC(=O)CCCCCCCCC)OC(=O)CCCCCCCCCCCC)COP(O)(=O)OC[C@@]([H])(COC(=O)CCCCCCCCCCCCCCCCCCCCCC)OC(=O)CCCCCCCCCCCCCCCCCCCCC(C)CC,[H][C@](O)(COP(O)(=O)OC[C@@]([H])(COC(=O)CCCCCCCCCCC)OC(=O)CCCCCCCCCCCCCC)COP(O)(=O)OC[C@@]([H])(COC(=O)CCCCCCCCCCCCCCCC(C)C)OC(=O)CCCCCCCCCCCCCCCCCCCCCCCC,valid,valid,valid_pair
110,[H][C@](COC(=O)CCCCC\C=C/C\C=C/C\C=C/C\C=C/CCCCC)(COC(=O)CCC\C=C/C\C=C/C\C=C/C\C=C/C\C=C/CC)OC(=O)CCCCC\C=C/C\C=C/C\C=C/C\C=C/C\C=C/CC,[H][C@@](COC(=O)CCC\C=C/C\C=C/CC1OC1C\C=C/CCCCC)(COP(O)(=O)OP(O)(=O)OC[C@H]1O[C@H]([C@H](O)[C@@H]1O)N1C=CC(N)=NC1=O)OC(=O)CCCCCCCCCCC(C)CC,valid,valid,valid_pair
111,[H][C@@](O)(COP(O)(=O)OC[C@@]([H])(COC(=O)CCCCCCCCCCCCCCCCC(C)CC)OC(=O)CCCCCCCCCCCCCC(C)C)COP(O)(=O)OC[C@@]([H])(COC(=O)CCCCCCCCC(C)CC)OC(=O)CCCCCCCCCCC(C)C,[H][C@@](O)(COP(O)(=O)OC[C@@]([H])(COC(=O)CCCCCCCCCCC(C)CC)OC(=O)CCCCCCCCCC(C)C)COP(O)(=O)OC[C@@]([H])(COC(=O)CCCCCCCCC(C)C)OC(=O)CCCCCCCCCCCCCCCCCCCCC(C)CC,valid,valid,valid_pair
112,[H][C@@](O)(COP(O)(=O)OC[C@@]([H])(COC(=O)CCCCCCCCCCCCCCCCC(C)C)OC(=O)CCCCCCCCCCCCCCCCCCCCCCCC)COP(O)(=O)OC[C@@]([H])(COC(=O)CCCCCCCCC(C)C)OC(=O)CCCCCCCCCCC(C)CC,[H][C@@](O)(COP(O)(=O)OC[C@@]([H])(COC(=O)CCCCCCCCCCCCCCCCC(C)C)OC(=O)CCCCCCCCCCCCCCCCCC(C)C)COP(O)(=O)OC[C@@]([H])(COC(=O)CCCCCCCCC(C)C)OC(=O)CCCCCCCCCCCCCCCCCC,valid,valid,valid_pair
113,[H][C@](COC(=O)CCCCCCCCCCCCCC)(COC(=O)CCCCCCCCCCCCCCC)OC(=O)CCCCCCCCCCCCCCCCCCCCC(C)C,[H][C@@](COC(=O)CCCCCCCCCCCCCCCCC)(COC(=O)CCCCCCCCCCCCCCC(C)C)OC(=O)CCCCCCCCCCCCCCCC(C)C,valid,valid,valid_pair
114,[H][C@@](O)(COP(O)(=O)OC[C@@]([H])(COC(=O)CCCCCCCCCCCCCCCC)OC(=O)CCCCCCCCCCCCCCCCCCCCC(C)C)COP(O)(=O)OC[C@@]([H])(COC(=O)CCCCCCCCC(C)C)OC(=O)CCCCCCCCCCCCC,[H]C(O)(COP(O)(=O)OC[C@@]([H])(COC(=O)CCCCCCCCCCCC(C)C)OC(=O)CCCCCCCCCCCCCCCCCCCCC(C)C)COP(O)(=O)OC[C@@]([H])(COC(=O)CCCCCCCCCC(C)C)OC(=O)CCCCCCCCCCC(C)CC,valid,valid,valid_pair
115,[H][C@](O)(COP(O)(=O)OC[C@@]([H])(COC(=O)CCCCCCCCCCCCCC)OC(=O)CCCCCCCCCCCCCC)COP(O)(=O)OC[C@@]([H])(COC(=O)CCCCCCC\C=C/C=C\CCCCCC)OC(=O)CCCCCCCCCCCCCCCCC(C)CC,[H][C@](O)(COP(O)(=O)OC[C@@]([H])(COC(=O)CCCCCCCCCC(C)C)OC(=O)CCCCCCCCCCCCCCCC)COP(O)(=O)OC[C@@]([H])(COC(=O)CCCCCCC\C=C/C=C\CCCCCC)OC(=O)CCCCCCCCCCCCCCCCCCCC,valid,valid,valid_pair
116,[H]C(O)(COP(O)(=O)OC[C@@]([H])(COC(=O)CCCCCCCCCCCCCCCCCC(C)C)OC(=O)CCCCCCCCCCCCCCCCC(C)C)COP(O)(=O)OC[C@@]([H])(COC(=O)CCCCCCCCCC(C)C)OC(=O)CCCCCCCCCCC(C)C,[H][C@@](O)(COP(O)(=O)OC[C@@]([H])(COC(=O)CCCCCCCCCCCCCCC)OC(=O)CCCCCCCCCCCCCCCCCCC(C)C)COP(O)(=O)OC[C@@]([H])(COC(=O)CCCCCCCCCCC(C)CC)OC(=O)CCCCCCCCCCCC(C)C,valid,valid,valid_pair
117,[H][C@@](O)(COP(O)(=O)OC[C@@]([H])(COC(=O)CCCCCCCCCCCCCCCCC(C)C)OC(=O)CCCCCCCCCCCCCCCCCCCCC(C)C)COP(O)(=O)OC[C@@]([H])(COC(=O)CCCCCCCCCCC(C)CC)OC(=O)CCCCCCCCCCCCCCCCCC,[H][C@@](O)(COP(O)(=O)OC[C@@]([H])(COC(=O)CCCCCCCCCCCCCCCCCCCCC)OC(=O)CCCCCCCCCCCCCCCCCCCCC(C)CC)COP(O)(=O)OC[C@@]([H])(COC(=O)CCCCCCCCCC(C)C)OC(=O)CCCCCCCCCCCCCCCCC,valid,valid,valid_pair
118,[H][C@](O)(COP(O)(=O)OC[C@@]([H])(COC(=O)CCCCCCCCC)OC(=O)CCCCCCCCCCCCCCCCC(C)C)COP(O)(=O)OC[C@@]([H])(COC(=O)CCCCCCCCCCCCCCCCC(C)CC)OC(=O)CCCCCCCCCCCCCCCCCCCCCCCC,[H]C(O)(COP(O)(=O)OC[C@@]([H])(COC(=O)CCCCCCCCCCCCCCCC(C)C)OC(=O)CCCCCCCCCCCCCCCCCCCCC(C)CC)COP(O)(=O)OC[C@@]([H])(COC(=O)CCCCCCCCCC(C)C)OC(=O)CCCCCCCCCCCCCCCC(C)C,valid,valid,valid_pair
119,[H][C@@](O)(COP(O)(=O)OC[C@@]([H])(COC(=O)CCCCCCCCC(C)CC)OC(=O)CCCCCCCCCCCCCCCCCCCCC(C)CC)COP(O)(=O)OC[C@@]([H])(COC(=O)CCCCCCCCC(C)C)OC(=O)CCCCCCCCCC(C)C,[H][C@@](O)(COP(O)(=O)OC[C@@]([H])(COC(=O)CCCCCCCCCCCCCC)OC(=O)CCCCCCCCCCCCCCCCCC(C)C)COP(O)(=O)OC[C@@]([H])(COC(=O)CCCCCCCCC(C)C)OC(=O)CCCCCCCCCCCCCC,valid,valid,valid_pair
120,[H][C@](COC(=O)CCCCCCCCCCCCC)(COC(=O)CCCCC\C=C/C\C=C/C\C=C/C\C=C/CCCCC)OC(=O)CCCCCCCCCCCCCCCCC,[H][C@](COC(=O)CCCCCCCCCCCCCCCCCCC)(COC(=O)CCC\C=C/C\C=C/C\C=C/CCCCCCCC)OC(=O)CCCCCCC\C=C/CCCC,valid,valid,valid_pair
121,[H][C@@](O)(COP(O)(=O)OC[C@@]([H])(COC(=O)CCCCCCCCCCC(C)CC)OC(=O)CCCCCCCCCCCCCCCCCCCCC)COP(O)(=O)OC[C@@]([H])(COC(=O)CCCCCCCCCC(C)C)OC(=O)CCCCCCCCCC(C)C,[H][C@](O)(COP(O)(=O)OC[C@@]([H])(COC(=O)CCCCCCC)OC(=O)CCCCCCCCCC(C)C)COP(O)(=O)OC[C@@]([H])(COC(=O)CCCCCCCCCCCCCCC(C)C)OC(=O)CCCCCCCCCCCCCCCCCCCCCCC,valid,valid,valid_pair
122,[H][C@@](O)(COP(O)(=O)OC[C@@]([H])(COC(=O)CCCCCCCCCCCCCCCCCCC(C)C)OC(=O)CCCCCCCCCCCCCC(C)C)COP(O)(=O)OC[C@@]([H])(COC(=O)CCCCCCCCC(C)C)OC(=O)CCCCCCCCC(C)CC,[H][C@](O)(COP(O)(=O)OC[C@@]([H])(COC(=O)CCCCCCCCC)OC(=O)CCCCCCCCCCCCCCCCC)COP(O)(=O)OC[C@@]([H])(COC(=O)CCCCCCCCCCCCCCC(C)C)OC(=O)CCCCCCCCCCCCCCC(C)C,valid,valid,valid_pair
123,CCCCCCCC\C=C/C\C=C/C\C=C/CCCC(=O)O[C@H](COC(=O)CCC\C=C/C[C@@H]1[C@@H](\C=C\[C@@H](O)CCCCC)[C@H](O)CC1=O)COP(O)(=O)OC[C@@H](O)CO,[H][C@](COC(=O)CCCCCCC\C=C/C\C=C/C\C=C/CC)(COC(=O)CCCC\C=C/C\C=C/C\C=C/C\C=C/CC)OC(=O)CCCC\C=C/C\C=C/C\C=C/C\C=C/CC,valid,valid,valid_pair
124,[H][C@@](O)(COP(O)(=O)OC[C@@]([H])(COC(=O)CCCCCCCCCCCCCCCCC(C)CC)OC(=O)CCCCCCCCCCCC(C)C)COP(O)(=O)OC[C@@]([H])(COC(=O)CCCCCCCCC(C)CC)OC(=O)CCCCCCCCCCCC(C)C,[H][C@](O)(COP(O)(=O)OC[C@@]([H])(COC(=O)CCCCCCCCCCC)OC(=O)CCCCCCCCCCCC(C)C)COP(O)(=O)OC[C@@]([H])(COC(=O)CCCCCCCCCCCCCCCC)OC(=O)CCCCCCCCCCCCCCCCCCC,valid,valid,valid_pair
125,[H][C@](O)(COP(O)(=O)OC[C@@]([H])(COC(=O)CCCCCCCCCCCC)OC(=O)CCCCCCCCCCCCCCCCCCC)COP(O)(=O)OC[C@@]([H])(COC(=O)CCCCCCCCCCCCCCCCC(C)CC)OC(=O)CCCCCCCCCCCCCCCCC(C)CC,[H][C@](O)(COP(O)(=O)OC[C@@]([H])(COC(=O)CCCCCCCCCCCCCCC)OC(=O)CCCCCCCCCCCCCCC)COP(O)(=O)OC[C@@]([H])(COC(=O)CCCCCCCCCCCCCCC(C)C)OC(=O)CCCCCCCCCCCCCCCCCCCCC(C)CC,valid,valid,valid_pair
126,[H][C@@](O)(COP(O)(=O)OC[C@@]([H])(COC(=O)CCCCCCCCCCC(C)C)OC(=O)CCCCCCCCCCCCC(C)CC)COP(O)(=O)OC[C@@]([H])(COC(=O)CCCCCCCCC(C)C)OC(=O)CCCCCCCCCCCC(C)C,[H][C@](O)(COP(O)(=O)OC[C@@]([H])(COC(=O)CCCCCCC)OC(=O)CCCCCCCCCCC)COP(O)(=O)OC[C@@]([H])(COC(=O)CCCCCCCCCCCCC)OC(=O)CCCCCCCCCCCCCCCCCCCCC(C)C,valid,valid,valid_pair
127,[H][C@@](O)(COP(O)(=O)OC[C@@]([H])(COC(=O)CCCCCCCCCCCCCCC(C)C)OC(=O)CCCCCCCCCCCCCCCCCC)COP(O)(=O)OC[C@@]([H])(COC(=O)CCCCCCCCCCCCC)OC(=O)CCCCCCCCCCC(C)CC,[H][C@@](O)(COP(O)(=O)OC[C@@]([H])(COC(=O)CCCCCCCCCCCCCCCCCCC)OC(=O)CCCCCCCCCCCCCCCCC(C)CC)COP(O)(=O)OC[C@@]([H])(COC(=O)CCCCCCCCC(C)C)OC(=O)CCCCCCCCCCCC,valid,valid,valid_pair
128,[H][C@](O)(COP(O)(=O)OC[C@@]([H])(COC(=O)CCCCCCCCCCCC)OC(=O)CCCCCCCCCCCCCCC)COP(O)(=O)OC[C@@]([H])(COC(=O)CCCCCCCCCCCCC(C)C)OC(=O)CCCCCCCCCCCCCCCCCCC(C)C,[H][C@@](O)(COP(O)(=O)OC[C@@]([H])(COC(=O)CCCCCCCCCCCCCCC(C)C)OC(=O)CCCCCCCCCCCCCCCCCCCC)COP(O)(=O)OC[C@@]([H])(COC(=O)CCCCCCCCCCC(C)C)OC(=O)CCCCCCCCCCC(C)C,valid,valid,valid_pair
129,[H]C(O)(COP(O)(=O)OC[C@@]([H])(COC(=O)CCCCCCCCCCCCCCCCCCCCC(C)C)OC(=O)CCCCCCCCCCCC(C)C)COP(O)(=O)OC[C@@]([H])(COC(=O)CCCCCCCCCC(C)C)OC(=O)CCCCCCCCCCC(C)C,[H][C@@](O)(COP(O)(=O)OC[C@@]([H])(COC(=O)CCCCCCCCC(C)CC)OC(=O)CCCCCCCCCCCCCCCCCCCCC(C)CC)COP(O)(=O)OC[C@@]([H])(COC(=O)CCCCCCCCC(C)CC)OC(=O)CCCCCCCCCCCC(C)C,valid,valid,valid_pair
130,[H][C@](O)(COP(O)(=O)OC[C@@]([H])(COC(=O)CCCCCCCCCCCC)OC(=O)CCCCCCCCCCCCCCCC)COP(O)(=O)OC[C@@]([H])(COC(=O)CCCCCCCCCCCCCCCC(C)C)OC(=O)CCCCCCCCCCCCCCCCCCCCCCCC,[H][C@@](O)(COP(O)(=O)OC[C@@]([H])(COC(=O)CCCCCCCCCCCCCCCCCCCCC)OC(=O)CCCCCCCCCCCCCCCCCCCCC(C)C)COP(O)(=O)OC[C@@]([H])(COC(=O)CCCCCCCCCCCCC)OC(=O)CCCCCCCCCCC(C)C,valid,valid,valid_pair
131,[H][C@](O)(COP(O)(=O)OC[C@@]([H])(COC(=O)CCCCCCCCCC)OC(=O)CCCCCCCCCCCCCCC)COP(O)(=O)OC[C@@]([H])(COC(=O)CCCCCCCCCCCCCCCCCCC)OC(=O)CCCCCCCCCCCCCCCCCCCCCCCC,[H][C@@](O)(COP(O)(=O)OC[C@@]([H])(COC(=O)CCCCCCCCCCCCCCCCCC(C)C)OC(=O)CCCCCCCCCCCCCCCCCCCCCC)COP(O)(=O)OC[C@@]([H])(COC(=O)CCCCCCCCC(C)CC)OC(=O)CCCCCCCCCCCC(C)C,valid,valid,valid_pair
132,CCCCC[C@H](O)\C=C\[C@H]1[C@H](O)CC(=O)[C@@H]1C\C=C/CCCC(=O)OC[C@@H](O)CO,C[N+](C)(C)CC(CC([O-])=O)OC(=O)CCCCCC=CCCCCC=CCC(O)=O,valid,valid,valid_pair
133,[H][C@@](O)(COP(O)(=O)OC[C@@]([H])(COC(=O)CCCCCCCCCCCCCCCCCCC)OC(=O)CCCCCCCCCCCCCCCCCCCCC(C)C)COP(O)(=O)OC[C@@]([H])(COC(=O)CCCCCCCCCCC(C)CC)OC(=O)CCCCCCCCCCCCCCCCC,[H][C@@](O)(COP(O)(=O)OC[C@@]([H])(COC(=O)CCCCCCCCCCCCCCCCCCCCCCC)OC(=O)CCCCCCCCCCCCCCCCCCCCC(C)CC)COP(O)(=O)OC[C@@]([H])(COC(=O)CCCCCCCCC(C)CC)OC(=O)CCCCCCCCCCCCCC,valid,valid,valid_pair
134,[H][C@](O)(COP(O)(=O)OC[C@@]([H])(COC(=O)CCCCCCC)OC(=O)CCCCCCCCC)COP(O)(=O)OC[C@@]([H])(COC(=O)CCCCCCCCCCCCC(C)C)OC(=O)CCCCCCCCCCCCCCCCCCC(C)C,[H][C@](O)(COP(O)(=O)OC[C@@]([H])(COC(=O)CCCCCCC)OC(=O)CCCCCCCCCCC(C)C)COP(O)(=O)OC[C@@]([H])(COC(=O)CCCCCCCCCCCCCCC)OC(=O)CCCCCCCCCCCCCCCCC,valid,valid,valid_pair
135,[H][C@](O)(COP(O)(=O)OC[C@@]([H])(COC(=O)CCCCCCCCCCCC)OC(=O)CCCCCCCCCCCCCCC(C)C)COP(O)(=O)OC[C@@]([H])(COC(=O)CCCCCCCCCCCCCCCCC(C)CC)OC(=O)CCCCCCCCCCCCCCCCCCC(C)C,[H][C@@](O)(COP(O)(=O)OC[C@@]([H])(COC(=O)CCCCCCCCCCCCCCCCCCCCCC)OC(=O)CCCCCCCCCCCCCCCCCCCCCCC)COP(O)(=O)OC[C@@]([H])(COC(=O)CCCCCCCCC(C)C)OC(=O)CCCCCCCCCCCC(C)C,valid,valid,valid_pair
136,[H][C@](COC(=O)CCCCCCCCCCCCCCCC)(COC(=O)CCCCCCCCC(C)CC)OC(=O)CCCCCCCCCCCCCCCCCCC(C)C,[H][C@@](COC(=O)CCCCCCCCCCCCCCCCC)(COC(=O)CCCCCCCCCCCC(C)C)OC(=O)CCCCCCCCCCCCCCCCCC,valid,valid,valid_pair
137,[H][C@](O)(COP(O)(=O)OC[C@@]([H])(COC(=O)CCCCCCCCC)OC(=O)CCCCCCCCC)COP(O)(=O)OC[C@@]([H])(COC(=O)CCCCCCCCCCCCCCCCCC(C)C)OC(=O)CCCCCCCCCCCCCCCCCCCCCC,[H]C(O)(COP(O)(=O)OC[C@@]([H])(COC(=O)CCCCCCCCCCCCC(C)CC)OC(=O)CCCCCCCCCCCCCCCCC(C)C)COP(O)(=O)OC[C@@]([H])(COC(=O)CCCCCCCCCCC(C)C)OC(=O)CCCCCCCCCC(C)C,valid,valid,valid_pair
138,[H][C@](O)(COP(O)(=O)OC[C@@]([H])(COC(=O)CCCCCCCCCCC)OC(=O)CCCCCCCCCCCCC(C)C)COP(O)(=O)OC[C@@]([H])(COC(=O)CCCCCCCCCCCCCCCCC(C)CC)OC(=O)CCCCCCCCCCCCCCCCCCCCCC,[H]C(O)(COP(O)(=O)OC[C@@]([H])(COC(=O)CCCCCCCCCCCCC(C)CC)OC(=O)CCCCCCCCCCCCCCCCC(C)C)COP(O)(=O)OC[C@@]([H])(COC(=O)CCCCCCCCCC(C)C)OC(=O)CCCCCCCCCCCCCCCCCCC(C)C,valid,valid,valid_pair
139,[H][C@@](O)(COP(O)(=O)OC[C@@]([H])(COC(=O)CCCCCCCCCCC(C)CC)OC(=O)CCCCCCCCCCCCCC(C)C)COP(O)(=O)OC[C@@]([H])(COC(=O)CCCCCCCCC(C)C)OC(=O)CCCCCCCCCCCCCCCCC(C)CC,[H][C@@](O)(COP(O)(=O)OC[C@@]([H])(COC(=O)CCCCCCCCCCCCCCCC)OC(=O)CCCCCCCCCCCCCCCC(C)C)COP(O)(=O)OC[C@@]([H])(COC(=O)CCCCCCCCCCC(C)C)OC(=O)CCCCCCCCCCCCCC,valid,valid,valid_pair
140,[H][C@@](O)(COP(O)(=O)OC[C@@]([H])(COC(=O)CCCCCCCCCCCCCC)OC(=O)CCCCCCCCCCCCCCCCCCC(C)C)COP(O)(=O)OC[C@@]([H])(COC(=O)CCCCCCCCCCC)OC(=O)CCCCCCCCC(C)CC,[H][C@](O)(COP(O)(=O)OC[C@@]([H])(COC(=O)CCCCCCCCC(C)CC)OC(=O)CCCCCCCCCCC(C)C)COP(O)(=O)OC[C@@]([H])(COC(=O)CCCCCCCCCCCCCCCCCCC(C)C)OC(=O)CCCCCCCCC(C)CC,valid,valid,valid_pair
141,[H][C@](COC(=O)CCCCCCCCCCCCC)(COC(=O)CCCCCCCCCCCCCCCCCCCCC(C)C)OC(=O)CCCCCCCCCCCCCCC,[H][C@@](COC(=O)CCCCCCCCCCC)(COC(=O)CCCCCCCCCCCCCC(C)C)OC(=O)CCCCCCCCCCCCCCCCCCCCC(C)CC,valid,valid,valid_pair
142,[H][C@](O)(COP(O)(=O)OC[C@@]([H])(COC(=O)CCCCCCCCCCCC)OC(=O)CCCCCCCCCCCCCCCC)COP(O)(=O)OC[C@@]([H])(COC(=O)CCCCCCCCCCCCCCCCCCC)OC(=O)CCCCCCCCCCCCCCCCCCCCC,[H][C@@](O)(COP(O)(=O)OC[C@@]([H])(COC(=O)CCCCCCCCCCCCCCCCC)OC(=O)CCCCCCCCCCCCCCCCC(C)CC)COP(O)(=O)OC[C@@]([H])(COC(=O)CCCCCCCCCCCC(C)C)OC(=O)CCCCCCCCCCCCCCCCC,valid,valid,valid_pair
143,[H][C@](O)(COP(O)(=O)OC[C@@]([H])(COC(=O)CCCCCCCCC(C)C)OC(=O)CCCCCCCCCCC(C)C)COP(O)(=O)OC[C@@]([H])(COC(=O)CCCCCCCCC(C)CC)OC(=O)CCCCCCCCCCCCCCCCCCCCC(C)CC,[H][C@](O)(COP(O)(=O)OC[C@@]([H])(COC(=O)CCCCCCCCCC)OC(=O)CCCCCCCCCCCCC(C)CC)COP(O)(=O)OC[C@@]([H])(COC(=O)CCCCCCCCCCCCCCC(C)C)OC(=O)CCCCCCCCCCCCCCC(C)C,valid,valid,valid_pair
144,[H][C@@](O)(COP(O)(=O)OC[C@@]([H])(COC(=O)CCCCCCCCCCCCCCCCCC(C)C)OC(=O)CCCCCCCCCCCCCCCCCCCCC(C)CC)COP(O)(=O)OC[C@@]([H])(COC(=O)CCCCCCCCCCCCCC)OC(=O)CCCCCCCCCCCCCC(C)C,[H][C@@](O)(COP(O)(=O)OC[C@@]([H])(COC(=O)CCCCCCCCCCCCCCCCC(C)C)OC(=O)CCCCCCCCCCCCCCCCCCCCC(C)CC)COP(O)(=O)OC[C@@]([H])(COC(=O)CCCCCCCCC(C)CC)OC(=O)CCCCCCCCCCCCCCCCCCC,valid,valid,valid_pair
145,[H][C@](COC(=O)CCCCCCCCCCCCCCCCCC(C)C)(COC(=O)CCCCCCCCCC(C)C)OC(=O)CCCCCCCCCCC(C)CC,[H][C@](COC(=O)CCCCCCCCCCCCCC)(COC(=O)CCCCCCCCCCCCCCCCC(C)CC)OC(=O)CCCCCCCCCCCC,valid,valid,valid_pair
146,[H][C@@](O)(COP(O)(=O)OC[C@@]([H])(COC(=O)CCCCCCCCCCCCCCCCC)OC(=O)CCCCCCCCCCCCCCCCCCCCC(C)C)COP(O)(=O)OC[C@@]([H])(COC(=O)CCCCCCCCCCC(C)CC)OC(=O)CCCCCCCCCCC(C)CC,[H][C@@](O)(COP(O)(=O)OC[C@@]([H])(COC(=O)CCCCCCCCCCCCCC(C)C)OC(=O)CCCCCCCCCCCCCCCCCCCCC(C)CC)COP(O)(=O)OC[C@@]([H])(COC(=O)CCCCCCCCCCCCC)OC(=O)CCCCCCCCCCCCC(C)C,valid,valid,valid_pair
147,[H][C@@](O)(COP(O)(=O)OC[C@@]([H])(COC(=O)CCCCCCCCCCCCCCCCC(C)CC)OC(=O)CCCCCCCCCCCC(C)C)COP(O)(=O)OC[C@@]([H])(COC(=O)CCCCCCCCC(C)C)OC(=O)CCCCCCCCCCCC(C)C,[H][C@](O)(COP(O)(=O)OC[C@@]([H])(COC(=O)CCCCCCCCC)OC(=O)CCCCCCCCCCCCCC(C)C)COP(O)(=O)OC[C@@]([H])(COC(=O)CCCCCCCCCCCCCCCCC)OC(=O)CCCCCCCCCCCCCCCCC,valid,valid,valid_pair
148,CC1=CC=CC(=N1)C(O)=O,OCC(=O)C1=CC=CC=C1,valid,valid,valid_pair
149,[H][C@](COC(=O)CCCCCCCCCCCCCCCCCC(C)C)(COC(=O)CCCCCCCCCC(C)C)OC(=O)CCCCCCCCCCCCCCCCCCCCC,[H][C@@](COC(=O)CCCCCCCCCCCC)(COC(=O)CCCCCCCCCCCCCCCCCCCCC(C)CC)OC(=O)CCCCCCCCCCCCCCCCC,valid,valid,valid_pair
150,[H][C@@](O)(COP(O)(=O)OC[C@@]([H])(COC(=O)CCCCCCCCCCCCCCC(C)C)OC(=O)CCCCCCCCCCCCCCCCCCC(C)C)COP(O)(=O)OC[C@@]([H])(COC(=O)CCCCCCCCCCCCCC)OC(=O)CCCCCCCCCCCCC(C)CC,[H][C@](O)(COP(O)(=O)OC[C@@]([H])(COC(=O)CCCCCCCCCCCC)OC(=O)CCCCCCCCCCCCCCC(C)C)COP(O)(=O)OC[C@@]([H])(COC(=O)CCCCCCCCCCCCCCCCCCC)OC(=O)CCCCCCCCCCCCCCCCCCCC,valid,valid,valid_pair
151,[H][C@](O)(COP(O)(=O)OC[C@@]([H])(COC(=O)CCCCCCCCCCC)OC(=O)CCCCCCCCCCCCCCCC(C)C)COP(O)(=O)OC[C@@]([H])(COC(=O)CCCCCCCCCCCCCCCCC(C)C)OC(=O)CCCCCCCCCCCCCCCCCCCCCCCC,[H][C@@](O)(COP(O)(=O)OC[C@@]([H])(COC(=O)CCCCCCCCCCCCCCCCCCCCC(C)CC)OC(=O)CCCCCCCCCCCCC(C)C)COP(O)(=O)OC[C@@]([H])(COC(=O)CCCCCCCCC(C)CC)OC(=O)CCCCCCCCCCCCCCCCCCC(C)C,valid,valid,valid_pair
152,[H][C@](O)(COP(O)(=O)OC[C@@]([H])(COC(=O)CCCCCCCCCC)OC(=O)CCCCCCCCCCCCCCCC)COP(O)(=O)OC[C@@]([H])(COC(=O)CCCCCCCCCCCCCCCCCCCCC)OC(=O)CCCCCCCCCCCCCCCCCCCCCC,[H]C(O)(COP(O)(=O)OC[C@@]([H])(COC(=O)CCCCCCCCCCCCCCCCC(C)CC)OC(=O)CCCCCCCCCCC(C)CC)COP(O)(=O)OC[C@@]([H])(COC(=O)CCCCCCCCCC(C)C)OC(=O)CCCCCCCCCCCCCCCCCCCCC(C)C,valid,valid,valid_pair
153,[H][C@@](O)(COP(O)(=O)OC[C@@]([H])(COC(=O)CCCCCCCCCCCCCCCCCCC)OC(=O)CCCCCCCCCCCCCCCCC(C)C)COP(O)(=O)OC[C@@]([H])(COC(=O)CCCCCCCCCCCC(C)C)OC(=O)CCCCCCCCCCCCCC(C)C,[H][C@](O)(COP(O)(=O)OC[C@@]([H])(COC(=O)CCCCCCC)OC(=O)CCCCCCCCCCCCCCCCCC(C)C)COP(O)(=O)OC[C@@]([H])(COC(=O)CCCCCCCCCCCCCCCCCC(C)C)OC(=O)CCCCCCCCCCCCCCCCCCC(C)C,valid,valid,valid_pair
154,CCCCC[C@H](O)\C=C\C=C/C\C=C/C=C/[C@H](O)CCCC(=O)OC[C@H](O)COC(=O)CCCCCCCCCCCCCCC(C)C,[H][C@](CO)(COC(=O)CCCCCCCCCCCCCCCCCCCCC)OC(=O)CCCCCCC\C=C/C\C=C/CCCCC,valid,valid,valid_pair
155,[H][C@](O)(COP(O)(=O)OC[C@@]([H])(COC(=O)CCCCCCCCC(C)CC)OC(=O)CCCCCCCCCCCCCCCCCCCCC(C)CC)COP(O)(=O)OC[C@@]([H])(COC(=O)CCCCCCCCCCCC(C)C)OC(=O)CCCCCCCCC(C)C,[H][C@](O)(COP(O)(=O)OC[C@@]([H])(COC(=O)CCCCCCCCCC)OC(=O)CCCCCCCCCCCCCCCC)COP(O)(=O)OC[C@@]([H])(COC(=O)CCCCCCCCCCCCC(C)CC)OC(=O)CCCCCCCCCCCCCCCCC(C)C,valid,valid,valid_pair
156,[H][C@](COC(=O)CCCCCCCCCCCCCCC)(COC(=O)CCCCCCCCCCCC(C)C)OC(=O)CCCCCCCCCCCCCCCC,[H][C@@](COC(=O)CCCCCCCCCCC(C)C)(COC(=O)CCCCCCCCCCC(C)CC)OC(=O)CCCCCCCCCCCCCCCC(C)C,valid,valid,valid_pair
157,[H][C@](O)(COP(O)(=O)OC[C@@]([H])(COC(=O)CCCCCCCCC)OC(=O)CCCCCCCCCCCCC)COP(O)(=O)OC[C@@]([H])(COC(=O)CCCCCCCCCCCCCCCCCCCC)OC(=O)CCCCCCCCCCCCCCCCCCCCCCCC,[H][C@](O)(COP(O)(=O)OC[C@@]([H])(COC(=O)CCCCCCCCC)OC(=O)CCCCCCCCCC)COP(O)(=O)OC[C@@]([H])(COC(=O)CCCCCCCCCCCCCCCCCCCCC(C)C)OC(=O)CCCCCCCCCCCCCCCCCCCCC(C)CC,valid,valid,valid_pair
158,CC=CCC=CCCCCC(=O)SCCNC(=O)CCNC(=O)C(O)C(C)(C)COP(O)(=O)OP(O)(=O)OCC1OC(C(O)C1OP(O)(O)=O)N1C=NC2=C1N=CN=C2N,[H][C@@](COC(=O)CCCCCCCCCCCCCCC)(COP(O)(=O)O[C@H]1C(O)C(O)C(O)[C@@H](OP(O)(O)=O)C1O)OC(=O)CCCCCCC\C=C/CC1OC1CCCCC,valid,valid,valid_pair
159,[H][C@@](O)(COP(O)(=O)OC[C@@]([H])(COC(=O)CCCCCCCCCCCCCCCCC(C)CC)OC(=O)CCCCCCCCCCC(C)C)COP(O)(=O)OC[C@@]([H])(COC(=O)CCCCCCCCC(C)CC)OC(=O)CCCCCCCCCCC(C)CC,[H]C(O)(COP(O)(=O)OC[C@@]([H])(COC(=O)CCCCCCCCC(C)C)OC(=O)CCCCCCCCCCCCCCCCCC(C)C)COP(O)(=O)OC[C@@]([H])(COC(=O)CCCCCCCCC(C)C)OC(=O)CCCCCCCCCCCCCCC(C)C,valid,valid,valid_pair
160,CC\C(=C(\C1=CC=C(OCCN(C)C)C=C1)C1=CC=CC(O)=C1)C1=CC=CC=C1,COC1=CC(C)C2CC3OC(=O)CC4C(C)=C(OC)C(=O)C(C34C)C2(C)C1=O,valid,valid,valid_pair
161,CCCCCCCCCCC=CCCCCCCCC(=O)SCCNC(=O)CCNC(=O)C(O)C(C)(C)COP(O)(=O)OP(O)(=O)OCC1OC(C(O)C1OP(O)(O)=O)N1C=NC2=C1N=CN=C2N,[H][C@](O)(COP(O)(=O)OC[C@@]([H])(COC(=O)CCCCCCCCC)OC(=O)CCCCCCCCC)COP(O)(=O)OC[C@@]([H])(COC(=O)CCCCCCCCCC)OC(=O)CCCCCCCCCCC,valid,valid,valid_pair
162,[H]C(O)(COP(O)(=O)OC[C@@]([H])(COC(=O)CCCCCCCCCC(C)C)OC(=O)CCCCCCCCCCCCC(C)C)COP(O)(=O)OC[C@@]([H])(COC(=O)CCCCCCCCCCCCC(C)C)OC(=O)CCCCCCCCC(C)CC,[H][C@@](O)(COP(O)(=O)OC[C@@]([H])(COC(=O)CCCCCCCCCCCC(C)C)OC(=O)CCCCCCCCCCCCCCCCC(C)CC)COP(O)(=O)OC[C@@]([H])(COC(=O)CCCCCCCCC)OC(=O)CCCCCCCCC(C)C,valid,valid,valid_pair
163,[H][C@](O)(COP(O)(=O)OC[C@@]([H])(COC(=O)CCCCCCC)OC(=O)CCCCCCCCCCCCCC)COP(O)(=O)OC[C@@]([H])(COC(=O)CCCCCCCCCCCCCCCCCCCCCC)OC(=O)CCCCCCCCCCCCCCCCCCCCCCC,[H][C@](O)(COP(O)(=O)OC[C@@]([H])(COC(=O)CCCCCCCCCCCCC)OC(=O)CCCCCCCCCCCCC)COP(O)(=O)OC[C@@]([H])(COC(=O)CCCCCCCCCCCCCCC(C)C)OC(=O)CCCCCCCCCCCCCCCCCCCCC(C)C,valid,valid,valid_pair
164,[H][C@@](O)(COP(O)(=O)OC[C@@]([H])(COC(=O)CCCCCCCCCCCCCCC(C)C)OC(=O)CCCCCCCCCCCCCCCCCCCCC)COP(O)(=O)OC[C@@]([H])(COC(=O)CCCCCCCCC(C)C)OC(=O)CCCCCCCCCC(C)C,[H]C(O)(COP(O)(=O)OC[C@@]([H])(COC(=O)CCCCCCCCCC(C)C)OC(=O)CCCCCCCCCCCCCCCCCCCCC(C)C)COP(O)(=O)OC[C@@]([H])(COC(=O)CCCCCCCCCCC(C)CC)OC(=O)CCCCCCCCCC(C)C,valid,valid,valid_pair
165,[H][C@@](COC(=O)CCCC(O)C(O)C\C=C/C\C=C/C\C=C/CCCCC)(COP(O)(=O)OCCN)OC(=O)CCCCCC\C=C/C\C=C/C\C=C/C\C=C/CC,[H][C@](COC(=O)CCCCCCCCCCCCCC)(COC(=O)CCCCCCCCCCCCCCCCC(C)C)OC(=O)CCCCCCCCCCC(C)C,valid,valid,valid_pair
166,[H][C@](O)(COP(O)(=O)OC[C@@]([H])(COC(=O)CCCCCCCCCCCC)OC(=O)CCCCCCCCCCCC)COP(O)(=O)OC[C@@]([H])(COC(=O)CCCCCCCCCCCCC)OC(=O)CCCCCCCCCCCCCCCCCC,[H]C(O)(COP(O)(=O)OC[C@@]([H])(COC(=O)CCCCCCCCCC(C)C)OC(=O)CCCCCCCCCCCCCCC(C)C)COP(O)(=O)OC[C@@]([H])(COC(=O)CCCCCCCCC(C)CC)OC(=O)CCCCCCCCCCC(C)CC,valid,valid,valid_pair
167,[H][C@@](O)(COP(O)(=O)OC[C@@]([H])(COC(=O)CCCCCCCCCCCCCCCCCC)OC(=O)CCCCCCCCCCCCCCCCCCCCC(C)C)COP(O)(=O)OC[C@@]([H])(COC(=O)CCCCCCCCCC(C)C)OC(=O)CCCCCCCCCCCCCCC(C)C,[H]C(O)(COP(O)(=O)OC[C@@]([H])(COC(=O)CCCCCCCCCCCCCCCCCCCCC(C)CC)OC(=O)CCCCCCCCCCCCCCC(C)C)COP(O)(=O)OC[C@@]([H])(COC(=O)CCCCCCCCCC(C)C)OC(=O)CCCCCCCCCCCCCCC(C)C,valid,valid,valid_pair
168,[H][C@](O)(COP(O)(=O)OC[C@@]([H])(COC(=O)CCCCCCCCC(C)CC)OC(=O)CCCCCCCCCCCCCCCC(C)C)COP(O)(=O)OC[C@@]([H])(COC(=O)CCCCCCCCC(C)CC)OC(=O)CCCCCCCCCCC(C)CC,[H][C@@](O)(COP(O)(=O)OC[C@@]([H])(COC(=O)CCCCCCCCCCCCCC(C)C)OC(=O)CCCCCCCCCCCCCCC(C)C)COP(O)(=O)OC[C@@]([H])(COC(=O)CCCCCCCCC(C)CC)OC(=O)CCCCCCCCC(C)C,valid,valid,valid_pair
169,CCCCCCCCCCCCCCCC(=O)CC(O)CCCC,COC(=O)\C=C\C1=CC=C(OC2OC(CO)C(O)C(O)C2O)C=C1,valid,valid,valid_pair
170,NC(CCC(O)=NC(CSC=O)C(O)=NCC(O)=O)C(O)=O,CN(C)(=O)CCCN1C2=CC=CC=C2SC2=C1C=C(Cl)C=C2,valid,valid,valid_pair
171,[H][C@@](O)(COP(O)(=O)OC[C@@]([H])(COC(=O)CCCCCCCCCCCCC(C)C)OC(=O)CCCCCCCCCCC(C)C)COP(O)(=O)OC[C@@]([H])(COC(=O)CCCCCCCCC(C)C)OC(=O)CCCCCCCCCC(C)C,[H][C@](O)(COP(O)(=O)OC[C@@]([H])(COC(=O)CCCCCCC)OC(=O)CCCCCCCCCCCCC)COP(O)(=O)OC[C@@]([H])(COC(=O)CCCCCCCCCCCCC)OC(=O)CCCCCCCCCCCCCCCC(C)C,valid,valid,valid_pair
172,[H][C@@](O)(COP(O)(=O)OC[C@@]([H])(COC(=O)CCCCCCCCCCCCCCCCCC)OC(=O)CCCCCCCCCCCCCCCCCCCCCCC)COP(O)(=O)OC[C@@]([H])(COC(=O)CCCCCCCCCCC(C)C)OC(=O)CCCCCCCCCCCCCCCCC,[H]C(O)(COP(O)(=O)OC[C@@]([H])(COC(=O)CCCCCCCCCCC(C)CC)OC(=O)CCCCCCCCCCCCCCCCCCCCC(C)C)COP(O)(=O)OC[C@@]([H])(COC(=O)CCCCCCCCC(C)C)OC(=O)CCCCCCCCCCCCCCCCCCCCC(C)C,valid,valid,valid_pair
173,[H][C@@](O)(COP(O)(=O)OC[C@@]([H])(COC(=O)CCCCCCCCCCCCCCCCCC(C)C)OC(=O)CCCCCCCCCCCCC(C)C)COP(O)(=O)OC[C@@]([H])(COC(=O)CCCCCCCCC(C)C)OC(=O)CCCCCCCCCCCCCCCC(C)C,[H][C@](O)(COP(O)(=O)OC[C@@]([H])(COC(=O)CCCCCCCCC(C)CC)OC(=O)CCCCCCCCCCCCC(C)CC)COP(O)(=O)OC[C@@]([H])(COC(=O)CCCCCCCCCCCCCCCCCCCCC(C)CC)OC(=O)CCCCCCCCCC(C)C,valid,valid,valid_pair
174,[H][C@](COC(=O)CCCCCCCCCCC)(COC(=O)CCCCCCCCCCCCCCCCCCC(C)C)OC(=O)CCCCCCCCC(C)C,[H][C@](COC(=O)CCCCCCCCCCCCCCC)(COC(=O)CCCCCCCCCCCCCCCCCCCCC)OC(=O)CCCCCCC,valid,valid,valid_pair
175,[H][C@](COC(=O)CCCCCCCCCCCC)(COC(=O)CCCCCCCCC(C)C)OC(=O)CCCCCCCCC,[H][C@](CO)(COC(=O)CCCCCCCCCCCCCCCC)OC(=O)CCCCCCCCCCCCCCCC(C)C,valid,valid,valid_pair
176,[H][C@@](O)(COP(O)(=O)OC[C@@]([H])(COC(=O)CCCCCCCCCCCCCCCCCCC)OC(=O)CCCCCCCCCCCCCCCCCCCCC)COP(O)(=O)OC[C@@]([H])(COC(=O)CCCCCCCCCCCC(C)C)OC(=O)CCCCCCCCCCCCCCCCCCC,[H][C@@](O)(COP(O)(=O)OC[C@@]([H])(COC(=O)CCCCCCCCCCCCCCCCCCC)OC(=O)CCCCCCCCCCCCCCCCCCCCCCC)COP(O)(=O)OC[C@@]([H])(COC(=O)CCCCCCCCCCCC(C)C)OC(=O)CCCCCCCCCCCCCCC(C)C,valid,valid,valid_pair
177,[H][C@](O)(COP(O)(=O)OC[C@@]([H])(COC(=O)CCCCCCC)OC(=O)CCCCCCCCCCCCCCCCC)COP(O)(=O)OC[C@@]([H])(COC(=O)CCCCCCCCCCCCCCC(C)C)OC(=O)CCCCCCCCCCCCCCCCCCCCC(C)C,[H][C@](O)(COP(O)(=O)OC[C@@]([H])(COC(=O)CCCCCCC)OC(=O)CCCCCCCCC)COP(O)(=O)OC[C@@]([H])(COC(=O)CCCCCCCCCCCCCCCCCCCCCCCC)OC(=O)CCCCCCCCCCCCCCCCCCCCCCCC,valid,valid,valid_pair
178,COC1=CC(O)=C2C(=O)C(OC3OCC(O)C(O)C3O)=C(OC2=C1)C1=CC(OC2OC(C)C(O)C(O)C2O)=C(O)C=C1,CCCCCCCCCCCC(=O)OC[C@H](O)COC(=O)CCCC(O)C(O)C\C=C/C\C=C/C\C=C/CCCCC,valid,valid,valid_pair
179,[H][C@](N)(COP(O)(=O)OC[C@@]([H])(COC(=O)CCCCCCC\C=C/CCCC)OC(=O)CCCCCCC\C=C/C\C=C/CCCCC)C(O)=O,[H][C@@](COC(=O)CCCC\C=C/C\C=C/C\C=C/C\C=C/CC)(COP(O)(O)=O)OC(=O)CCC\C=C/C\C=C/C\C=C/C=C/CC(O)\C=C/CC,valid,valid,valid_pair
180,[H][C@@](O)(COP(O)(=O)OC[C@@]([H])(COC(=O)CCCCCCCCCCCCCC(C)C)OC(=O)CCCCCCCCCCCCCCCCCC)COP(O)(=O)OC[C@@]([H])(COC(=O)CCCCCCCCCCC(C)CC)OC(=O)CCCCCCCCCCC(C)CC,[H][C@@](O)(COP(O)(=O)OC[C@@]([H])(COC(=O)CCCCCCCCCCCCC(C)C)OC(=O)CCCCCCCCCCCCCCCCCCCCC(C)C)COP(O)(=O)OC[C@@]([H])(COC(=O)CCCCCCCCC(C)C)OC(=O)CCCCCCCCCCC(C)C,valid,valid,valid_pair
181,[H]C(O)(COP(O)(=O)OC[C@@]([H])(COC(=O)CCCCCCCCCCCCC(C)CC)OC(=O)CCCCCCCCCCCCCCCCCC(C)C)COP(O)(=O)OC[C@@]([H])(COC(=O)CCCCCCCCCC(C)C)OC(=O)CCCCCCCCCCCC(C)C,[H]C(O)(COP(O)(=O)OC[C@@]([H])(COC(=O)CCCCCCCCCCCC(C)C)OC(=O)CCCCCCCCCCCCCCCCC(C)CC)COP(O)(=O)OC[C@@]([H])(COC(=O)CCCCCCCCCCC(C)C)OC(=O)CCCCCCCCCCCCC(C)C,valid,valid,valid_pair
182,[H][C@](COC(=O)CCCCCCCCCCCCCCCC)(COC(=O)CCCCCCCCCCCCCCCCCCCCC(C)CC)OC(=O)CCCCCCCCCCCCCCCC(C)C,[H][C@@](COC(=O)CCCCCCCCCCC\C=C/C\C=C/CCCCC)(COC(=O)CCCC\C=C/C\C=C/C\C=C/CCCCC)OC(=O)CCCCCCCCCCC\C=C/C\C=C/CCCCC,valid,valid,valid_pair
183,[H][C@@](O)(COP(O)(=O)OC[C@@]([H])(COC(=O)CCCCCCCCCCCCCCCCC)OC(=O)CCCCCCCCCCCCCCCCCCC(C)C)COP(O)(=O)OC[C@@]([H])(COC(=O)CCCCCCCCC)OC(=O)CCCCCCCCC(C)CC,[H][C@@](O)(COP(O)(=O)OC[C@@]([H])(COC(=O)CCCCCCCCCC(C)C)OC(=O)CCCCCCCCCCCCCCCCCCCCC(C)C)COP(O)(=O)OC[C@@]([H])(COC(=O)CCCCCCCCC(C)CC)OC(=O)CCCCCCCCC(C)CC,valid,valid,valid_pair
184,[H][C@](O)(COP(O)(=O)OC[C@@]([H])(COC(=O)CCCCCCCCC)OC(=O)CCCCCCCCCCCCC)COP(O)(=O)OC[C@@]([H])(COC(=O)CCCCCCCCCCCCCCCC(C)C)OC(=O)CCCCCCCCCCCCCCCCCCCCC(C)CC,[H][C@](O)(COP(O)(=O)OC[C@@]([H])(COC(=O)CCCCCCCCC)OC(=O)CCCCCCCCCCCCCCC)COP(O)(=O)OC[C@@]([H])(COC(=O)CCCCCCCCCCCCCCC(C)C)OC(=O)CCCCCCCCCCCCCCCCCCCCC(C)C,valid,valid,valid_pair
185,[H]C(O)(COP(O)(=O)OC[C@@]([H])(COC(=O)CCCCCCCCCCCCCCCCCC(C)C)OC(=O)CCCCCCCCCCC(C)C)COP(O)(=O)OC[C@@]([H])(COC(=O)CCCCCCCCCCC(C)C)OC(=O)CCCCCCCCCCC(C)C,[H]C(O)(COP(O)(=O)OC[C@@]([H])(COC(=O)CCCCCCCCCC(C)C)OC(=O)CCCCCCCCCCC(C)CC)COP(O)(=O)OC[C@@]([H])(COC(=O)CCCCCCCCC(C)CC)OC(=O)CCCCCCCCCCCCCCCCCCC(C)C,valid,valid,valid_pair
186,CCCCCCCCCCCCCCCCCCCCC(=O)OC[C@@H](COC(=O)CCCCCCCCCCCCCCC(C)C)OC(=O)CCCCCCCCCCCCC(C)CC,[H][C@](COC(=O)CCCCCCCCCCCCCCCCCC(C)C)(COC(=O)CCCCCCCCCC(C)C)OC(=O)CCCCCCCCCCCCCCCCCCC(C)C,valid,valid,valid_pair
187,[H]C(O)(COP(O)(=O)OC[C@@]([H])(COC(=O)CCCCCCCCCCCCCCCCC(C)C)OC(=O)CCCCCCCCCCCCCCCCCC(C)C)COP(O)(=O)OC[C@@]([H])(COC(=O)CCCCCCCCCC(C)C)OC(=O)CCCCCCCCCCC(C)CC,[H][C@@](O)(COP(O)(=O)OC[C@@]([H])(COC(=O)CCCCCCCCCCCCCCCCC(C)CC)OC(=O)CCCCCCCCCCCCCCCCCCCCCCC)COP(O)(=O)OC[C@@]([H])(COC(=O)CCCCCCCCCC)OC(=O)CCCCCCCCC(C)CC,valid,valid,valid_pair
188,[H][C@@](O)(COP(O)(=O)OC[C@@]([H])(COC(=O)CCCCCCCCCCCCC(C)C)OC(=O)CCCCCCCCCCCCCCCC(C)C)COP(O)(=O)OC[C@@]([H])(COC(=O)CCCCCCCCCCCC(C)C)OC(=O)CCCCCCCCCCCC(C)C,[H][C@](O)(COP(O)(=O)OC[C@@]([H])(COC(=O)CCCCCCC)OC(=O)CCCCCCCCCCC(C)CC)COP(O)(=O)OC[C@@]([H])(COC(=O)CCCCCCCCCCCCCCCCCC(C)C)OC(=O)CCCCCCCCCCCCCCCCCC(C)C,valid,valid,valid_pair
189,[H][C@](O)(COP(O)(=O)OC[C@@]([H])(COC(=O)CCCCCCCCCC)OC(=O)CCCCCCCCCCC(C)C)COP(O)(=O)OC[C@@]([H])(COC(=O)CCCCCCCCCCCCCCCCCC(C)C)OC(=O)CCCCCCCCCCCCCCCCCCCCC,[H][C@@](O)(COP(O)(=O)OC[C@@]([H])(COC(=O)CCCCCCCCCCCCCC(C)C)OC(=O)CCCCCCCCCCCCCCCC(C)C)COP(O)(=O)OC[C@@]([H])(COC(=O)CCCCCCCCCCC(C)CC)OC(=O)CCCCCCCCCCCCCCCC,valid,valid,valid_pair
190,[H][C@@](O)(COP(O)(=O)OC[C@@]([H])(COC(=O)CCCCCCCCCCC(C)C)OC(=O)CCCCCCCCCCCCCCCCCCCCCCC)COP(O)(=O)OC[C@@]([H])(COC(=O)CCCCCCCCCCCC)OC(=O)CCCCCCCCC(C)CC,[H]C(O)(COP(O)(=O)OC[C@@]([H])(COC(=O)CCCCCCCCCCC(C)C)OC(=O)CCCCCCCCCCCCC(C)C)COP(O)(=O)OC[C@@]([H])(COC(=O)CCCCCCCCCC(C)C)OC(=O)CCCCCCCCCCCCCCCCCC(C)C,valid,valid,valid_pair
191,[H]C(O)(COP(O)(=O)OC[C@@]([H])(COC(=O)CCCCCCCCCC(C)C)OC(=O)CCCCCCCCCCCCC(C)C)COP(O)(=O)OC[C@@]([H])(COC(=O)CCCCCCCCC(C)C)OC(=O)CCCCCCCCCCCCCCCCCCC(C)C,[H][C@@](O)(COP(O)(=O)OC[C@@]([H])(COC(=O)CCCCCCCCCCCCC(C)C)OC(=O)CCCCCCCCCCCCCCCCCCCCC(C)C)COP(O)(=O)OC[C@@]([H])(COC(=O)CCCCCCCCC)OC(=O)CCCCCCCCC(C)CC,valid,valid,valid_pair
192,[H][C@@](O)(COP(O)(=O)OC[C@@]([H])(COC(=O)CCCCCCCCCCCCCCC)OC(=O)CCCCCCCCCCCCCCCCCCC(C)C)COP(O)(=O)OC[C@@]([H])(COC(=O)CCCCCCCCC(C)CC)OC(=O)CCCCCCCCCCC(C)CC,[H][C@](O)(COP(O)(=O)OC[C@@]([H])(COC(=O)CCCCCCCCCC)OC(=O)CCCCCCCCCCCC(C)C)COP(O)(=O)OC[C@@]([H])(COC(=O)CCCCCCCCCCCCC(C)CC)OC(=O)CCCCCCCCCCCCCCCCCCCCCC,valid,valid,valid_pair
193,[H][C@](O)(COP(O)(=O)OC[C@@]([H])(COC(=O)CCCCCCC)OC(=O)CCCCCCCCCC)COP(O)(=O)OC[C@@]([H])(COC(=O)CCCCCCCCCCCCCCCC(C)C)OC(=O)CCCCCCCCCCCCCCCCCCC,[H][C@](O)(COP(O)(=O)OC[C@@]([H])(COC(=O)CCCCCCCCCC)OC(=O)CCCCCCCCCCCCC)COP(O)(=O)OC[C@@]([H])(COC(=O)CCCCCCCCCCCCC(C)C)OC(=O)CCCCCCCCCCCCCCCC,valid,valid,valid_pair
194,[H]C(O)(COP(O)(=O)OC[C@@]([H])(COC(=O)CCCCCCCCCCC(C)C)OC(=O)CCCCCCCCCCC(C)CC)COP(O)(=O)OC[C@@]([H])(COC(=O)CCCCCCCCC(C)C)OC(=O)CCCCCCCCCCC(C)C,[H][C@@](O)(COP(O)(=O)OC[C@@]([H])(COC(=O)CCCCCCCCCCCC(C)C)OC(=O)CCCCCCCCCCCCC(C)C)COP(O)(=O)OC[C@@]([H])(COC(=O)CCCCCCCCCC)OC(=O)CCCCCCCCC(C)CC,valid,valid,valid_pair
195,[H][C@](O)(COP(O)(=O)OC[C@@]([H])(COC(=O)CCCCCCCCCCC)OC(=O)CCCCCCCCCCC)COP(O)(=O)OC[C@@]([H])(COC(=O)CCCCCCCCC(C)CC)OC(=O)CCCCCCCCCCCCCCCCCCCCC,[H][C@@](O)(COP(O)(=O)OC[C@@]([H])(COC(=O)CCCCCCCCCCCCC(C)C)OC(=O)CCCCCCCCCCCCC(C)CC)COP(O)(=O)OC[C@@]([H])(COC(=O)CCCCCCCCCCCC)OC(=O)CCCCCCCCCC(C)C,valid,valid,valid_pair
196,[H][C@](O)(COP(O)(=O)OC[C@@]([H])(COC(=O)CCCCCCCCCCCCC)OC(=O)CCCCCCCCCCCCCCCC)COP(O)(=O)OC[C@@]([H])(COC(=O)CCCCCCCCCCCCCCC(C)C)OC(=O)CCCCCCCCCCCCCCCCCCCCCCCC,[H][C@@](O)(COP(O)(=O)OC[C@@]([H])(COC(=O)CCCCCCCCCCCCCCCCCCCCCC)OC(=O)CCCCCCCCCCCCCCCCCCCCC(C)C)COP(O)(=O)OC[C@@]([H])(COC(=O)CCCCCCCCCC(C)C)OC(=O)CCCCCCCCCCCCC,valid,valid,valid_pair
197,[H][C@](COC(=O)CCCCCCCCCCC)(COC(=O)CCCCCCCCCCCCCCCCC(C)C)OC(=O)CCCCCCCCCCC(C)CC,[H][C@@](COC(=O)CCCCCCCCCCCCCCCCCCCC)(COC(=O)CCCCCCCCCC(C)C)OC(=O)CCCCCCCCC(C)CC,valid,valid,valid_pair
198,[H][C@](O)(COP(O)(=O)OC[C@@]([H])(COC(=O)CCCCCCCCCCCCCC)OC(=O)CCCCCCCCCCCCCC)COP(O)(=O)OC[C@@]([H])(COC(=O)CCCCCCCCCCCCCC(C)C)OC(=O)CCCCCCCCCCCCCCCCCCCC,[H][C@](O)(COP(O)(=O)OC[C@@]([H])(COC(=O)CCCCCCCCCCCCCC)OC(=O)CCCCCCCCCCCCCCCC)COP(O)(=O)OC[C@@]([H])(COC(=O)CCCCCCCCCCCCC(C)CC)OC(=O)CCCCCCCCCCCCCCCCCC,valid,valid,valid_pair
199,[H][C@@](COC(=O)CCCCCCCCCCCCCCC)(COC(=O)CCCCCCCCCCCCCCCCCC(C)C)OC(=O)CCCCCCCCCCC(C)C,[H][C@@](COC(=O)CCCCCCCCCCCCCCCCCC(C)C)(COC(=O)CCCCCCCCCCC(C)CC)OC(=O)CCCCCCCCCCCC(C)C,valid,valid,valid_pair
200,[H][C@](O)(COP(O)(=O)OC[C@@]([H])(COC(=O)CCCCCCC)OC(=O)CCCCCCCCCCCCCCCCC)COP(O)(=O)OC[C@@]([H])(COC(=O)CCCCCCCCCCCCCCCCCC(C)C)OC(=O)CCCCCCCCCCCCCCCCCCCCC(C)C,[H][C@](O)(COP(O)(=O)OC[C@@]([H])(COC(=O)CCCCCCC\C=C/CCCCCC)OC(=O)CCCCCCC\C=C/CCCCCCCC)COP(O)(=O)OC[C@@]([H])(COC(=O)CCCCCCCCC\C=C/CCCCCC)OC(=O)CCC\C=C/C\C=C/C\C=C/C\C=C/CCCCC,valid,valid,valid_pair
201,[H][C@](O)(COP(O)(=O)OC[C@@]([H])(COC(=O)CCCCCCCCC)OC(=O)CCCCCCCCCCC(C)CC)COP(O)(=O)OC[C@@]([H])(COC(=O)CCCCCCCCCCCC(C)C)OC(=O)CCCCCCCCCCCCCCCCC,[H][C@@](O)(COP(O)(=O)OC[C@@]([H])(COC(=O)CCCCCCCCCCCCCC(C)C)OC(=O)CCCCCCCCCCCC(C)C)COP(O)(=O)OC[C@@]([H])(COC(=O)CCCCCCCCC(C)CC)OC(=O)CCCCCCCCCC(C)C,valid,valid,valid_pair
202,[H][C@](O)(COP(O)(=O)OC[C@@]([H])(COC(=O)CCCCCCCCC)OC(=O)CCCCCCCCCCCCCC)COP(O)(=O)OC[C@@]([H])(COC(=O)CCCCCCCCCCCC(C)C)OC(=O)CCCCCCCCCCCCC(C)CC,[H]C(O)(COP(O)(=O)OC[C@@]([H])(COC(=O)CCCCCCCCC(C)CC)OC(=O)CCCCCCCCCCCCCCC(C)C)COP(O)(=O)OC[C@@]([H])(COC(=O)CCCCCCCCCC(C)C)OC(=O)CCCCCCCCC(C)CC,valid,valid,valid_pair
203,[H][C@@](O)(COP(O)(=O)OC[C@@]([H])(COC(=O)CCCCCCCCCCCCCCCCC(C)CC)OC(=O)CCCCCCCCCCCCC(C)C)COP(O)(=O)OC[C@@]([H])(COC(=O)CCCCCCCCC(C)C)OC(=O)CCCCCCCCCCCC(C)C,[H][C@](O)(COP(O)(=O)OC[C@@]([H])(COC(=O)CCCCCCCCCCC)OC(=O)CCCCCCCCCCCC)COP(O)(=O)OC[C@@]([H])(COC(=O)CCCCCCCCCCCCCCCCC)OC(=O)CCCCCCCCCCCCCCCCCCCC,valid,valid,valid_pair
204,[H][C@](O)(CO)COP(O)(=O)OC[C@@]([H])(COC(=O)CCCCCC\C=C/C\C=C/C\C=C/C\C=C/CC)OC(=O)CCC[C@@H](O)\C=C/C=C/C=C/[C@@H](O)C\C=C/CCCCC,CCCCC[C@H](O)\C=C\[C@H]1OC(O)C[C@H](O)[C@@H]1C\C=C/CCCC(=O)O[C@H](COC(=O)CCCCCCCCCCCCCC(C)C)COP(O)(=O)OC[C@@H](O)CO,valid,valid,valid_pair
205,[H][C@](O)(COP(O)(=O)OC[C@@]([H])(COC(=O)CCCCCCCCCC)OC(=O)CCCCCCCCCCCCCCCC)COP(O)(=O)OC[C@@]([H])(COC(=O)CCCCCCCCCCCCCCCC)OC(=O)CCCCCCCCCCCCCCCCCCC(C)C,[H][C@](O)(COP(O)(=O)OC[C@@]([H])(COC(=O)CCCCCCCCC(C)CC)OC(=O)CCCCCCCCCCCCCC(C)C)COP(O)(=O)OC[C@@]([H])(COC(=O)CCCCCCCCCCCCCCCCCCCCC(C)C)OC(=O)CCCCCCCCC(C)CC,valid,valid,valid_pair
206,[H][C@@](O)(COP(O)(=O)OC[C@@]([H])(COC(=O)CCCCCCCCCCCCCCCCCC(C)C)OC(=O)CCCCCCCCCCCCCCCCCCC(C)C)COP(O)(=O)OC[C@@]([H])(COC(=O)CCCCCCCCC(C)C)OC(=O)CCCCCCCCC(C)C,[H][C@](O)(COP(O)(=O)OC[C@@]([H])(COC(=O)CCCCCCCCCCCC)OC(=O)CCCCCCCCCCCCC(C)CC)COP(O)(=O)OC[C@@]([H])(COC(=O)CCCCCCCCCCCCCC(C)C)OC(=O)CCCCCCCCCCCCCCCCC(C)C,valid,valid,valid_pair
207,[H][C@](O)(COP(O)(=O)OC[C@@]([H])(COC(=O)CCCCCCC)OC(=O)CCCCCCCCCCCCCCCC)COP(O)(=O)OC[C@@]([H])(COC(=O)CCCCCCCCCCCCCCCC)OC(=O)CCCCCCCCCCCCCCCCC(C)CC,[H][C@](O)(COP(O)(=O)OC[C@@]([H])(COC(=O)CCCCCCC)OC(=O)CCCCCCCCCC(C)C)COP(O)(=O)OC[C@@]([H])(COC(=O)CCCCCCCCCCCCCCCCCCCC)OC(=O)CCCCCCCCCCCCCCCCCCCC,valid,valid,valid_pair
208,[H][C@@](O)(COP(O)(=O)OC[C@@]([H])(COC(=O)CCCCCCCCCCCCCCCC(C)C)OC(=O)CCCCCCCCCCCCCCCC(C)C)COP(O)(=O)OC[C@@]([H])(COC(=O)CCCCCCCCC(C)CC)OC(=O)CCCCCCCCCCCCC(C)C,[H][C@](O)(COP(O)(=O)OC[C@@]([H])(COC(=O)CCCCCCCCCCCCCC)OC(=O)CCCCCCCCCCCCCCC)COP(O)(=O)OC[C@@]([H])(COC(=O)CCCCCCCCCCCCC(C)CC)OC(=O)CCCCCCCCCCCCCCCCCC,valid,valid,valid_pair
209,[H][C@](O)(COP(O)(=O)OC[C@@]([H])(COC(=O)CCCCCCCCCCCCCC)OC(=O)CCCCCCCCCCCCCCCCC)COP(O)(=O)OC[C@@]([H])(COC(=O)CCCCCCCCCCCCCCCCCCC)OC(=O)CCCCCCCCCCCCCCCCCCCCCCC,[H][C@](O)(COP(O)(=O)OC[C@@]([H])(COC(=O)CCCCCCCCCCCCC)OC(=O)CCCCCCCCCCCCCCCCC)COP(O)(=O)OC[C@@]([H])(COC(=O)CCCCCCCCCCCCCCCCC(C)C)OC(=O)CCCCCCCCCCCCCCCCCCCCC(C)CC,valid,valid,valid_pair
210,[H][C@](COC(=O)CCCCCCCCCCCCCCCCCCC)(COC(=O)CCCCCCCCCCCCCCCCCCCCC)OC(=O)CCCCCCCCCC(C)C,[H][C@](COC(=O)CCCCCCCCCCCCC)(COC(=O)CCCCCCCCCCCCCCCC(C)C)OC(=O)CCCCCCCCCCCCCCCCCCCCC,valid,valid,valid_pair
211,[H][C@@](COC(=O)CCC\C=C/C\C=C/C\C=C/C\C=C/CCCCC)(COP([O-])(=O)OCC[N+](C)(C)C)OC(=O)CCC\C=C/C\C=C/C\C=C/C\C=C/CC[C@H](O)CC,[H][C@@](COC(=O)CCCCCC\C=C/C\C=C/C\C=C/CCCCC)(COP([O-])(=O)OCC[N+](C)(C)C)OC(=O)CCC\C=C/C\C=C/C\C=C/C=C/C(=O)CCCCC,valid,valid,valid_pair
212,[H][C@@](O)(COP(O)(=O)OC[C@@]([H])(COC(=O)CCCCCCCCCCCCCCCCCCC)OC(=O)CCCCCCCCCCCCCCCCCC(C)C)COP(O)(=O)OC[C@@]([H])(COC(=O)CCCCCCCCC(C)C)OC(=O)CCCCCCCCCCCCC(C)C,[H][C@](O)(COP(O)(=O)OC[C@@]([H])(COC(=O)CCCCCCCCCCC)OC(=O)CCCCCCCCCCCCCCC(C)C)COP(O)(=O)OC[C@@]([H])(COC(=O)CCCCCCCCCCCCCCCCCC)OC(=O)CCCCCCCCCCCCCCCCCCC,valid,valid,valid_pair
213,[H][C@@](O)(COP(O)(=O)OC[C@@]([H])(COC(=O)CCCCCCCCCCCCCCCCCCCCC(C)C)OC(=O)CCCCCCCCCCCCC(C)C)COP(O)(=O)OC[C@@]([H])(COC(=O)CCCCCCCCC(C)CC)OC(=O)CCCCCCCCCCCC(C)C,[H][C@](O)(COP(O)(=O)OC[C@@]([H])(COC(=O)CCCCCCCCCCCCCC)OC(=O)CCCCCCCCCCCCCCC)COP(O)(=O)OC[C@@]([H])(COC(=O)CCCCCCCCCCCCCC(C)C)OC(=O)CCCCCCCCCCCCCCCCCCC,valid,valid,valid_pair
214,[H][C@@](O)(COP(O)(=O)OC[C@@]([H])(COC(=O)CCCCCCCCCCCCCCC)OC(=O)CCCCCCCCCCCCCCCCCCCCC(C)CC)COP(O)(=O)OC[C@@]([H])(COC(=O)CCCCCCCCC(C)CC)OC(=O)CCCCCCCCCCCC(C)C,[H][C@@](O)(COP(O)(=O)OC[C@@]([H])(COC(=O)CCCCCCCCCCCCCC(C)C)OC(=O)CCCCCCCCCCCCCCCCCCCCCC)COP(O)(=O)OC[C@@]([H])(COC(=O)CCCCCCCCCC(C)C)OC(=O)CCCCCCCCCCCCC(C)C,valid,valid,valid_pair
215,[H][C@](O)(COP(O)(=O)OC[C@@]([H])(COC(=O)CCCCCCCCCCCC)OC(=O)CCCCCCCCCCCCCCC)COP(O)(=O)OC[C@@]([H])(COC(=O)CCCCCCCCCCCCCCCCC(C)CC)OC(=O)CCCCCCCCCCCCCCCCCCCCC(C)CC,[H][C@@](O)(COP(O)(=O)OC[C@@]([H])(COC(=O)CCCCCCCCCCCCCCCCC(C)C)OC(=O)CCCCCCCCCCCCCCCCCC(C)C)COP(O)(=O)OC[C@@]([H])(COC(=O)CCCCCCCCCCCCCCC)OC(=O)CCCCCCCCCCCCCCC(C)C,valid,valid,valid_pair
216,[H][C@@](O)(COP(O)(=O)OC[C@@]([H])(COC(=O)CCCCCCCCCCCCC(C)C)OC(=O)CCCCCCCCCCCCCCCC(C)C)COP(O)(=O)OC[C@@]([H])(COC(=O)CCCCCCCCC(C)CC)OC(=O)CCCCCCCCCCCCCCCCCCC(C)C,[H][C@@](O)(COP(O)(=O)OC[C@@]([H])(COC(=O)CCCCCCCCCCCCCCCCCCCC)OC(=O)CCCCCCCCCCCCCCCCCCCCC(C)C)COP(O)(=O)OC[C@@]([H])(COC(=O)CCCCCCCCC(C)C)OC(=O)CCCCCCCCCCCC,valid,valid,valid_pair
217,[H]C(O)(COP(O)(=O)OC[C@@]([H])(COC(=O)CCCCCCCCCCCCCCCCC(C)CC)OC(=O)CCCCCCCCCCCCCCCCC(C)CC)COP(O)(=O)OC[C@@]([H])(COC(=O)CCCCCCCCCC(C)C)OC(=O)CCCCCCCCCC(C)C,[H][C@@](O)(COP(O)(=O)OC[C@@]([H])(COC(=O)CCCCCCCCCCCCCCCCC(C)CC)OC(=O)CCCCCCCCCCCCCCCCCCCCCCC)COP(O)(=O)OC[C@@]([H])(COC(=O)CCCCCCCCCC)OC(=O)CCCCCCCCC(C)C,valid,valid,valid_pair
218,[H]C(O)(COP(O)(=O)OC[C@@]([H])(COC(=O)CCCCCCCCCCCCCCCCC(C)CC)OC(=O)CCCCCCCCCCCC(C)C)COP(O)(=O)OC[C@@]([H])(COC(=O)CCCCCCCCCC(C)C)OC(=O)CCCCCCCCC(C)C,[H][C@@](O)(COP(O)(=O)OC[C@@]([H])(COC(=O)CCCCCCCCCCCCC(C)CC)OC(=O)CCCCCCCCCCC(C)CC)COP(O)(=O)OC[C@@]([H])(COC(=O)CCCCCCCCC(C)C)OC(=O)CCCCCCCCCCCCC(C)CC,valid,valid,valid_pair
219,[H][C@@](O)(COP(O)(=O)OC[C@@]([H])(COC(=O)CCCCCCCCCCCCCCCCCCC(C)C)OC(=O)CCCCCCCCCCCCC(C)CC)COP(O)(=O)OC[C@@]([H])(COC(=O)CCCCCCCCC(C)C)OC(=O)CCCCCCCCCCCCCCC(C)C,[H][C@@](O)(COP(O)(=O)OC[C@@]([H])(COC(=O)CCCCCCCCCCCCCCC(C)C)OC(=O)CCCCCCCCCCCCCCCCCC(C)C)COP(O)(=O)OC[C@@]([H])(COC(=O)CCCCCCCCCCC(C)CC)OC(=O)CCCCCCCCCCCC(C)C,valid,valid,valid_pair
220,[H][C@@](O)(COP(O)(=O)OC[C@@]([H])(COC(=O)CCCCCCCCCCCCC(C)C)OC(=O)CCCCCCCCCCCCCCCCCCCCCCC)COP(O)(=O)OC[C@@]([H])(COC(=O)CCCCCCCCCCC(C)C)OC(=O)CCCCCCCCCCC(C)CC,[H][C@@](O)(COP(O)(=O)OC[C@@]([H])(COC(=O)CCCCCCCCCCCCCCC(C)C)OC(=O)CCCCCCCCCCCCCCCCCC)COP(O)(=O)OC[C@@]([H])(COC(=O)CCCCCCCCCCC(C)CC)OC(=O)CCCCCCCCCCCCCC(C)C,valid,valid,valid_pair
221,[H][C@](O)(COP(O)(=O)OC[C@@]([H])(COC(=O)CCCCCCCCC(C)CC)OC(=O)CCCCCCCCCC(C)C)COP(O)(=O)OC[C@@]([H])(COC(=O)CCCCCCCCCCC(C)CC)OC(=O)CCCCCCCCC(C)CC,[H][C@](O)(COP(O)(=O)OC[C@@]([H])(COC(=O)CCCCCCCCC)OC(=O)CCCCCCCCCCCCC)COP(O)(=O)OC[C@@]([H])(COC(=O)CCCCCCCCCCCCCC)OC(=O)CCCCCCCCCCCC(C)C,valid,valid,valid_pair
222,[H][C@@](O)(COP(O)(=O)OC[C@@]([H])(COC(=O)CCCCCCCCCCCCC(C)CC)OC(=O)CCCCCCCCCCCCCCCCCCCCCC)COP(O)(=O)OC[C@@]([H])(COC(=O)CCCCCCCCCC(C)C)OC(=O)CCCCCCCCCCCCCC,[H][C@@](O)(COP(O)(=O)OC[C@@]([H])(COC(=O)CCCCCCCCCCCCCCCC)OC(=O)CCCCCCCCCCCCCCCCCCCCCC)COP(O)(=O)OC[C@@]([H])(COC(=O)CCCCCCCCC(C)CC)OC(=O)CCCCCCCCCCC(C)CC,valid,valid,valid_pair
223,[H][C@](O)(COP(O)(=O)OC[C@@]([H])(COC(=O)CCCCCCCCCCCCCC)OC(=O)CCCCCCCCCCCCCCC)COP(O)(=O)OC[C@@]([H])(COC(=O)CCCCCCCCCCCCCC(C)C)OC(=O)CCCCCCCCCCCCCCCCCC,[H][C@](O)(COP(O)(=O)OC[C@@]([H])(COC(=O)CCCCCCC)OC(=O)CCCCCCCCCCCCC(C)CC)COP(O)(=O)OC[C@@]([H])(COC(=O)CCCCCCCCCCCCCC(C)C)OC(=O)CCCCCCCCCCCCCCCCCCCCCCCC,valid,valid,valid_pair
224,[H][C@@](COC(=O)CCCCCCC[C@@H](O)[C@H](O)C\C=C/CCCCC)(COP(O)(=O)OC[C@H](N)C(O)=O)OC(=O)CCCCCCCCCCCCC,[H][C@](COC(=O)CCCCCCCCCCCCCCCCC(C)C)(COC(=O)CCCCCCCCCCC(C)CC)OC(=O)CCCCCCCCC,valid,valid,valid_pair
225,[H]C(O)(COP(O)(=O)OC[C@@]([H])(COC(=O)CCCCCCCCCCC(C)C)OC(=O)CCCCCCCCCCC(C)CC)COP(O)(=O)OC[C@@]([H])(COC(=O)CCCCCCCCCCC(C)C)OC(=O)CCCCCCCCC(C)CC,[H]C(O)(COP(O)(=O)OC[C@@]([H])(COC(=O)CCCCCCCCCCC(C)C)OC(=O)CCCCCCCCCCCC(C)C)COP(O)(=O)OC[C@@]([H])(COC(=O)CCCCCCCCC(C)C)OC(=O)CCCCCCCCCCC(C)CC,valid,valid,valid_pair
226,[H][C@](O)(COP(O)(=O)OC[C@@]([H])(COC(=O)CCCCCCCCCCCCCC)OC(=O)CCCCCCCCCCCCCC)COP(O)(=O)OC[C@@]([H])(COC(=O)CCCCCCCCCCCCCCCC(C)C)OC(=O)CCCCCCCCCCCCCCCCCCC,[H][C@@](O)(COP(O)(=O)OC[C@@]([H])(COC(=O)CCCCCCCCCCCCCCCCCCC(C)C)OC(=O)CCCCCCCCCCCCCCCCCCCCCCCC)COP(O)(=O)OC[C@@]([H])(COC(=O)CCCCCCCCC)OC(=O)CCCCCCCCC(C)C,valid,valid,valid_pair
227,[H][C@@](O)(COP(O)(=O)OC[C@@]([H])(COC(=O)CCCCCCCCCCCCC(C)C)OC(=O)CCCCCCCCCCCCC(C)C)COP(O)(=O)OC[C@@]([H])(COC(=O)CCCCCCCCC(C)C)OC(=O)CCCCCCCCCCCCC(C)CC,[H][C@@](O)(COP(O)(=O)OC[C@@]([H])(COC(=O)CCCCCCCCCCCCC(C)C)OC(=O)CCCCCCCCCCCCC(C)CC)COP(O)(=O)OC[C@@]([H])(COC(=O)CCCCCCCCC(C)CC)OC(=O)CCCCCCCCCCCC(C)C,valid,valid,valid_pair
228,[H][C@@](COC(=O)CCCCCCC)(COC(=O)CCCCCCCCCCCCC(C)C)OC(=O)CCCCCCCCCCCCCCCCCCCCC,[H][C@](COC(=O)CCCCCCCCCCCCCCCCC)(COC(=O)CCCCCCCCCCCCC(C)C)OC(=O)CCCCCCCCCCC,valid,valid,valid_pair
229,[H][C@](O)(COP(O)(=O)OC[C@@]([H])(COC(=O)CCCCCCCCCCC)OC(=O)CCCCCCCCCCCCC)COP(O)(=O)OC[C@@]([H])(COC(=O)CCCCCCCCCCCCCCC(C)C)OC(=O)CCCCCCCCCCCCCCCCCCCCCCCC,[H][C@@](O)(COP(O)(=O)OC[C@@]([H])(COC(=O)CCCCCCCCCCCCCCCCCCCC)OC(=O)CCCCCCCCCCCCCCCCCCCC)COP(O)(=O)OC[C@@]([H])(COC(=O)CCCCCCCCCCC)OC(=O)CCCCCCCCCCC(C)CC,valid,valid,valid_pair
230,CCCCC[C@H](O)\C=C\[C@@H]1[C@@H](O)[C@@H](O)[C@H]2OP(O)(=O)OC[C@@H](COC(=O)CC\C=C/C\C=C/C\C=C/C\C=C/C\C=C/C\C=C/CC)OC(=O)CCC\C=C/C[C@@H]([C@@H](O)CC1=O)[C@@H](O)[C@H](O)[C@H]2O,[H][C@@](COCCCCCCCCCCCCCCCCCC)(COC(=O)CCCCCCCCCCCCC\C=C/CCCCCCCC)OC(=O)CCC\C=C/C\C=C/C\C=C/C\C=C/CCCCC,valid,valid,valid_pair
231,[H]C(O)(COP(O)(=O)OC[C@@]([H])(COC(=O)CCCCCCCCCCCCC(C)C)OC(=O)CCCCCCCCCCCCCCCCC(C)C)COP(O)(=O)OC[C@@]([H])(COC(=O)CCCCCCCCCC(C)C)OC(=O)CCCCCCCCCCCCCCCCC(C)CC,[H][C@](O)(COP(O)(=O)OC[C@@]([H])(COC(=O)CCCCCCCCCCCC)OC(=O)CCCCCCCCCCCCC(C)CC)COP(O)(=O)OC[C@@]([H])(COC(=O)CCCCCCCCCCCCCCC(C)C)OC(=O)CCCCCCCCCCCCCCCCCCC(C)C,valid,valid,valid_pair
232,[H][C@](O)(COP(O)(=O)OC[C@@]([H])(COC(=O)CCCCCCCCCC)OC(=O)CCCCCCCCCCCCCC(C)C)COP(O)(=O)OC[C@@]([H])(COC(=O)CCCCCCCCCCCCCCCCCC)OC(=O)CCCCCCCCCCCCCCCCCCCCC,[H][C@](O)(COP(O)(=O)OC[C@@]([H])(COC(=O)CCCCCCC)OC(=O)CCCCCCCCCCCCCCCC)COP(O)(=O)OC[C@@]([H])(COC(=O)CCCCCCCCCCCCCCCCCCCC)OC(=O)CCCCCCCCCCCCCCCCCCCCCC,valid,valid,valid_pair
233,[H][C@](COC(=O)CCCCCCCCCCCCCCCCCCCC)(COC(=O)CCCCCCCCCCCCCCC(C)C)OC(=O)CCCCCCCCCCCCC,[H][C@@](COC(=O)CCCCCCCCCCCCCCCCCCC)(COC(=O)CCCCCCCCCCCCC(C)C)OC(=O)CCCCCCCCCCCCCC(C)C,valid,valid,valid_pair
234,[H][C@](COC(=O)CCCCCCCCCCCCCCCCCCCC)(COC(=O)CCCCCCCCCC(C)C)OC(=O)CCCCCCCCCCCCCC(C)C,[H][C@](COC(=O)CCCCCCCCCCCCCCC(C)C)(COC(=O)CCCCCCCCCCCCC(C)C)OC(=O)CCCCCCCCCCCCCC(C)C,valid,valid,valid_pair
235,[H][C@](COC(=O)CCCCCCCCCCCCCCC(C)C)(COC(=O)CCCCCCCCCCC(C)CC)OC(=O)CCCCCCC,[H][C@@](O)(COC(=O)CCCCCCCCCCCCCCCCCCCCC)COC(=O)CCCCCCCCCCCCCCCCC(C)C,valid,valid,valid_pair
236,[H][C@@](O)(COP(O)(=O)OC[C@@]([H])(COC(=O)CCCCCCCCCCCCCCC)OC(=O)CCCCCCCCCCCCCCCCCCCCC)COP(O)(=O)OC[C@@]([H])(COC(=O)CCCCCCCCCC(C)C)OC(=O)CCCCCCCCCCCCCCC,[H][C@](O)(COP(O)(=O)OC[C@@]([H])(COC(=O)CCCCCCCCCCCCC)OC(=O)CCCCCCCCCCCCCCC)COP(O)(=O)OC[C@@]([H])(COC(=O)CCCCCCCCCCCCCCC)OC(=O)CCCCCCCCCCCCCCCCCCCC,valid,valid,valid_pair
237,[H][C@](O)(COP(O)(O)=O)COP(O)(=O)OC[C@@]([H])(COC(=O)CCC\C=C/C\C=C/C\C=C/C\C=C/[C@@H](O)CCCC)OC(=O)CCCCCCCCC\C=C/C\C=C/CCCCC,[H][C@](O)(COP(O)(O)=O)COP(O)(=O)OC[C@@]([H])(COC(=O)CCCCCCCCCCCCCCCCC)OC(=O)CC\C=C/C\C=C/C\C=C/C\C=C/CC1OC1C\C=C/CC,valid,valid,valid_pair
238,[H][C@](COC(=O)CCCCCCCCCCCCCCC)(COC(=O)CCCCCCCCCCCCCCC(C)C)OC(=O)CCCCCCCCCCCCCCCCCC(C)C,[H][C@](COC(=O)CCCCCCCCCCCCCC)(COC(=O)CCCCCCCCCCCCCCCCCC)OC(=O)CCCCCCCCCCCCCCCCCC(C)C,valid,valid,valid_pair
239,[H][C@](O)(COP(O)(=O)OC[C@@]([H])(COC(=O)CCCCCCCCCCC)OC(=O)CCCCCCCCCCCCC)COP(O)(=O)OC[C@@]([H])(COC(=O)CCCCCCCCCCCCCCCC(C)C)OC(=O)CCCCCCCCCCCCCCCCCCCCCCC,[H][C@](O)(COP(O)(=O)OC[C@@]([H])(COC(=O)CCCCCCCCC)OC(=O)CCCCCCCCCCCCCCCC(C)C)COP(O)(=O)OC[C@@]([H])(COC(=O)CCCCCCCCCCCCCCCC(C)C)OC(=O)CCCCCCCCCCCCCCCCCC(C)C,valid,valid,valid_pair
240,[H][C@@](O)(COP(O)(=O)OC[C@@]([H])(COC(=O)CCCCCCCCCCCCCCC(C)C)OC(=O)CCCCCCCCCCCCCCCCCC)COP(O)(=O)OC[C@@]([H])(COC(=O)CCCCCCCCCCC(C)C)OC(=O)CCCCCCCCCCCCCCCCC,[H][C@@](O)(COP(O)(=O)OC[C@@]([H])(COC(=O)CCCCCCCCCCCCCCC)OC(=O)CCCCCCC\C=C/C\C=C/CCCCC)COP(O)(=O)OC[C@@]([H])(COC(=O)CCCCCCC\C=C/CCCCCC)OC(=O)CCC\C=C/C\C=C/C\C=C/C\C=C/CCCCC,valid,valid,valid_pair
241,[H][C@@](COC(=O)CCCCCCCCCCCCCCCCCCCC)(COC(=O)CCCCCCCCCCCCC(C)CC)OC(=O)CCCCCCCCCCCCCC,[H][C@@](COC(=O)CCCCCCCCCCCCCCCCCCC(C)C)(COC(=O)CCCCCCCCCCCCC(C)C)OC(=O)CCCCCCCCCCC(C)CC,valid,valid,valid_pair
242,[H]C(O)(COP(O)(=O)OC[C@@]([H])(COC(=O)CCCCCCCCCCC(C)C)OC(=O)CCCCCCCCCCC(C)CC)COP(O)(=O)OC[C@@]([H])(COC(=O)CCCCCCCCC(C)CC)OC(=O)CCCCCCCCCCCCCCCCC(C)C,[H][C@@](O)(COP(O)(=O)OC[C@@]([H])(COC(=O)CCCCCCCCCCCCC(C)C)OC(=O)CCCCCCCCCCCCCC(C)C)COP(O)(=O)OC[C@@]([H])(COC(=O)CCCCCCCCC(C)C)OC(=O)CCCCCCCCCCCCC(C)CC,valid,valid,valid_pair
243,[H][C@@](O)(COP(O)(=O)OC[C@@]([H])(COC(=O)CCCCCCCCCC(C)C)OC(=O)CCCCCCCCCCCCCCCCCCCC)COP(O)(=O)OC[C@@]([H])(COC(=O)CCCCCCCCC(C)CC)OC(=O)CCCCCCCCCC(C)C,[H][C@](O)(COP(O)(=O)OC[C@@]([H])(COC(=O)CCCCCCCCC(C)C)OC(=O)CCCCCCCCCCCCCCCCC(C)C)COP(O)(=O)OC[C@@]([H])(COC(=O)CCCCCCCCCCCC(C)C)OC(=O)CCCCCCCCC(C)CC,valid,valid,valid_pair
244,[H][C@@](COC(=O)CCC\C=C/CC1OC1C\C=C/C\C=C/CCCCC)(COP(O)(=O)OP(O)(=O)OC[C@H]1O[C@H]([C@H](O)[C@@H]1O)N1C=CC(N)=NC1=O)OC(=O)CCCCCCCCC(C)CC,[H][C@@](COC(=O)CCCCCCCCCCCCCCCCCCCC)(COC(=O)CCCCCCCCCCCCCCCC(C)C)OC(=O)CCCCCCCCCCCCCCCCCCC,valid,valid,valid_pair
245,[H][C@@](O)(COP(O)(=O)OC[C@@]([H])(COC(=O)CCCCCCCCCCCCCCCCC)OC(=O)CCCCCCCCCCCCCCCCC(C)C)COP(O)(=O)OC[C@@]([H])(COC(=O)CCCCCCCCC(C)C)OC(=O)CCCCCCCCCCC(C)C,[H]C(O)(COP(O)(=O)OC[C@@]([H])(COC(=O)CCCCCCCCCCCC(C)C)OC(=O)CCCCCCCCCCCCCCCCC(C)C)COP(O)(=O)OC[C@@]([H])(COC(=O)CCCCCCCCCCC(C)C)OC(=O)CCCCCCCCCCC(C)CC,valid,valid,valid_pair
246,[H][C@](O)(COP(O)(=O)OC[C@@]([H])(COC(=O)CCCCCCCCCC)OC(=O)CCCCCCCCCCCCCCCCC)COP(O)(=O)OC[C@@]([H])(COC(=O)CCCCCCCCCCCCCCCCC(C)C)OC(=O)CCCCCCCCCCCCCCCCCCCCCCC,[H][C@@](O)(COP(O)(=O)OC[C@@]([H])(COC(=O)CCCCCCCCCCCCCCCCCC)OC(=O)CCCCCCCCCCCCCCCCCCCCC(C)C)COP(O)(=O)OC[C@@]([H])(COC(=O)CCCCCCCCC(C)C)OC(=O)CCCCCCCCCCCCCCCCC,valid,valid,valid_pair
247,[H][C@](COC(=O)CCCCCCCCCCCCCCCCCCCC)(COC(=O)CCCCCCCCCCCCCCCCC(C)C)OC(=O)CCCCCCC,[H][C@@](COC(=O)CCCCCCCCCCCCCCCC)(COC(=O)CCCCCCCCCCCC(C)C)OC(=O)CCCCCCCCCCCCCC(C)C,valid,valid,valid_pair
248,[H]C(O)(COP(O)(=O)OC[C@@]([H])(COC(=O)CCCCCCCCC(C)C)OC(=O)CCCCCCCCCCCCCCCCCCCCC(C)C)COP(O)(=O)OC[C@@]([H])(COC(=O)CCCCCCCCCCCCC(C)CC)OC(=O)CCCCCCCCCC(C)C,[H][C@](O)(COP(O)(=O)OC[C@@]([H])(COC(=O)CCCCCCCCC)OC(=O)CCCCCCCCCCCCCC)COP(O)(=O)OC[C@@]([H])(COC(=O)CCCCCCCCCCCCCC(C)C)OC(=O)CCCCCCCCCCCCCCCCCCCCCCC,valid,valid,valid_pair
249,[H]C(O)(COP(O)(=O)OC[C@@]([H])(COC(=O)CCCCCCCCCCCCC(C)CC)OC(=O)CCCCCCCCCCC(C)C)COP(O)(=O)OC[C@@]([H])(COC(=O)CCCCCCCCC(C)C)OC(=O)CCCCCCCCCCCCCCCCCCC(C)C,[H][C@@](O)(COP(O)(=O)OC[C@@]([H])(COC(=O)CCCCCCCCCC(C)C)OC(=O)CCCCCCCCCCCCCCCCCCCCC(C)C)COP(O)(=O)OC[C@@]([H])(COC(=O)CCCCCCCCC(C)CC)OC(=O)CCCCCCCCCCCC(C)C,valid,valid,valid_pair
250,[H][C@](O)(COP(O)(=O)OC[C@@]([H])(COC(=O)CCCCCCCCC(C)C)OC(=O)CCCCCCCCCCCCCCCC(C)C)COP(O)(=O)OC[C@@]([H])(COC(=O)CCCCCCC\C=C/C=C\CCCCCC)OC(=O)CCCCCCCCC(C)CC,[H][C@](O)(COP(O)(=O)OC[C@@]([H])(COC(=O)CCCCCCC)OC(=O)CCCCCCCCC(C)C)COP(O)(=O)OC[C@@]([H])(COC(=O)CCCCCCC\C=C/C=C\CCCCCC)OC(=O)CCCCCCCCCCCCCCCCCCCCCCC,valid,valid,valid_pair
251,CCCCC[C@@H](O)\C=C\[C@H]1[C@H](O)C[C@H](O)[C@H]1C\C=C/CC(=O)OC[C@H](COP(O)(O)=O)OC(=O)CCCCCCCCCCCCCCCCC(C)CC,[H][C@@](COC(=O)CCCCCCCCCCCCCCCCCCC)(COP(O)(O)=O)OC(=O)CCCCCCCCCCCCCCCCCCC(C)C,valid,valid,valid_pair
252,[H][C@](O)(COP(O)(=O)OC[C@@]([H])(COC(=O)CCCCCCCCC)OC(=O)CCCCCCCCCCC(C)CC)COP(O)(=O)OC[C@@]([H])(COC(=O)CCCCCCCCCCCCCCCCC)OC(=O)CCCCCCCCCCCCCCC(C)C,[H][C@@](O)(COP(O)(=O)OC[C@@]([H])(COC(=O)CCCCCCCCCCCCC)OC(=O)CCCCCCCCCCCCCCCCCCC(C)C)COP(O)(=O)OC[C@@]([H])(COC(=O)CCCCCCCCCCC)OC(=O)CCCCCCCCC(C)CC,valid,valid,valid_pair
253,[H][C@](COC(=O)CCCCCCCCCCCCCCC)(COC(=O)CCCCCCCCCCCCCCCC(C)C)OC(=O)CCCCCCCCCCCC,[H][C@](COC(=O)CCCCCCCCCCCCCCCC)(COC(=O)CCCCCCCCCCCCCCCCCCCC)OC(=O)CCCCCCCCC,valid,valid,valid_pair
254,[H][C@@](O)(COP(O)(=O)OC[C@@]([H])(COC(=O)CCCCCCCCCCCCCCCCC(C)C)OC(=O)CCCCCCCCCCCCCC(C)C)COP(O)(=O)OC[C@@]([H])(COC(=O)CCCCCCCCC(C)C)OC(=O)CCCCCCCCCCCCCCCCC(C)CC,[H][C@@](O)(COP(O)(=O)OC[C@@]([H])(COC(=O)CCCCCCCCCCCCCCCCCC)OC(=O)CCCCCCCCCCCCCCCC(C)C)COP(O)(=O)OC[C@@]([H])(COC(=O)CCCCCCCCCC(C)C)OC(=O)CCCCCCCCCCCCCCCCCC,valid,valid,valid_pair
255,CC1=CCC(CC1)C(C)(C)OC(=O)C1=CC=CC=C1N,O=N(=O)C1=CC2=C(C=CC3=CC=CC=C23)C2=CC=CC=C12,valid,valid,valid_pair
256,[H][C@](O)(COP(O)(=O)OC[C@@]([H])(COC(=O)CCCCCCC)OC(=O)CCCCCCCCCCCC)COP(O)(=O)OC[C@@]([H])(COC(=O)CCCCCCCCCCCCCCCCC(C)CC)OC(=O)CCCCCCCCCCCCCCCCCCCCCCCC,[H][C@@](O)(COP(O)(=O)OC[C@@]([H])(COC(=O)CCCCCCCCCCCCCCCC(C)C)OC(=O)CCCCCCCCCCCCCCCCCCC)COP(O)(=O)OC[C@@]([H])(COC(=O)CCCCCCCCC(C)C)OC(=O)CCCCCCCCCCCCC(C)C,valid,valid,valid_pair
257,[H][C@@](O)(COP(O)(=O)OC[C@@]([H])(COC(=O)CCCCCCCCCCCCCCCCCC)OC(=O)CCCCCCCCCCCCCCCCCCCCC)COP(O)(=O)OC[C@@]([H])(COC(=O)CCCCCCCCCCCCC)OC(=O)CCCCCCCCCCCCC(C)C,[H][C@@](O)(COP(O)(=O)OC[C@@]([H])(COC(=O)CCCCCCCCCCCCCC(C)C)OC(=O)CCCCCCCCCCCCCCCCCCCCC)COP(O)(=O)OC[C@@]([H])(COC(=O)CCCCCCCCCCCC(C)C)OC(=O)CCCCCCCCCCCCCCCC,valid,valid,valid_pair
258,[H][C@](O)(COP(O)(=O)OC[C@@]([H])(COC(=O)CCCCCCC\C=C/CCCCCCCC)OC(=O)CCCCCCC\C=C/CCCCCCCC)COP(O)(=O)OC[C@@]([H])(COC(=O)CC\C=C/C\C=C/C\C=C/C\C=C/C\C=C/C\C=C/CC)OC(=O)CCCCCCC\C=C/CCCCCC,[H][C@](O)(COP(O)(=O)OC[C@@]([H])(COC(=O)CCC\C=C/C\C=C/C\C=C/C\C=C/CCCCC)OC(=O)CCCCCCC\C=C/CCCCCCCC)COP(O)(=O)OC[C@@]([H])(COC(=O)CCCCCCCCCCCCCCC)OC(=O)CCC\C=C/C\C=C/C\C=C/C\C=C/CCCCC,valid,valid,valid_pair
259,[H][C@@](COCCCCCCCCCCCCCCCCCC)(COC(=O)CCCCCCCCC\C=C/CCCCCC)OC(=O)CCC\C=C/C\C=C/C\C=C/C\C=C/CCCCC,[H][C@](N)(COP(O)(=O)OC[C@@]([H])(COC(=O)CCCCCCCCCCCCCCCCCCCCC)OC(=O)CCCCC\C=C/C\C=C/C\C=C/C\C=C/CCCCC)C(O)=O,valid,valid,valid_pair
260,[H][C@@](COP([O-])(=O)OCC[N+](C)(C)C)(NC(=O)CCC[C@@H](O)\C=C\C=C/C\C=C/C\C=C/CCCCC)[C@H](O)\C=C\CCCCCCCC\C=C/CCC,[H][C@@](COC(=O)CCCCCCC)(COC(=O)CCCCCCCCCCCCC(C)C)OC(=O)CCCCCCCCCCCCCCCCC(C)CC,valid,valid,valid_pair
261,[H]C(O)(COP(O)(=O)OC[C@@]([H])(COC(=O)CCCCCCCCCC(C)C)OC(=O)CCCCCCCCCCCC(C)C)COP(O)(=O)OC[C@@]([H])(COC(=O)CCCCCCCCCCCCCCCCCCCCC(C)CC)OC(=O)CCCCCCCCC(C)C,[H][C@@](O)(COP(O)(=O)OC[C@@]([H])(COC(=O)CCCCCCCCCCCCCCCCC)OC(=O)CCCCCCCCCCCCCCCC(C)C)COP(O)(=O)OC[C@@]([H])(COC(=O)CCCCCCCCC(C)C)OC(=O)CCCCCCCCCCCCCCC,valid,valid,valid_pair
262,[H][C@@](O)(COP(O)(=O)OC[C@@]([H])(COC(=O)CCCCCCCCCCCCC(C)CC)OC(=O)CCCCCCCCCCC(C)CC)COP(O)(=O)OC[C@@]([H])(COC(=O)CCCCCCCCC(C)C)OC(=O)CCCCCCCCCCCCCCCCC(C)CC,[H][C@@](O)(COP(O)(=O)OC[C@@]([H])(COC(=O)CCCCCCCCCCCCCCCC)OC(=O)CCCCCCCCCCCCCCCC(C)C)COP(O)(=O)OC[C@@]([H])(COC(=O)CCCCCCCCC(C)C)OC(=O)CCCCCCCCCCCCCCCC,valid,valid,valid_pair
263,[H][C@](O)(COP(O)(=O)OC[C@@]([H])(COC(=O)CCCCCCCCC)OC(=O)CCCCCCCCCCCC)COP(O)(=O)OC[C@@]([H])(COC(=O)CCCCCCCCCCCCCCCCC)OC(=O)CCCCCCCCCCCCCCC(C)C,[H][C@@](O)(COP(O)(=O)OC[C@@]([H])(COC(=O)CCCCCCCCCCCCCC)OC(=O)CCCCCCCCCCCC(C)C)COP(O)(=O)OC[C@@]([H])(COC(=O)CCCCCCCCCCC(C)C)OC(=O)CCCCCCCCCCCCCC,valid,valid,valid_pair
264,[H]C(O)(COP(O)(=O)OC[C@@]([H])(COC(=O)CCCCCCCCCC(C)C)OC(=O)CCCCCCCCCCCCCCCCC(C)C)COP(O)(=O)OC[C@@]([H])(COC(=O)CCCCCCCCCC(C)C)OC(=O)CCCCCCCCCCCCCCC(C)C,[H]C(O)(COP(O)(=O)OC[C@@]([H])(COC(=O)CCCCCCCCCC(C)C)OC(=O)CCCCCCCCCCCCC(C)CC)COP(O)(=O)OC[C@@]([H])(COC(=O)CCCCCCCCC(C)C)OC(=O)CCCCCCCCCCCCCCCCCCC(C)C,valid,valid,valid_pair
265,[H][C@@](COC(=O)CCCCCCCCC1=C(C)C(C)=C(CCCCC)O1)(COP(O)(=O)OCCN)OC(=O)CCC\C=C/C\C=C/C\C=C/C\C=C/[C@H](O)CCCC,[H][C@@](COC(=O)CCCCCCCCCCCCCCC)(COC(=O)CCCCCCCCCCC(C)CC)OC(=O)CCCCCCCCCCCCCCCCC,valid,valid,valid_pair
266,[H]C(O)(COP(O)(=O)OC[C@@]([H])(COC(=O)CCCCCCCCCC(C)C)OC(=O)CCCCCCCCCCCCCCCCCCCCC(C)CC)COP(O)(=O)OC[C@@]([H])(COC(=O)CCCCCCCCCCC(C)C)OC(=O)CCCCCCCCCC(C)C,[H][C@@](O)(COP(O)(=O)OC[C@@]([H])(COC(=O)CCCCCCCCCCCCCCCCCCC(C)C)OC(=O)CCCCCCCCCCCCC(C)C)COP(O)(=O)OC[C@@]([H])(COC(=O)CCCCCCCCC(C)C)OC(=O)CCCCCCCCCCC(C)CC,valid,valid,valid_pair
267,[H][C@@](COC(=O)CCCCCCCCCCCCC(C)C)(COC(=O)CCCCCCCCCC(C)C)OC(=O)CCCCCCCCCCCCCCCCC(C)CC,[H][C@](COC(=O)CCCCCCCCCCCCCCC)(COC(=O)CCCCCCCCCCCCCCCC(C)C)OC(=O)CCCCCCCCCCC(C)CC,valid,valid,valid_pair
268,[H][C@@](O)(COP(O)(=O)OC[C@@]([H])(COC(=O)CCCCCCCCCCCCCCCCCC(C)C)OC(=O)CCCCCCCCCCCCCCCCCCCCC(C)C)COP(O)(=O)OC[C@@]([H])(COC(=O)CCCCCCCCCCC)OC(=O)CCCCCCCCCC(C)C,[H][C@@](O)(COP(O)(=O)OC[C@@]([H])(COC(=O)CCCCCCCCCCCCC(C)C)OC(=O)CCCCCCCCCCCCCCCCCCCCC(C)C)COP(O)(=O)OC[C@@]([H])(COC(=O)CCCCCCCCCCCCC)OC(=O)CCCCCCCCCCCCC(C)C,valid,valid,valid_pair
269,[H][C@@](O)(COP(O)(=O)OC[C@@]([H])(COC(=O)CCCCCCCCCCCCC(C)C)OC(=O)CCCCCCCCCCCCCCC(C)C)COP(O)(=O)OC[C@@]([H])(COC(=O)CCCCCCCCC(C)CC)OC(=O)CCCCCCCCCCC(C)CC,[H][C@](O)(COP(O)(=O)OC[C@@]([H])(COC(=O)CCCCCCCCC)OC(=O)CCCCCCCCCC(C)C)COP(O)(=O)OC[C@@]([H])(COC(=O)CCCCCCCCCCCCCCCCCC)OC(=O)CCCCCCCCCCCCCCCCC(C)C,valid,valid,valid_pair
270,[H][C@](COC(=O)CCCCCCCCCCCCCC)(COC(=O)CCCCCCCCCCCC(C)C)OC(=O)CCCCCCCCCCCC(C)C,[H][C@](COC(=O)CCCCCCCCCCCCCCC(C)C)(COC(=O)CCCCCCCCCCC(C)C)OC(=O)CCCCCCCCCC(C)C,valid,valid,valid_pair
271,[H]C(O)(COP(O)(=O)OC[C@@]([H])(COC(=O)CCCCCCCCCCCCCCC(C)C)OC(=O)CCCCCCCCCCCCC(C)C)COP(O)(=O)OC[C@@]([H])(COC(=O)CCCCCCCCCC(C)C)OC(=O)CCCCCCCCCCC(C)CC,[H][C@](O)(COP(O)(=O)OC[C@@]([H])(COC(=O)CCCCCCCCC)OC(=O)CCCCCCCCCCCCC)COP(O)(=O)OC[C@@]([H])(COC(=O)CCCCCCCCCCCCC)OC(=O)CCCCCCCCCCCCCCCCCCCCCCC,valid,valid,valid_pair
272,[H][C@@](O)(COP(O)(=O)OC[C@@]([H])(COC(=O)CCCCCCCCCCCCCCCCCCCCC)OC(=O)CCCCCCCCCCCCCCCCCCCCC)COP(O)(=O)OC[C@@]([H])(COC(=O)CCCCCCCCC(C)CC)OC(=O)CCCCCCCCCCCCCCCC,[H][C@@](O)(COP(O)(=O)OC[C@@]([H])(COC(=O)CCCCCCCCCCCCCCCCCC(C)C)OC(=O)CCCCCCCCCCCCCCCCC(C)CC)COP(O)(=O)OC[C@@]([H])(COC(=O)CCCCCCCCC(C)CC)OC(=O)CCCCCCCCCCCCCCCC(C)C,valid,valid,valid_pair
273,[H][C@](O)(COP(O)(=O)OC[C@@]([H])(COC(=O)CCCCCCC)OC(=O)CCCCCCCCCCCC)COP(O)(=O)OC[C@@]([H])(COC(=O)CCCCCCCCCCCCCCCCCCC)OC(=O)CCCCCCCCCCCCCCCCCCCCCCC,[H][C@](O)(COP(O)(=O)OC[C@@]([H])(COC(=O)CCCCCCCCC)OC(=O)CCCCCCCCC)COP(O)(=O)OC[C@@]([H])(COC(=O)CCCCCCCCCCCCCCCCC(C)C)OC(=O)CCCCCCCCCCCCCCCCCCCCCCCC,valid,valid,valid_pair
274,[H][C@@](O)(COP(O)(=O)OC[C@@]([H])(COC(=O)CCCCCCCCCCCCCCCCCC(C)C)OC(=O)CCCCCCCCCCCCCCCCCCC(C)C)COP(O)(=O)OC[C@@]([H])(COC(=O)CCCCCCCCCC)OC(=O)CCCCCCCCC(C)C,[H][C@@](O)(COP(O)(=O)OC[C@@]([H])(COC(=O)CCCCCCCCCCCCC(C)C)OC(=O)CCCCCCCCCCCCCCCCCCCCC(C)C)COP(O)(=O)OC[C@@]([H])(COC(=O)CCCCCCCCCCC)OC(=O)CCCCCCCCCCC(C)C,valid,valid,valid_pair
275,CC1(C)CCC2(CCC3(C)C(C2C1)C(=O)C=C1C2(C)C=C(C#N)C(=O)C(C)(C)C2CCC31C)C(=O)N1C=CN=C1,[H][C@](CO)(COC(=O)CCCCCCCCCCCCC(C)CC)OC(=O)CCCCCCCCCC(C)C,valid,valid,valid_pair
276,[H]C(O)(COP(O)(=O)OC[C@@]([H])(COC(=O)CCCCCCCCCCCCCCCCCCCCC(C)C)OC(=O)CCCCCCCCCCCCCCCCCCCCC(C)CC)COP(O)(=O)OC[C@@]([H])(COC(=O)CCCCCCCCC(C)C)OC(=O)CCCCCCCCCCCCCCCCCC(C)C,[H][C@@](O)(COP(O)(=O)OC[C@@]([H])(COC(=O)CCCCCCCCCCCCCCCCCCCCC(C)C)OC(=O)CCCCCCCCCCCCCCCCCCCCC(C)C)COP(O)(=O)OC[C@@]([H])(COC(=O)CCCCCCCCC(C)CC)OC(=O)CCCCCCCCCCCCCCCCCCCC,valid,valid,valid_pair
277,[H][C@@](O)(COP(O)(=O)OC[C@@]([H])(COC(=O)CCCCCCCCCCCCCCCC)OC(=O)CCCCCCCCCCCCCCCCCCC)COP(O)(=O)OC[C@@]([H])(COC(=O)CCCCCCCCCCCCC)OC(=O)CCCCCCCCCCCCC(C)C,[H][C@@](O)(COP(O)(=O)OC[C@@]([H])(COC(=O)CCCCCCCCCCCCCCC)OC(=O)CCCCCCCCCCCCCCCCCCCC)COP(O)(=O)OC[C@@]([H])(COC(=O)CCCCCCCCCCCC(C)C)OC(=O)CCCCCCCCCCCC(C)C,valid,valid,valid_pair
278,CCC(C1CCC(C)C(O1)C(C)C(O)C(C)C(=O)C(CC)C1OC2(OC3(CCC(C)(O3)C3CCC(O)(CC)C(C)O3)C(O)C=C2)C(C)CC1C)C(O)=O,[H][C@](COC(=O)CCCCCCCCCCCCC(C)C)(COC(=O)CCCCCCCCCCCC(C)C)OC(=O)CCCCCCCCCC(C)C,valid,valid,valid_pair
279,[H][C@](O)(COP(O)(=O)OC[C@@]([H])(COC(=O)CCCCCCCCCCCC)OC(=O)CCCCCCCCCCCCCCC)COP(O)(=O)OC[C@@]([H])(COC(=O)CCCCCCCCCCCCCCCCC(C)C)OC(=O)CCCCCCCCCCCCCCCCCCCCC(C)C,[H][C@@](O)(COP(O)(=O)OC[C@@]([H])(COC(=O)CCCCCCCCCCCCCCCCC(C)C)OC(=O)CCCCCCCCCCCCCCCCCCCCC(C)CC)COP(O)(=O)OC[C@@]([H])(COC(=O)CCCCCCCCCCCCC)OC(=O)CCCCCCCCCCC(C)C,valid,valid,valid_pair
280,[H][C@](O)(COP(O)(=O)OC[C@@]([H])(COC(=O)CCCCCCCCCCCC)OC(=O)CCCCCCCCCCCCCCCCCC(C)C)COP(O)(=O)OC[C@@]([H])(COC(=O)CCCCCCCCCCCCCCCCCCCCC)OC(=O)CCCCCCCCCCCCCCCCCCCCC(C)C,[H][C@](O)(COP(O)(=O)OC[C@@]([H])(COC(=O)CCCCCCCCCCCCCCC)OC(=O)CCCCCCCCCCCCCCCCC(C)CC)COP(O)(=O)OC[C@@]([H])(COC(=O)CCCCCCCCCCCCCCCCCC(C)C)OC(=O)CCCCCCCCCCCCCCCCCCC(C)C,valid,valid,valid_pair
281,[H]C(O)(COP(O)(=O)OC[C@@]([H])(COC(=O)CCCCCCCCCCCCCCCCCCC(C)C)OC(=O)CCCCCCCCCCCCC(C)CC)COP(O)(=O)OC[C@@]([H])(COC(=O)CCCCCCCCCCC(C)C)OC(=O)CCCCCCCCC(C)C,[H]C(O)(COP(O)(=O)OC[C@@]([H])(COC(=O)CCCCCCCCCCCCCC(C)C)OC(=O)CCCCCCCCCCCCCCCCCC(C)C)COP(O)(=O)OC[C@@]([H])(COC(=O)CCCCCCCCCC(C)C)OC(=O)CCCCCCCCCCC(C)C,valid,valid,valid_pair
282,[H][C@](COC(=O)CCCCCCCCCCCCCCCC(C)C)(COC(=O)CCCCCCCCCCC(C)C)OC(=O)CCCCCCCCCCC,[H][C@](COC(=O)CCCCCCCCCCCCC(C)C)(COC(=O)CCCCCCCCC(C)C)OC(=O)CCCCCCCCCCCCCCCC,valid,valid,valid_pair
283,[H][C@@](O)(COP(O)(=O)OC[C@@]([H])(COC(=O)CCCCCCCCCCCCCCCCCC(C)C)OC(=O)CCCCCCCCCCCCCCCCCCCCC(C)C)COP(O)(=O)OC[C@@]([H])(COC(=O)CCCCCCCCC(C)C)OC(=O)CCCCCCCCCCCCCCC,[H][C@@](O)(COP(O)(=O)OC[C@@]([H])(COC(=O)CCCCCCCCCCCCCCCCCCC)OC(=O)CCCCCCCCCCCCCCCCCCCCC(C)C)COP(O)(=O)OC[C@@]([H])(COC(=O)CCCCCCCCCC(C)C)OC(=O)CCCCCCCCCCCCCCC,valid,valid,valid_pair
284,[H][C@](COC(=O)CCCCCCCCCCCCCCCCCC)(COC(=O)CCCCCCCCCCCCCCCC(C)C)OC(=O)CCCCCCCCCCCCCCC(C)C,[H][C@@](COC(=O)CCCCCCCCCCCCCCCC)(COC(=O)CCCCCCCCCCCCCCCCCCC(C)C)OC(=O)CCCCCCCCCCCCCC(C)C,valid,valid,valid_pair
285,[H][C@@](O)(COP(O)(=O)OC[C@@]([H])(COC(=O)CCCCCCCCCCCCC)OC(=O)CCCCCCCCCCCCCCCCCCC)COP(O)(=O)OC[C@@]([H])(COC(=O)CCCCCCCCCCC)OC(=O)CCCCCCCCCC(C)C,[H][C@](O)(COP(O)(=O)OC[C@@]([H])(COC(=O)CCCCCCC)OC(=O)CCCCCCCCC(C)C)COP(O)(=O)OC[C@@]([H])(COC(=O)CCCCCCCCCCCCCCC(C)C)OC(=O)CCCCCCCCCCCCCCCCCC(C)C,valid,valid,valid_pair
286,[H][C@](COC(=O)CCCCCCC\C=C/CCCCCCCC)(COC(=O)CCCC\C=C/C\C=C/C\C=C/C\C=C/CC)OC(=O)CCCCCCC\C=C/C\C=C/CCCCC,[H][C@@](COC(=O)CCCCCCCCCCC\C=C/C\C=C/CCCCC)(COP([O-])(=O)OCC[N+](C)(C)C)OC(=O)CCC\C=C/C\C=C/C\C=C/C=C/[C@@H](O)CCCCC,valid,valid,valid_pair
287,[H][C@](O)(COP(O)(=O)OC[C@@]([H])(COC(=O)CCCCCCC)OC(=O)CCCCCCCCCC(C)C)COP(O)(=O)OC[C@@]([H])(COC(=O)CCCCCCCCCCCCCCCCC(C)C)OC(=O)CCCCCCCCCCCCCCCCCCC(C)C,[H][C@](O)(COP(O)(=O)OC[C@@]([H])(COC(=O)CCCCCCCCCCC)OC(=O)CCCCCCCCCCCC)COP(O)(=O)OC[C@@]([H])(COC(=O)CCCCCCCCCCCCC(C)C)OC(=O)CCCCCCCCCCCCCCCCCCC(C)C,valid,valid,valid_pair
288,[H][C@](O)(COP(O)(=O)OC[C@@]([H])(COC(=O)CCCCCCCCCC)OC(=O)CCCCCCCCCCCCCC(C)C)COP(O)(=O)OC[C@@]([H])(COC(=O)CCCCCCCCCCCCCCCCCC)OC(=O)CCCCCCCCCCCCCCCCC(C)CC,[H]C(O)(COP(O)(=O)OC[C@@]([H])(COC(=O)CCCCCCCCCCCCC(C)CC)OC(=O)CCCCCCCCCCCCCCCCCCCCC(C)C)COP(O)(=O)OC[C@@]([H])(COC(=O)CCCCCCCCCC(C)C)OC(=O)CCCCCCCCCCC(C)C,valid,valid,valid_pair
289,[H][C@@](COC(=O)CCCCCCCCCCCCCCCCCCCC)(COC(=O)CCCCCCCCCCC(C)C)OC(=O)CCCCCCCCCCCCCCC(C)C,[H][C@@](COC(=O)CCCCCCCCCCCCCCCCCC)(COC(=O)CCCCCCCCCCCCCCCCCCCC)OC(=O)CCCCCCCCC(C)CC,valid,valid,valid_pair
290,[H][C@@](O)(COP(O)(=O)OC[C@@]([H])(COC(=O)CCCCCCCCCCC(C)CC)OC(=O)CCCCCCCCCCCCCCC(C)C)COP(O)(=O)OC[C@@]([H])(COC(=O)CCCCCCCCC(C)CC)OC(=O)CCCCCCCCC(C)CC,[H]C(O)(COP(O)(=O)OC[C@@]([H])(COC(=O)CCCCCCCCCCC(C)C)OC(=O)CCCCCCCCCCCCC(C)CC)COP(O)(=O)OC[C@@]([H])(COC(=O)CCCCCCCCCCCCC(C)C)OC(=O)CCCCCCCCC(C)C,valid,valid,valid_pair
291,[H][C@@](O)(COP(O)(=O)OC[C@@]([H])(COC(=O)CCCCCCCCCCCC(C)C)OC(=O)CCCCCCCCCCCCC(C)C)COP(O)(=O)OC[C@@]([H])(COC(=O)CCCCCCCCC(C)C)OC(=O)CCCCCCCCCCCCCCCC(C)C,[H][C@@](O)(COP(O)(=O)OC[C@@]([H])(COC(=O)CCCCCCCCC(C)C)OC(=O)CCCCCCCCCCCCC(C)CC)COP(O)(=O)OC[C@@]([H])(COC(=O)CCCCCCCCC(C)CC)OC(=O)CCCCCCCCCCCCCCCCC(C)C,valid,valid,valid_pair
292,[H][C@](COC(=O)CCCCCCCCC\C=C/C\C=C/CCCCC)(COC(=O)CC\C=C/C\C=C/C\C=C/C\C=C/C\C=C/C\C=C/CC)OC(=O)CCCCCCCCCCCCC\C=C/CCCCCCCC,[H][C@](COC(=O)CCCCCC\C=C/C\C=C/C\C=C/CCCCC)(COC(=O)CC\C=C/C\C=C/C\C=C/C\C=C/C\C=C/C\C=C/CC)OC(=O)CCCCCCCCCCCCCCCCCCCCCCC,valid,valid,valid_pair
293,[H][C@@](O)(COP(O)(=O)OC[C@@]([H])(COC(=O)CCCCCCCCCCCCCC(C)C)OC(=O)CCCCCCCCCCCCCCCCC(C)CC)COP(O)(=O)OC[C@@]([H])(COC(=O)CCCCCCCCCCC)OC(=O)CCCCCCCCC(C)CC,[H][C@](O)(COP(O)(=O)OC[C@@]([H])(COC(=O)CCCCCCCCCCC)OC(=O)CCCCCCCCCCCCC(C)C)COP(O)(=O)OC[C@@]([H])(COC(=O)CCCCCCCCCCCCCCCC)OC(=O)CCCCCCCCCCCCCCCCC,valid,valid,valid_pair
294,[H][C@](O)(COP(O)(=O)OC[C@@]([H])(COC(=O)CCCCCCCCCCC)OC(=O)CCCCCCCCCCC)COP(O)(=O)OC[C@@]([H])(COC(=O)CCCCCCCCCC(C)C)OC(=O)CCCCCCCCCCCCCCCCCCCCC(C)CC,[H][C@](O)(COP(O)(=O)OC[C@@]([H])(COC(=O)CCCCCCCCC(C)C)OC(=O)CCCCCCCCCCCCCCCCCCCCC(C)CC)COP(O)(=O)OC[C@@]([H])(COC(=O)CCCCCCCCC(C)C)OC(=O)CCCCCCCCC(C)CC,valid,valid,valid_pair
295,[H][C@](O)(COP(O)(=O)OC[C@@]([H])(COC(=O)CCCCCCCCC)OC(=O)CCCCCCCCCCCC)COP(O)(=O)OC[C@@]([H])(COC(=O)CCCCCCCCCCCC)OC(=O)CCCCCCCCC(C)CC,[H][C@](O)(COP(O)(=O)OC[C@@]([H])(COC(=O)CCCCCCCCCC)OC(=O)CCCCCCCCCC)COP(O)(=O)OC[C@@]([H])(COC(=O)CCCCCCCCCC)OC(=O)CCCCCCCCCCCCC(C)C,valid,valid,valid_pair
296,[H][C@@](COC(=O)CCCCCCCCCCC)(COC(=O)CCCCCCCCCCCCCCCCC)OC(=O)CCCCCCCCCCC(C)C,[H][C@@](COC(=O)CCCCCC\C=C/C\C=C/C\C=C/CCCCC)(COP(O)(O)=O)OC(=O)CCCCCCCCC\C=C/C\C=C/CCCCC,valid,valid,valid_pair
297,[H][C@](O)(COP(O)(=O)OC[C@@]([H])(COC(=O)CCCCCCCCCCC)OC(=O)CCCCCCCCCCCCCCC(C)C)COP(O)(=O)OC[C@@]([H])(COC(=O)CCCCCCCCCCCCCCCCCC)OC(=O)CCCCCCCCCCCCCCCCCCCCCCCC,[H][C@@](O)(COP(O)(=O)OC[C@@]([H])(COC(=O)CCCCCCCCCCCCCCCCC)OC(=O)CCCCCCCCCCCCCCCCCCCCC(C)C)COP(O)(=O)OC[C@@]([H])(COC(=O)CCCCCCCCCCCCCCC)OC(=O)CCCCCCCCCCCCC(C)C,valid,valid,valid_pair
298,[H][C@@](O)(COP(O)(=O)OC[C@@]([H])(COC(=O)CCCCCCCCCCCCCC(C)C)OC(=O)CCCCCCCCCCCCCCCCCC(C)C)COP(O)(=O)OC[C@@]([H])(COC(=O)CCCCCCCCCCCCC(C)C)OC(=O)CCCCCCCCCCCCC(C)C,[H][C@](O)(COP(O)(=O)OC[C@@]([H])(COC(=O)CCCCCCCCCCC)OC(=O)CCCCCCCCCCCCCC(C)C)COP(O)(=O)OC[C@@]([H])(COC(=O)CCCCCCCCCCCCCC(C)C)OC(=O)CCCCCCCCCCCCCCCCCCCCCCC,valid,valid,valid_pair
299,[H]C(O)(COP(O)(=O)OC[C@@]([H])(COC(=O)CCCCCCCCCC(C)C)OC(=O)CCCCCCCCCCCCCCCCCCC(C)C)COP(O)(=O)OC[C@@]([H])(COC(=O)CCCCCCCCCC(C)C)OC(=O)CCCCCCCCCCCCCCCC(C)C,[H][C@@](O)(COP(O)(=O)OC[C@@]([H])(COC(=O)CCCCCCCCCCCCCC(C)C)OC(=O)CCCCCCCCCCCCCC(C)C)COP(O)(=O)OC[C@@]([H])(COC(=O)CCCCCCCCCCCCC(C)C)OC(=O)CCCCCCCCCCCCCC(C)C,valid,valid,valid_pair
300,[H][C@@](O)(COP(O)(=O)OC[C@@]([H])(COC(=O)CCCCCCCCCCCCC(C)C)OC(=O)CCCCCCCCCCCC(C)C)COP(O)(=O)OC[C@@]([H])(COC(=O)CCCCCCCCC(C)C)OC(=O)CCCCCCCCCCCCCCCCC(C)C,[H][C@@](O)(COP(O)(=O)OC[C@@]([H])(COC(=O)CCCCCCCCCCCCC(C)CC)OC(=O)CCCCCCCCCCCCC(C)C)COP(O)(=O)OC[C@@]([H])(COC(=O)CCCCCCCCC(C)CC)OC(=O)CCCCCCCCCCCCC(C)CC,valid,valid,valid_pair
301,[H][C@@](O)(COP(O)(=O)OC[C@@]([H])(COC(=O)CCCCCCCCCCCCCCCCCC)OC(=O)CCCCCCCCCCCCCCCCCCCCCCC)COP(O)(=O)OC[C@@]([H])(COC(=O)CCCCCCCCCCC(C)CC)OC(=O)CCCCCCCCCCCCCCCCCC,[H][C@](O)(COP(O)(=O)OC[C@@]([H])(COC(=O)CCCCCCCCCC)OC(=O)CCCCCCCCCCCCCCCCCCCC)COP(O)(=O)OC[C@@]([H])(COC(=O)CCCCCCCCCCCCCCCCCC(C)C)OC(=O)CCCCCCCCCCCCCCCCCCCCCCC,valid,valid,valid_pair
302,[H][C@](O)(COP(O)(=O)OC[C@@]([H])(COC(=O)CCCCCCCCCCCC)OC(=O)CCCCCCCCCCCCCCCCC(C)C)COP(O)(=O)OC[C@@]([H])(COC(=O)CCCCCCCCCCCCCCCCCCCC)OC(=O)CCCCCCCCCCCCCCCCCCCCCCCC,[H][C@@](O)(COP(O)(=O)OC[C@@]([H])(COC(=O)CCCCCCCCCCCCCCCCCCC(C)C)OC(=O)CCCCCCCCCCCCCCCCCCCCCCC)COP(O)(=O)OC[C@@]([H])(COC(=O)CCCCCCCCC(C)CC)OC(=O)CCCCCCCCCCCCCCCCCCC,valid,valid,valid_pair
303,[H][C@@](COC(=O)CCCCCCCCCCCCCC)(COC(=O)CCCCCCCCCCCCCCCCC)OC(=O)CCCCCCCCCCC(C)CC,[H][C@@](COC(=O)CCCCCCC)(COC(=O)CCCCCCCCCCCCCCCCCCCCC)OC(=O)CCCCCCCCCCCCCCC(C)C,valid,valid,valid_pair
304,[H]C(O)(COP(O)(=O)OC[C@@]([H])(COC(=O)CCCCCCCCCCCCCCCCCCCCC(C)C)OC(=O)CCCCCCCCCCCCCCC(C)C)COP(O)(=O)OC[C@@]([H])(COC(=O)CCCCCCCCCC(C)C)OC(=O)CCCCCCCCCCCCCCCCC(C)C,[H][C@](O)(COP(O)(=O)OC[C@@]([H])(COC(=O)CCCCCCCCCCC)OC(=O)CCCCCCCCCCCCCCC(C)C)COP(O)(=O)OC[C@@]([H])(COC(=O)CCCCCCCCCCCCCCCCCCCC)OC(=O)CCCCCCCCCCCCCCCCCCCCCCC,valid,valid,valid_pair
305,[H][C@](O)(COP(O)(=O)OC[C@@]([H])(COC(=O)CCCCCCCCC)OC(=O)CCCCCCCCCCCCCCCC)COP(O)(=O)OC[C@@]([H])(COC(=O)CCCCCCCCCCCCCCCCC(C)CC)OC(=O)CCCCCCCCCCCCCCCCCCCCC(C)CC,[H][C@@](O)(COP(O)(=O)OC[C@@]([H])(COC(=O)CCCCCCCCCCCCCCCC)OC(=O)CCCCCCCCCCCCCCCCCCCCC(C)CC)COP(O)(=O)OC[C@@]([H])(COC(=O)CCCCCCCCCCCCCC)OC(=O)CCCCCCCCCCCCC(C)C,valid,valid,valid_pair
306,[H][C@](O)(COP(O)(=O)OC[C@@]([H])(COC(=O)CCCCCCCCC)OC(=O)CCCCCCCCCCCCC(C)C)COP(O)(=O)OC[C@@]([H])(COC(=O)CCCCCCCCCCCCCCCCCCCCCC)OC(=O)CCCCCCCCCCCCCCCCCCCCC(C)C,[H][C@](O)(COP(O)(=O)OC[C@@]([H])(COC(=O)CCCCCCCCCCC)OC(=O)CCCCCCCCCCCC(C)C)COP(O)(=O)OC[C@@]([H])(COC(=O)CCCCCCCCCCCCCCCCCCC(C)C)OC(=O)CCCCCCCCCCCCCCCCCCCCCCC,valid,valid,valid_pair
307,[H][C@@](O)(COP(O)(=O)OC[C@@]([H])(COC(=O)CCCCCCCCCCCCCCCCCC(C)C)OC(=O)CCCCCCCCCCCCCCCCCC(C)C)COP(O)(=O)OC[C@@]([H])(COC(=O)CCCCCCCCCCC(C)CC)OC(=O)CCCCCCCCCCC(C)CC,[H][C@@](O)(COP(O)(=O)OC[C@@]([H])(COC(=O)CCCCCCCCCCCCCCCCC(C)C)OC(=O)CCCCCCCCCCCCCCCCCCCCCCC)COP(O)(=O)OC[C@@]([H])(COC(=O)CCCCCCCCCCCC)OC(=O)CCCCCCCCCCCC(C)C,valid,valid,valid_pair
308,[H][C@](COC(=O)CCCCCCCCCCCCCCCCCC)(COC(=O)CCCCCCCCCCCCCCCCCCCCC(C)CC)OC(=O)CCCCCCCCCCCCCCC,[H][C@@](COC(=O)CCCCCCCCCCCCCCCCCCCCC)(COC(=O)CCCCCCCCCCCCCCC(C)C)OC(=O)CCCCCCCCCCCCCCCCC(C)C,valid,valid,valid_pair
309,[H][C@](O)(COP(O)(=O)OC[C@@]([H])(COC(=O)CCCCCCCCCC(C)C)OC(=O)CCCCCCCCCCCCC(C)C)COP(O)(=O)OC[C@@]([H])(COC(=O)CCCCCCC\C=C/C=C\CCCCCC)OC(=O)CCCCCCCCCCCCCCCCCC,[H]C(O)(COP(O)(=O)OC[C@@]([H])(COC(=O)CCCCCCCCC(C)C)OC(=O)CCCCCCCCCCCCCCCCCCCCC(C)C)COP(O)(=O)OC[C@@]([H])(COC(=O)CCCCCCC\C=C/C=C\CCCCCC)OC(=O)CCCCCCCCC(C)C,valid,valid,valid_pair
310,[H][C@@](O)(COP(O)(=O)OC[C@@]([H])(COC(=O)CCCCCCCCCCCCCCCCC)OC(=O)CCCCCCCCCCCCCCCCCCCCC(C)CC)COP(O)(=O)OC[C@@]([H])(COC(=O)CCCCCCCCCCCCCC)OC(=O)CCCCCCCCCCCCC(C)CC,[H][C@@](O)(COP(O)(=O)OC[C@@]([H])(COC(=O)CCCCCCCCCCCCCCCCCC)OC(=O)CCCCCCCCCCCCCCCCCCCCCCCC)COP(O)(=O)OC[C@@]([H])(COC(=O)CCCCCCCCCCC(C)CC)OC(=O)CCCCCCCCCCCCCCC,valid,valid,valid_pair
311,[H][C@](O)(COP(O)(=O)OC[C@@]([H])(COC(=O)CCCCCCCCCCCCCCC)OC(=O)CCCCCCCCCCCCCCC)COP(O)(=O)OC[C@@]([H])(COC(=O)CCCCCCCCCCCCCCCCCCC(C)C)OC(=O)CCCCCCCCCCCCCCCCCCCCCCCC,[H][C@@](O)(COP(O)(=O)OC[C@@]([H])(COC(=O)CCCCCCCCCCCCCCCCCCCCC(C)C)OC(=O)CCCCCCCCCCCCCCCCCCCCC(C)C)COP(O)(=O)OC[C@@]([H])(COC(=O)CCCCCCCCC(C)C)OC(=O)CCCCCCCCCCCCCCCCCC,valid,valid,valid_pair
312,[O-][N+](=O)\N=C1/NCCN1CC1=CC=C(Cl)N=C1,OC1=CC(O)=C2C(=O)C3=CC=CC=C3C(=O)C2=C1O,valid,valid,valid_pair
313,[H][C@](O)(COP(O)(=O)OC[C@@]([H])(COC(=O)CCCCCCCCCC)OC(=O)CCCCCCCCCCCCCCC)COP(O)(=O)OC[C@@]([H])(COC(=O)CCCCCCCCCCCCCCCCCCCC)OC(=O)CCCCCCCCCCCCCCCCCCCCCCC,[H][C@@](O)(COP(O)(=O)OC[C@@]([H])(COC(=O)CCCCCCCCCCCCCC(C)C)OC(=O)CCCCCCCCCCCCCCCCCCCCC(C)C)COP(O)(=O)OC[C@@]([H])(COC(=O)CCCCCCCCCCCCCC)OC(=O)CCCCCCCCCCCCC(C)C,valid,valid,valid_pair
314,[H]C(O)(COP(O)(=O)OC[C@@]([H])(COC(=O)CCCCCCCCCCCCCCCCCCCCC(C)CC)OC(=O)CCCCCCCCCCCC(C)C)COP(O)(=O)OC[C@@]([H])(COC(=O)CCCCCCCCCC(C)C)OC(=O)CCCCCCCCCC(C)C,[H][C@@](O)(COP(O)(=O)OC[C@@]([H])(COC(=O)CCCCCCCCCCC(C)CC)OC(=O)CCCCCCCCCCCCCCCCCCCCCC)COP(O)(=O)OC[C@@]([H])(COC(=O)CCCCCCCCCC(C)C)OC(=O)CCCCCCCCCCCCCC,valid,valid,valid_pair
315,CC1C2C(CC3C4CCC5CC(CCC5(C)C4CCC23C)OC2OC(CO)C(OC3OC(CO)C(O)C(OC4OCC(O)C(O)C4O)C3O)C(O)C2O)OC11CCC(C)CO1,CCCCC[C@@H](O)\C=C\[C@H]1[C@H](O)C[C@H](O)[C@H]1C\C=C/CC(=O)OC[C@H](COP(O)(=O)OC[C@@H](O)COP(O)(O)=O)OC(=O)CCCCCCCCCCCCC(C)C,valid,valid,valid_pair
316,[H][C@](O)(COP(O)(=O)OC[C@@]([H])(COC(=O)CCCCCCCCC)OC(=O)CCCCCCCCCCCCCC(C)C)COP(O)(=O)OC[C@@]([H])(COC(=O)CCCCCCCCCCCCCCCCCC)OC(=O)CCCCCCCCCCCCCCCCCCCCC,[H][C@](O)(COP(O)(=O)OC[C@@]([H])(COC(=O)CCCCCCCCCCC)OC(=O)CCCCCCCCCCCC(C)C)COP(O)(=O)OC[C@@]([H])(COC(=O)CCCCCCCCCCCCCCC)OC(=O)CCCCCCCCCCCCCCCCCCCCCCCC,valid,valid,valid_pair
317,[H][C@@](O)(COP(O)(=O)OC[C@@]([H])(COC(=O)CCCCCCCCC(C)CC)OC(=O)CCCCCCCCCCCCCCCCCCC(C)C)COP(O)(=O)OC[C@@]([H])(COC(=O)CCCCCCCCC(C)CC)OC(=O)CCCCCCCCCCCCCCCCC(C)CC,[H][C@@](O)(COP(O)(=O)OC[C@@]([H])(COC(=O)CCCCCCCCCCCCCCCCC(C)C)OC(=O)CCCCCCCCCCCCCCCCCCCCC(C)C)COP(O)(=O)OC[C@@]([H])(COC(=O)CCCCCCCCC(C)C)OC(=O)CCCCCCCCCCCC,valid,valid,valid_pair
318,[H][C@@](O)(COP(O)(=O)OC[C@@]([H])(COC(=O)CCCCCCCCCCCCCCCCCCC(C)C)OC(=O)CCCCCCCCCCCCCCCCCCCCC(C)C)COP(O)(=O)OC[C@@]([H])(COC(=O)CCCCCCCCCC)OC(=O)CCCCCCCCC(C)CC,[H][C@@](O)(COP(O)(=O)OC[C@@]([H])(COC(=O)CCCCCCCCCCCCCCCCCCC)OC(=O)CCCCCCCCCCCCCCCCCCC)COP(O)(=O)OC[C@@]([H])(COC(=O)CCCCCCCCC(C)CC)OC(=O)CCCCCCCCCCCCCCCC,valid,valid,valid_pair
319,[H][C@@](O)(COP(O)(=O)OC[C@@]([H])(COC(=O)CCCCCCCCCCCCCCCCCCC(C)C)OC(=O)CCCCCCCCCCCCCCCCC(C)C)COP(O)(=O)OC[C@@]([H])(COC(=O)CCCCCCCCC(C)CC)OC(=O)CCCCCCCCC(C)CC,[H][C@](O)(COP(O)(=O)OC[C@@]([H])(COC(=O)CCCCCCCCCC)OC(=O)CCCCCCCCCCCCC(C)C)COP(O)(=O)OC[C@@]([H])(COC(=O)CCCCCCCCCCCCCCCCCC)OC(=O)CCCCCCCCCCCCCCCCCCCCC,valid,valid,valid_pair
320,[H][C@@](O)(COP(O)(=O)OC[C@@]([H])(COC(=O)CCCCCCCCCCCCCCCCCCCCC)OC(=O)CCCCCCCCCCCCCCCCCCCCC(C)CC)COP(O)(=O)OC[C@@]([H])(COC(=O)CCCCCCCCCCC(C)C)OC(=O)CCCCCCCCCCCCCC(C)C,[H][C@@](O)(COP(O)(=O)OC[C@@]([H])(COC(=O)CCCCCCCCCCCCCCCCCCCCCCC)OC(=O)CCCCCCCCCCCCCCCCCCCCC(C)CC)COP(O)(=O)OC[C@@]([H])(COC(=O)CCCCCCCCC(C)C)OC(=O)CCCCCCCCCCCCC(C)CC,valid,valid,valid_pair
321,[H][C@@](O)(COP(O)(=O)OC[C@@]([H])(COC(=O)CCCCCCCCCCCCCCCCCCCC)OC(=O)CCCCCCCCCCCCCCCCCCCCCC)COP(O)(=O)OC[C@@]([H])(COC(=O)CCCCCCCCC(C)C)OC(=O)CCCCCCCCCCCCCCC,[H][C@](O)(COP(O)(=O)OC[C@@]([H])(COC(=O)CCCCCCCCCCCCC)OC(=O)CCCCCCCCCCCCCCCC)COP(O)(=O)OC[C@@]([H])(COC(=O)CCCCCCCCCCCCCCCCC(C)C)OC(=O)CCCCCCCCCCCCCCCCC(C)CC,valid,valid,valid_pair
322,[H][C@@]12C[C@@H]([C@@H](O)C[C@@]1(C)CCCC2=C)C(C)(C)C,CCC1(C(=O)NC(=O)NC1=O)C1=CCCCC1,valid,valid,valid_pair
323,[H][C@](O)(COP(O)(=O)OC[C@@]([H])(COC(=O)CCCCCCCCC(C)CC)OC(=O)CCCCCCCCCCCCCCCCC(C)C)COP(O)(=O)OC[C@@]([H])(COC(=O)CCCCCCCCCCCCCCC(C)C)OC(=O)CCCCCCCCC(C)CC,[H][C@](O)(COP(O)(=O)OC[C@@]([H])(COC(=O)CCCCCCC)OC(=O)CCCCCCCCCCCCC)COP(O)(=O)OC[C@@]([H])(COC(=O)CCCCCCCCCCCCCCCCC(C)CC)OC(=O)CCCCCCCCCCCCCCCCC(C)CC,valid,valid,valid_pair
324,[H][C@](COC(=O)CCCCCCCCCCCC)(COC(=O)CCCCCCCCCCCCCCCCC(C)C)OC(=O)CCCCCCCCCCCCCCC,[H][C@@](COC(=O)CCCCCCCC(=O)\C=C\C=C/CCCCC)(COP([O-])(=O)OCC[N+](C)(C)C)OC(=O)CCC\C=C/C\C=C/C\C=C/CCCCCCCC,valid,valid,valid_pair
325,CC(NC(=O)OC(C)(C)C)C(=O)C(N)=O,CC(CCC(=O)C(C)=C)C1=CC=C(C)C=C1,valid,valid,valid_pair
326,[H][C@@](O)(COP(O)(=O)OC[C@@]([H])(COC(=O)CCCCCCCCCCCCCCCCCCCC)OC(=O)CCCCCCCCCCCCCCCCCCCC)COP(O)(=O)OC[C@@]([H])(COC(=O)CCCCCCCCCCCC)OC(=O)CCCCCCCCCC(C)C,[H][C@@](O)(COP(O)(=O)OC[C@@]([H])(COC(=O)CCCCCCCCCCCCCCCCCC(C)C)OC(=O)CCCCCCCCCCCCCCCCC(C)CC)COP(O)(=O)OC[C@@]([H])(COC(=O)CCCCCCCCC(C)CC)OC(=O)CCCCCCCCCC(C)C,valid,valid,valid_pair
327,[H][C@@](COC(=O)CCCCCCCCCC(C)C)(COP(O)(=O)OP(O)(=O)OC[C@H]1O[C@H]([C@H](O)[C@@H]1O)N1C=CC(N)=NC1=O)OC(=O)CCC[C@@H](O)\C=C\C=C/C\C=C/C\C=C/CCCCC,[H][C@](COC(=O)CCCCC\C=C/C\C=C/C\C=C/C\C=C/CCCCC)(COC(=O)CC\C=C/C\C=C/C\C=C/C\C=C/C\C=C/C\C=C/CC)OC(=O)CCCC\C=C/C\C=C/C\C=C/C\C=C/CC,valid,valid,valid_pair
328,[H][C@@](O)(COP(O)(=O)OC[C@@]([H])(COC(=O)CCCCCCCCCCCCCCCCC)OC(=O)CCCCCCCCCCCCCCCC(C)C)COP(O)(=O)OC[C@@]([H])(COC(=O)CCCCCCCCCCC(C)CC)OC(=O)CCCCCCCCCCCCCCC,[H][C@@](O)(COP(O)(=O)OC[C@@]([H])(COC(=O)CCCCCCCCCCCCCCCCCC)OC(=O)CCCCCCCCCCCCCCCC(C)C)COP(O)(=O)OC[C@@]([H])(COC(=O)CCCCCCCCC(C)CC)OC(=O)CCCCCCCCCCCCC(C)CC,valid,valid,valid_pair
329,[H][C@](O)(CO)COP(O)(=O)OC[C@@]([H])(COC(=O)CCC[C@@H](O)\C=C\C=C/C\C=C/C=C/[C@@H](O)CCCCC)OC(=O)CCCCCCC\C=C/C=C\CCCCCC,[H][C@](COC(=O)CCCCCCC\C=C/CCCC)(COC(=O)CCCCCCC\C=C/CCCCCCCC)OC(=O)CCCCCCC\C=C/C\C=C/CCCCC,valid,valid,valid_pair
330,[H][C@@](O)(COP(O)(=O)OC[C@@]([H])(COC(=O)CCCCCCCCCCCCCCCCC(C)C)OC(=O)CCCCCCCCCCCCCCCCCCCCC(C)C)COP(O)(=O)OC[C@@]([H])(COC(=O)CCCCCCCCCCCCCC)OC(=O)CCCCCCCCCCC(C)CC,[H]C(O)(COP(O)(=O)OC[C@@]([H])(COC(=O)CCCCCCCCCCCCCCCCCC(C)C)OC(=O)CCCCCCCCCCCCCCCC(C)C)COP(O)(=O)OC[C@@]([H])(COC(=O)CCCCCCCCCC(C)C)OC(=O)CCCCCCCCCCCCCCCCC(C)CC,valid,valid,valid_pair
331,[H][C@@](COC(=O)CCCCCCCCCCCC(C)C)(COC(=O)CCCCCCCCCCC(C)C)OC(=O)CCCCCCCCCCCCCCCCCCCC,[H][C@](COC(=O)CCCCCCCCCCCCCCCC)(COC(=O)CCCCCCCCCCCCCCCCCCC)OC(=O)CCCCCCCCC(C)CC,valid,valid,valid_pair
332,[H][C@@](COC(=O)CCCC\C=C/C\C=C/C\C=C/C\C=C/CC)(COP(O)(O)=O)OC(=O)CCC\C=C/C\C=C/C\C=C/C\C=C/CC[C@H](O)CC,[H][C@](CO)(COC(=O)CCCCCCCCCCCCC\C=C/CCCCCCCC)OC(=O)CCCCCCCCC\C=C/CCCCCCCC,valid,valid,valid_pair
333,[H][C@](O)(COP(O)(=O)OC[C@@]([H])(COC(=O)CCCCCCCCCC)OC(=O)CCCCCCCCCCCCC(C)CC)COP(O)(=O)OC[C@@]([H])(COC(=O)CCCCCCCCCCCCCCC(C)C)OC(=O)CCCCCCCCCCCCCCCCCC,[H][C@@](O)(COP(O)(=O)OC[C@@]([H])(COC(=O)CCCCCCCCCCCCCC(C)C)OC(=O)CCCCCCCCCCCCCCC(C)C)COP(O)(=O)OC[C@@]([H])(COC(=O)CCCCCCCCCCCCC)OC(=O)CCCCCCCCCCCCC(C)C,valid,valid,valid_pair
334,[H][C@](O)(COP(O)(=O)OC[C@@]([H])(COC(=O)CCCCCCCCC(C)C)OC(=O)CCCCCCCCCC(C)C)COP(O)(=O)OC[C@@]([H])(COC(=O)CCCCCCCCC(C)CC)OC(=O)CCCCCCCCC(C)C,[H][C@](O)(COP(O)(=O)OC[C@@]([H])(COC(=O)CCCCCCCCC(C)C)OC(=O)CCCCCCCCCCC(C)C)COP(O)(=O)OC[C@@]([H])(COC(=O)CCCCCCCCC(C)C)OC(=O)CCCCCCCCC(C)C,valid,valid,valid_pair
335,[H][C@@](O)(COP(O)(=O)OC[C@@]([H])(COC(=O)CCCCCCCCCCCCCCCCC)OC(=O)CCCCCCCCCCCCCCCCCC)COP(O)(=O)OC[C@@]([H])(COC(=O)CCCCCCCCCCCC)OC(=O)CCCCCCCCCCC(C)C,[H][C@](O)(COP(O)(=O)OC[C@@]([H])(COC(=O)CCCCCCCCC)OC(=O)CCCCCCCCCCCCC(C)CC)COP(O)(=O)OC[C@@]([H])(COC(=O)CCCCCCCCCCCCCCC(C)C)OC(=O)CCCCCCCCCCCCCCCCCC,valid,valid,valid_pair
336,[H][C@@](COC(=O)CCCCCCCCCCC\C=C/C\C=C/CCCCC)(COP(O)(=O)OCCN)OC(=O)CCCCCCCC(=O)\C=C\C=C/CCCCC,[H][C@@](COC(=O)CCCCCCCCCCCCCC)(COP(O)(=O)OC[C@H](N)C(O)=O)OC(=O)CCC(O)\C=C/C=C\C\C=C/C\C=C/C\C=C/C\C=C/CC,valid,valid,valid_pair
337,[H][C@](COC(=O)CCCCCCCCCCCCCCCCCC(C)C)(COC(=O)CCCCCCCCCCC(C)CC)OC(=O)CCCCCCCCCCCCCCCCCCC,[H][C@@](COC(=O)CCC[C@H](O)[C@@H](O)C\C=C/C\C=C/C\C=C/C\C=C/CC)(COP(O)(=O)O[C@H]1[C@H](O)[C@@H](O)[C@H](O)[C@@H](O)[C@H]1O)OC(=O)CCCCCCCCCCCCCCCCC,valid,valid,valid_pair
338,[H][C@@](O)(COP(O)(=O)OC[C@@]([H])(COC(=O)CCCCCCCCCCCCC(C)C)OC(=O)CCCCCCCCCCCCCCCCCCCCCCC)COP(O)(=O)OC[C@@]([H])(COC(=O)CCCCCCCCC(C)CC)OC(=O)CCCCCCCCC(C)CC,[H][C@](O)(COP(O)(=O)OC[C@@]([H])(COC(=O)CCCCCCC)OC(=O)CCCCCCCCCCCC(C)C)COP(O)(=O)OC[C@@]([H])(COC(=O)CCCCCCCCCCCCCCCCCCC)OC(=O)CCCCCCCCCCCCCCCCCCCCCC,valid,valid,valid_pair
339,[H][C@@](O)(COP(O)(=O)OC[C@@]([H])(COC(=O)CCCCCCCCCC(C)C)OC(=O)CCCCCCCCCCCCCCCCC(C)C)COP(O)(=O)OC[C@@]([H])(COC(=O)CCCCCCCCC(C)C)OC(=O)CCCCCCCCCCCCC(C)CC,[H][C@@](O)(COP(O)(=O)OC[C@@]([H])(COC(=O)CCCCCCCCCCCCCCCC)OC(=O)CCCCCCCCCCCCCCCC(C)C)COP(O)(=O)OC[C@@]([H])(COC(=O)CCCCCCCCC(C)C)OC(=O)CCCCCCCCCCCCC,valid,valid,valid_pair
340,[H][C@@](COC(=O)CCCCCCCCCCCC)(COC(=O)CCCCCCCCCCCCCCCCCCCCC)OC(=O)CCCCCCCCCCCCC,CCCCCCCCCCCCCCCC\C=C/OC[C@]([H])(COP([O-])(=O)OCC[N+](C)(C)C)OC(=O)CCCCC\C=C/C\C=C/C\C=C/C\C=C/CCCCC,valid,valid,valid_pair
341,[H][C@@](O)(COP(O)(=O)OC[C@@]([H])(COC(=O)CCCCCCCCCCCCCCCC)OC(=O)CCCCCCCCCCCCCCCCCCCCC)COP(O)(=O)OC[C@@]([H])(COC(=O)CCCCCCCCCCC(C)C)OC(=O)CCCCCCCCCCCCCCCC,[H][C@@](O)(COP(O)(=O)OC[C@@]([H])(COC(=O)CCCCCCCCCCCCCCCCC)OC(=O)CCCCCCCCCCCCCCCCCCCCCCC)COP(O)(=O)OC[C@@]([H])(COC(=O)CCCCCCCCCC(C)C)OC(=O)CCCCCCCCCCC(C)CC,valid,valid,valid_pair
342,[H][C@@](O)(COP(O)(=O)OC[C@@]([H])(COC(=O)CCCCCCCCCCCCCCCC(C)C)OC(=O)CCCCCCCCCCCCCCCCCCCCC(C)C)COP(O)(=O)OC[C@@]([H])(COC(=O)CCCCCCCCC(C)CC)OC(=O)CCCCCCCCCCCCCCCCC(C)CC,[H][C@@](O)(COP(O)(=O)OC[C@@]([H])(COC(=O)CCCCCCCCCCCCCCCCCCC(C)C)OC(=O)CCCCCCCCCCCCCCCCCCCCCC)COP(O)(=O)OC[C@@]([H])(COC(=O)CCCCCCCCC(C)CC)OC(=O)CCCCCCCCCCCCCCCC(C)C,valid,valid,valid_pair
343,[H][C@](O)(COP(O)(=O)OC[C@@]([H])(COC(=O)CCCCCCCCCCC)OC(=O)CCCCCCCCCCCCC)COP(O)(=O)OC[C@@]([H])(COC(=O)CCCCCCCCCCCCCCCC)OC(=O)CCCCCCCCCCCCCCCCC,[H][C@@](O)(COP(O)(=O)OC[C@@]([H])(COC(=O)CCCCCCCCCCCCCCCC)OC(=O)CCCCCCCCCCCCC(C)CC)COP(O)(=O)OC[C@@]([H])(COC(=O)CCCCCCCCCCC)OC(=O)CCCCCCCCCCC(C)CC,valid,valid,valid_pair
344,[H][C@](O)(COP(O)(=O)OC[C@@]([H])(COC(=O)CCCCCCCCCCCC)OC(=O)CCCCCCCCCCCCCC(C)C)COP(O)(=O)OC[C@@]([H])(COC(=O)CCCCCCCCCCCCCCCCCCCCC)OC(=O)CCCCCCCCCCCCCCCCCCCCC,[H][C@](O)(COP(O)(=O)OC[C@@]([H])(COC(=O)CCCCCCCCCC)OC(=O)CCCCCCCCCCCCCCC)COP(O)(=O)OC[C@@]([H])(COC(=O)CCCCCCCCCCCCCCCCCCC(C)C)OC(=O)CCCCCCCCCCCCCCCCCCCCCCCC,valid,valid,valid_pair
345,[H][C@@](COC(=O)CCCCCCCCCCCCCCC)(COC(=O)CCCCCCCCCCCC(C)C)OC(=O)CCCCCCCCCCCCCCC,[H][C@@](COC(=O)CCCCCCCCCCCC)(COC(=O)CCCCCCCCCC(C)C)OC(=O)CCCCCCCCCCCCCCCCCCCC,valid,valid,valid_pair
346,[H][C@@](O)(COP(O)(=O)OC[C@@]([H])(COC(=O)CCCCCCCCCCCCCCC(C)C)OC(=O)CCCCCCCCCCCCC(C)CC)COP(O)(=O)OC[C@@]([H])(COC(=O)CCCCCCCCC(C)C)OC(=O)CCCCCCCCCCCCC(C)CC,[H][C@](O)(COP(O)(=O)OC[C@@]([H])(COC(=O)CCCCCCC)OC(=O)CCCCCCCCCCCCCCC)COP(O)(=O)OC[C@@]([H])(COC(=O)CCCCCCCCCCCCCCCCCC)OC(=O)CCCCCCCCCCCCCCCCC(C)CC,valid,valid,valid_pair
347,[H]C(O)(COP(O)(=O)OC[C@@]([H])(COC(=O)CCCCCCCCCCCCC(C)C)OC(=O)CCCCCCCCCCCCCCC(C)C)COP(O)(=O)OC[C@@]([H])(COC(=O)CCCCCCCCCCC(C)C)OC(=O)CCCCCCCCC(C)CC,[H][C@@](O)(COP(O)(=O)OC[C@@]([H])(COC(=O)CCCCCCCCCCCCCCC)OC(=O)CCCCCCCCCCCCCCCCCCCCCC)COP(O)(=O)OC[C@@]([H])(COC(=O)CCCCCCCCC)OC(=O)CCCCCCCCC(C)C,valid,valid,valid_pair
348,[H][C@](COC(=O)CCCCCCCCCCCCC)(COC(=O)CCCCCCCCCCC(C)CC)OC(=O)CCCCCCCCCCCCCCCCCCCC,[H][C@@](COC(=O)CCCCCCCCCCCC)(COC(=O)CCCCCCCCCCCCCCCC(C)C)OC(=O)CCCCCCCCCCCCCCCCC,valid,valid,valid_pair
349,[H][C@](COC(=O)CCCCCCCCCCCCCCCC(C)C)(COC(=O)CCCCCCCCCCCCC(C)CC)OC(=O)CCCCCCCCCCCC,[H][C@](COC(=O)CCCCCCCCCCCCCCCCC(C)C)(COC(=O)CCCCCCCCCCCCC(C)CC)OC(=O)CCCCCCCCC(C)C,valid,valid,valid_pair
350,[H][C@](O)(COP(O)(=O)OC[C@@]([H])(COC(=O)CCCCCCCCCCCCC)OC(=O)CCCCCCCCCCCCCCC)COP(O)(=O)OC[C@@]([H])(COC(=O)CCCCCCCCCCCCCCC)OC(=O)CCCCCCCCCCCCCCCCC(C)C,[H]C(O)(COP(O)(=O)OC[C@@]([H])(COC(=O)CCCCCCCCCC(C)C)OC(=O)CCCCCCCCCCCCCC(C)C)COP(O)(=O)OC[C@@]([H])(COC(=O)CCCCCCCCC(C)C)OC(=O)CCCCCCCCCCCCCCCCCCCCC(C)C,valid,valid,valid_pair
351,[N+]C(CSC(CC1=CC=CC=C1)=NO)C(=O)NCC([O-])=O,CCCCCCCCCCCCCCCC=CC=CC(O)=O,valid,valid,valid_pair
352,[H][C@](O)(COP(O)(=O)OC[C@@]([H])(COC(=O)CCCCCCCCCCC)OC(=O)CCCCCCCCCCCC)COP(O)(=O)OC[C@@]([H])(COC(=O)CCCCCCCCCC(C)C)OC(=O)CCCCCCCCCCCCCCCCCC,[H][C@@](O)(COP(O)(=O)OC[C@@]([H])(COC(=O)CCCCCCCCCCC(C)C)OC(=O)CCCCCCCCCCCCCCC)COP(O)(=O)OC[C@@]([H])(COC(=O)CCCCCCCCCCCC)OC(=O)CCCCCCCCCCC(C)C,valid,valid,valid_pair
353,[H][C@](O)(COP(O)(=O)OC[C@@]([H])(COC(=O)CCCCCCC)OC(=O)CCCCCCCCCCCCCCC(C)C)COP(O)(=O)OC[C@@]([H])(COC(=O)CCCCCCCCCCCCCCCCCCC)OC(=O)CCCCCCCCCCCCCCCCCC(C)C,[H][C@](O)(COP(O)(=O)OC[C@@]([H])(COC(=O)CCCCCCCCC)OC(=O)CCCCCCCCCCC(C)CC)COP(O)(=O)OC[C@@]([H])(COC(=O)CCCCCCCCCCCCC(C)CC)OC(=O)CCCCCCCCCCCCCCCCCCCCCCCC,valid,valid,valid_pair
354,[H]C(O)(COP(O)(=O)OC[C@@]([H])(COC(=O)CCCCCCCCCCCCCCCCCC(C)C)OC(=O)CCCCCCCCCCCCCC(C)C)COP(O)(=O)OC[C@@]([H])(COC(=O)CCCCCCCCCCC(C)C)OC(=O)CCCCCCCCC(C)CC,[H][C@](O)(COP(O)(=O)OC[C@@]([H])(COC(=O)CCCCCCCCC)OC(=O)CCCCCCCCCCC(C)C)COP(O)(=O)OC[C@@]([H])(COC(=O)CCCCCCCCCCCCCCCCC)OC(=O)CCCCCCCCCCCCCCCCCCCCCC,valid,valid,valid_pair
355,[H][C@](COC(=O)CCCCCCC\C=C/CCCCCC)(COC(=O)CCCCCCC\C=C/CCCCCCCC)OC(=O)CCCCC\C=C/C\C=C/C\C=C/C\C=C/C\C=C/CC,[H][C@](O)(COP(O)(O)=O)COP(O)(=O)OC[C@@]([H])(COC(=O)CCCC\C=C/C\C=C/C\C=C/CCCCC)OC(=O)CCC[C@@H](O)\C=C/C=C/C=C/[C@@H](O)C\C=C/CCCCC,valid,valid,valid_pair
356,[H][C@@](O)(COP(O)(=O)OC[C@@]([H])(COC(=O)CCCCCCCCCCCCCCCCC(C)CC)OC(=O)CCCCCCCCCCCCCCCCCCCCCC)COP(O)(=O)OC[C@@]([H])(COC(=O)CCCCCCCCCCC(C)CC)OC(=O)CCCCCCCCCCC(C)CC,[H][C@@](O)(COP(O)(=O)OC[C@@]([H])(COC(=O)CCCCCCCCCCCCCCCCCCC)OC(=O)CCCCCCCCCCCCCCCCCCCCC(C)CC)COP(O)(=O)OC[C@@]([H])(COC(=O)CCCCCCCCC(C)C)OC(=O)CCCCCCCCCCCCC(C)CC,valid,valid,valid_pair
357,[H][C@@](O)(COP(O)(=O)OC[C@@]([H])(COC(=O)CCCCCCCCCCCCCCCCC)OC(=O)CCCCCCCCCCCCCCC(C)C)COP(O)(=O)OC[C@@]([H])(COC(=O)CCCCCCCCCCC(C)CC)OC(=O)CCCCCCCCCCCCC(C)C,[H][C@](O)(COP(O)(=O)OC[C@@]([H])(COC(=O)CCCCCCCCCC)OC(=O)CCCCCCCCCCCCC(C)C)COP(O)(=O)OC[C@@]([H])(COC(=O)CCCCCCCCCCCCCCCC(C)C)OC(=O)CCCCCCCCCCCCCCCCC(C)CC,valid,valid,valid_pair
358,[H]C(O)(COP(O)(=O)OC[C@@]([H])(COC(=O)CCCCCCCCCCCCCCCCCC(C)C)OC(=O)CCCCCCCCCCCCCCC(C)C)COP(O)(=O)OC[C@@]([H])(COC(=O)CCCCCCCCCC(C)C)OC(=O)CCCCCCCCCCCCCCC(C)C,[H][C@@](O)(COP(O)(=O)OC[C@@]([H])(COC(=O)CCCCCCCCCCCCCCCCCC(C)C)OC(=O)CCCCCCCCCCCCCCCCCCCCCCC)COP(O)(=O)OC[C@@]([H])(COC(=O)CCCCCCCCC(C)C)OC(=O)CCCCCCCCCCCC,valid,valid,valid_pair
359,[H][C@@](COC(=O)CCC\C=C/C\C=C/C\C=C/C=C/C(=O)CCCCC)(COP(O)(=O)O[C@H]1[C@H](O)[C@@H](O)[C@H](O)[C@@H](O)[C@H]1O)OC(=O)CCCCCCCCC\C=C/CCCCCCCC,[H][C@](COC(=O)CCCCCCC\C=C/CCCC)(COC(=O)CCCCC\C=C/C\C=C/C\C=C/C\C=C/C\C=C/CC)OC(=O)CCCCC\C=C/C\C=C/C\C=C/C\C=C/CCCCC,valid,valid,valid_pair
360,[H][C@](COC(=O)CCCCCCCCCCCCCC)(COC(=O)CCC\C=C/C\C=C/C\C=C/C\C=C/C\C=C/CC)OC(=O)CCCCCCC\C=C/CCCCCC,[H][C@](O)(CO)COP(O)(=O)OC[C@@]([H])(COC(=O)CCC\C=C/C\C=C/C=C/C(O)C\C=C/C\C=C/CC)OC(=O)CCCCCCCCC\C=C/C\C=C/CCCCC,valid,valid,valid_pair
361,[H][C@](O)(COP(O)(=O)OC[C@@]([H])(COC(=O)CCCCCCC)OC(=O)CCCCCCCCCCC)COP(O)(=O)OC[C@@]([H])(COC(=O)CCCCCCCCCCCCCCC)OC(=O)CCCCCCCCCCCCCCCCCCCCCCCC,[H][C@](O)(COP(O)(=O)OC[C@@]([H])(COC(=O)CCCCCCCCC(C)C)OC(=O)CCCCCCCCCCCCC(C)CC)COP(O)(=O)OC[C@@]([H])(COC(=O)CCCCCCCCC(C)CC)OC(=O)CCCCCCCCCCCCCCCC(C)C,valid,valid,valid_pair
362,[H][C@](COC(=O)CCCCCCCCCCCCC)(COC(=O)CC\C=C/C\C=C/C\C=C/C\C=C/C\C=C/C\C=C/CC)OC(=O)CCCCCCCCCCCCCCCCCCC,[H][C@@](COC(=O)CCC\C=C/C\C=C/C\C=C/C=C/CC(O)\C=C/CC)(COP([O-])(=O)OCC[N+](C)(C)C)OC(=O)CCCCCCCCCCCCCCCCCCCCCCC,valid,valid,valid_pair
363,[H][C@](O)(COP(O)(=O)OC[C@@]([H])(COC(=O)CCCCCCCCCC)OC(=O)CCCCCCCCCCCCCC(C)C)COP(O)(=O)OC[C@@]([H])(COC(=O)CCCCCCCCCCCCCCCC(C)C)OC(=O)CCCCCCCCCCCCCCCCCCCCC,[H][C@@](O)(COP(O)(=O)OC[C@@]([H])(COC(=O)CCCCCCCCCCCCCC(C)C)OC(=O)CCCCCCCCCCCCCCCCCCC(C)C)COP(O)(=O)OC[C@@]([H])(COC(=O)CCCCCCCCCCC(C)CC)OC(=O)CCCCCCCCCCC(C)CC,valid,valid,valid_pair
364,[H][C@@](COC(=O)CCCCCCCCC)(COC(=O)CCCCCCCCCCCCCCCCCCCCC(C)CC)OC(=O)CCCCCCCCCCCCCCCCCCCCC(C)C,[H][C@@](COC(=O)CCCCCCCCCCCCCCCCCCC)(COC(=O)CCCCCCCCCCCCCCCCCCCCC(C)CC)OC(=O)CCCCCCCCCCC(C)C,valid,valid,valid_pair
365,CCCCCCCC\C=C/CCCCCCCCCCCC(=O)O[C@]([H])(COC(=O)CCCCCCC\C=C/C\C=C/CCCCC)COP([O-])(=O)OCC[N+](C)(C)C,[H][C@](N)(COP(O)(=O)OC[C@@]([H])(COC(=O)CCCCCCCCCCC\C=C/CCCCCCCC)OC(=O)CCCC\C=C/C\C=C/C\C=C/CCCCC)C(O)=O,valid,valid,valid_pair
366,[H][C@](COC(=O)CCCCCCCCCCCCCCCCCCCCC(C)C)(COC(=O)CCCCCCCCCCC(C)CC)OC(=O)CCCCCCCCCCC,[H][C@](COC(=O)CCCCCCCCCCCCCCCCCCC)(COC(=O)CCCCCCCCCCCCC(C)C)OC(=O)CCCCCCCCCCC(C)CC,valid,valid,valid_pair
367,[H]C(O)(COP(O)(=O)OC[C@@]([H])(COC(=O)CCCCCCCCCCCCCCCC(C)C)OC(=O)CCCCCCCCCCCCC(C)CC)COP(O)(=O)OC[C@@]([H])(COC(=O)CCCCCCCCCC(C)C)OC(=O)CCCCCCCCCCCCCCC(C)C,[H][C@](O)(COP(O)(=O)OC[C@@]([H])(COC(=O)CCCCCCCCC)OC(=O)CCCCCCCCCCCCCCC)COP(O)(=O)OC[C@@]([H])(COC(=O)CCCCCCCCCCCCCCCCC(C)C)OC(=O)CCCCCCCCCCCCCCCCCC(C)C,valid,valid,valid_pair
368,[H][C@](O)(COP(O)(=O)OC[C@@]([H])(COC(=O)CCCCCCCCCCCCCC)OC(=O)CCCCCCCCCCCCCC)COP(O)(=O)OC[C@@]([H])(COC(=O)CCCCCCCCCCCCCC)OC(=O)CCCCCCCCCCCCCCCCCCCC,[H][C@](O)(COP(O)(=O)OC[C@@]([H])(COC(=O)CCCCCCC)OC(=O)CCCCCCCCCCC(C)CC)COP(O)(=O)OC[C@@]([H])(COC(=O)CCCCCCCCCCCCCCCCCC(C)C)OC(=O)CCCCCCCCCCCCCCCCCCC(C)C,valid,valid,valid_pair
369,[H][C@](O)(COP(O)(=O)OC[C@@]([H])(COC(=O)CCCCCCCCC)OC(=O)CCCCCCCCCCC(C)CC)COP(O)(=O)OC[C@@]([H])(COC(=O)CCCCCCCCCCCCCCCCCCCC)OC(=O)CCCCCCCCCCCCCCCCCCCCCCCC,[H][C@@](O)(COP(O)(=O)OC[C@@]([H])(COC(=O)CCCCCCCCCCCCCCCCC(C)CC)OC(=O)CCCCCCCCCCCCCCCCCCCCCCC)COP(O)(=O)OC[C@@]([H])(COC(=O)CCCCCCCCCC)OC(=O)CCCCCCCCCCC(C)CC,valid,valid,valid_pair
370,[H][C@@](COC(=O)CCCCCCCCCCCCCCCCC)(COC(=O)CCCCCCCCCCCC(C)C)OC(=O)CCCCCCCCCCCCCCCCC(C)C,CCCCC[C@H](O)\C=C\[C@@H]1[C@@H](C\C=C/CCCC(=O)O[C@H](COC(=O)CCCCCCCCCCC2=C(C)C(C)=C(CCC)O2)COP([O-])(=O)OCC[N+](C)(C)C)C=CC1=O,valid,valid,valid_pair
371,[H][C@@](O)(COP(O)(=O)OC[C@@]([H])(COC(=O)CCCCCCCCCCCCCCCC)OC(=O)CCCCCCCCCCCCCCCCCCCCCCCC)COP(O)(=O)OC[C@@]([H])(COC(=O)CCCCCCCCC(C)C)OC(=O)CCCCCCCCC(C)CC,[H][C@@](O)(COP(O)(=O)OC[C@@]([H])(COC(=O)CCCCCCCCCCCCCCCCC)OC(=O)CCCCCCCCCCCCCCCCC(C)CC)COP(O)(=O)OC[C@@]([H])(COC(=O)CCCCCCCCCC(C)C)OC(=O)CCCCCCCCCCCCCC,valid,valid,valid_pair
372,[H][C@@](COC(=O)CCCCCCCCCCCC)(COC(=O)CCCCCCCCCCCCCCC(C)C)OC(=O)CCCCCCCCCCCCCCCCCC(C)C,[H][C@@](COC(=O)CCCCCCCCCCCCCCCCC(C)CC)(COC(=O)CCCCCCCCCCCCCC(C)C)OC(=O)CCCCCCCCCCC(C)C,valid,valid,valid_pair
373,[H][C@@](COC(=O)CCCCCCCCCCCCCC)(COC(=O)CCCCCCCCCCCCCCCCCCC)OC(=O)CCCCCCCCCCCC(C)C,[H][C@](COC(=O)CCCCCCCCCCCCCCCC)(COC(=O)CCCCCCCCCCCCC(C)CC)OC(=O)CCCCCCCCCCCCCCC,valid,valid,valid_pair
374,[H][C@@](O)(COP(O)(=O)OC[C@@]([H])(COC(=O)CCCCCCCCCCCCCCCCC)OC(=O)CCCCCCCCCCCCCCC(C)C)COP(O)(=O)OC[C@@]([H])(COC(=O)CCCCCCCCCC(C)C)OC(=O)CCCCCCCCCCC(C)C,[H][C@@](O)(COP(O)(=O)OC[C@@]([H])(COC(=O)CCCCCCCCCCCCCC)OC(=O)CCCCCCCCCCCCCCCCCCCCCC)COP(O)(=O)OC[C@@]([H])(COC(=O)CCCCCCCCC(C)C)OC(=O)CCCCCCCCCC(C)C,valid,valid,valid_pair
375,[H][C@](O)(COP(O)(=O)OC[C@@]([H])(COC(=O)CCCCCCCCCCCCCC)OC(=O)CCCCCCCCCCCCCCCCC)COP(O)(=O)OC[C@@]([H])(COC(=O)CCCCCCCCCCCCCCCCC)OC(=O)CCCCCCCCCCCCCCCCCC,[H]C(O)(COP(O)(=O)OC[C@@]([H])(COC(=O)CCCCCCCCCCCCCCCCCCCCC(C)CC)OC(=O)CCCCCCCCCCCCCC(C)C)COP(O)(=O)OC[C@@]([H])(COC(=O)CCCCCCCCCCC(C)C)OC(=O)CCCCCCCCCCC(C)C,valid,valid,valid_pair
376,[H][C@@](O)(COP(O)(=O)OC[C@@]([H])(COC(=O)CCCCCCCCCCCCCCCCCCC)OC(=O)CCCCCCCCCCCCCCCCC(C)C)COP(O)(=O)OC[C@@]([H])(COC(=O)CCCCCCCCCCCCCCC)OC(=O)CCCCCCCCCCCCC(C)C,[H][C@@](O)(COP(O)(=O)OC[C@@]([H])(COC(=O)CCCCCCCCCCCCCCCC)OC(=O)CCCCCCCCCCCCCCCCCCCCC(C)CC)COP(O)(=O)OC[C@@]([H])(COC(=O)CCCCCCCCCCC(C)CC)OC(=O)CCCCCCCCCCCC(C)C,valid,valid,valid_pair
377,[H][C@@](O)(COP(O)(=O)OC[C@@]([H])(COC(=O)CCCCCCCCCCCCCCC(C)C)OC(=O)CCCCCCCCCCCCCCC(C)C)COP(O)(=O)OC[C@@]([H])(COC(=O)CCCCCCCCC(C)CC)OC(=O)CCCCCCCCCCCCCCCCCCC(C)C,[H]C(O)(COP(O)(=O)OC[C@@]([H])(COC(=O)CCCCCCCCCCCCCCCCCC(C)C)OC(=O)CCCCCCCCCCCCCC(C)C)COP(O)(=O)OC[C@@]([H])(COC(=O)CCCCCCCCCC(C)C)OC(=O)CCCCCCCCCCCCCCCCC(C)C,valid,valid,valid_pair
378,[H][C@](O)(COP(O)(=O)OC[C@@]([H])(COC(=O)CCCCCCCCCCCCC)OC(=O)CCCCCCCCCCCCCCC)COP(O)(=O)OC[C@@]([H])(COC(=O)CCCCCCCCCCCCCCCCCC)OC(=O)CCCCCCCCCCCCCCCCCCCCCCCC,[H][C@@](O)(COP(O)(=O)OC[C@@]([H])(COC(=O)CCCCCCCCCCCCCCCCCC)OC(=O)CCCCCCCCCCCCCCCCCCCCCCCC)COP(O)(=O)OC[C@@]([H])(COC(=O)CCCCCCCCCCCCC)OC(=O)CCCCCCCCCCCCC(C)C,valid,valid,valid_pair
379,[H][C@@](O)(COP(O)(=O)OC[C@@]([H])(COC(=O)CCCCCCCCCCCCCCC(C)C)OC(=O)CCCCCCCCCCCCCCCCCCCCCCCC)COP(O)(=O)OC[C@@]([H])(COC(=O)CCCCCCCCCCCC)OC(=O)CCCCCCCCCCC(C)CC,[H][C@](O)(COP(O)(=O)OC[C@@]([H])(COC(=O)CCCCCCCCCCCC)OC(=O)CCCCCCCCCCCCC)COP(O)(=O)OC[C@@]([H])(COC(=O)CCCCCCCCCCCCCCCCCCCC)OC(=O)CCCCCCCCCCCCCCCCCCCCCC,valid,valid,valid_pair
380,[H][C@](O)(COP(O)(=O)OC[C@@]([H])(COC(=O)CCCCCCCCCCC)OC(=O)CCCCCCCCCCCCC(C)C)COP(O)(=O)OC[C@@]([H])(COC(=O)CCCCCCCCCCCCCCCC(C)C)OC(=O)CCCCCCCCCCCCCCCCCCC(C)C,[H][C@@](O)(COP(O)(=O)OC[C@@]([H])(COC(=O)CCCCCCCCCCCCCCCCCC(C)C)OC(=O)CCCCCCCCCCCCCCCCC(C)CC)COP(O)(=O)OC[C@@]([H])(COC(=O)CCCCCCCCC(C)CC)OC(=O)CCCCCCCCCCC(C)C,valid,valid,valid_pair
381,[H][C@@](O)(COP(O)(=O)OC[C@@]([H])(COC(=O)CCCCCCCCCCCCCCCCCC)OC(=O)CCCCCCCCCCCCCCCC(C)C)COP(O)(=O)OC[C@@]([H])(COC(=O)CCCCCCCCCCCC(C)C)OC(=O)CCCCCCCCCCCCCCC,[H][C@@](O)(COP(O)(=O)OC[C@@]([H])(COC(=O)CCCCCCCCCCCCCCCC(C)C)OC(=O)CCCCCCCCCCCCCCCC(C)C)COP(O)(=O)OC[C@@]([H])(COC(=O)CCCCCCCCCCCC(C)C)OC(=O)CCCCCCCCCCCCC(C)C,valid,valid,valid_pair
382,[H][C@@](COC(=O)CCCCCCCCCCCCCCCCCCCCC(C)CC)(COC(=O)CCCCCCCCCCC(C)C)OC(=O)CCCCCCCCCCCCCCCCCCC,[H][C@@](COC(=O)CCCCCCCCCCCCCCC(C)C)(COC(=O)CCCCCCCCCCCCCC(C)C)OC(=O)CCCCCCCCCCCCCCCCCCCCC(C)C,valid,valid,valid_pair
383,CC\C(C)=C\C(=O)OC1CC(C(C)C)C2C(CC(=O)\C2=C\C)C1=C,OCCCC1=CC(OC2OC(CO)C(O)C(O)C2O)=C(O)C=C1,valid,valid,valid_pair
384,[H][C@](O)(COP(O)(=O)OC[C@@]([H])(COC(=O)CCCCCCCCCCC)OC(=O)CCCCCCCCCCCC)COP(O)(=O)OC[C@@]([H])(COC(=O)CCCCCCCCCCCCCCCC)OC(=O)CCCCCCCCCCCCCCCC(C)C,[H][C@](O)(COP(O)(=O)OC[C@@]([H])(COC(=O)CCCCCCCCCCC)OC(=O)CCCCCCCCCCCCC)COP(O)(=O)OC[C@@]([H])(COC(=O)CCCCCCCCCCCCCC)OC(=O)CCCCCCCCCCCCCCCCC(C)C,valid,valid,valid_pair
385,[H]C(O)(COP(O)(=O)OC[C@@]([H])(COC(=O)CCCCCCCCCC(C)C)OC(=O)CCCCCCCCCCCCCC(C)C)COP(O)(=O)OC[C@@]([H])(COC(=O)CCCCCCCCCCCCCC(C)C)OC(=O)CCCCCCCCCCC(C)CC,[H][C@](O)(COP(O)(=O)OC[C@@]([H])(COC(=O)CCCCCCC)OC(=O)CCCCCCCCC)COP(O)(=O)OC[C@@]([H])(COC(=O)CCCCCCCCCCCCCCCCC(C)C)OC(=O)CCCCCCCCCCCCCCCCCCCCC(C)C,valid,valid,valid_pair
386,[H][C@@](O)(COP(O)(=O)OC[C@@]([H])(COC(=O)CCCCCCCCCCC(C)C)OC(=O)CCCCCCCCCCCCCCCCCCC(C)C)COP(O)(=O)OC[C@@]([H])(COC(=O)CCCCCCCCC(C)CC)OC(=O)CCCCCCCCCCCCCCCCCCCCC(C)CC,[H][C@@](O)(COP(O)(=O)OC[C@@]([H])(COC(=O)CCCCCCCCCCCCCCCCC(C)CC)OC(=O)CCCCCCCCCCCCCCCCCCC(C)C)COP(O)(=O)OC[C@@]([H])(COC(=O)CCCCCCCCC(C)CC)OC(=O)CCCCCCCCCCCCCCC(C)C,valid,valid,valid_pair
387,[H][C@](O)(COP(O)(=O)OC[C@@]([H])(COC(=O)CCCCCCC)OC(=O)CCCCCCC)COP(O)(=O)OC[C@@]([H])(COC(=O)CCCCCCCCCCCCCCCC)OC(=O)CCCCCCCCCCCCCCCCCC(C)C,[H][C@@](O)(COP(O)(=O)OC[C@@]([H])(COC(=O)CCCCCCCCCCC(C)CC)OC(=O)CCCCCCCCCCC(C)CC)COP(O)(=O)OC[C@@]([H])(COC(=O)CCCCCCCCCC)OC(=O)CCCCCCCCCC(C)C,valid,valid,valid_pair
388,[H][C@](O)(COP(O)(=O)OC[C@@]([H])(COC(=O)CCCCCCCCC)OC(=O)CCCCCCCCCCCCCCCCCC)COP(O)(=O)OC[C@@]([H])(COC(=O)CCCCCCCCCCCCCCCCC(C)C)OC(=O)CCCCCCCCCCCCCCCCCCCCCCCC,[H][C@@](O)(COP(O)(=O)OC[C@@]([H])(COC(=O)CCCCCCCCCCCCCCCCCCCCCCCC)OC(=O)CCCCCCCCCCCCCCCCCCCCC(C)CC)COP(O)(=O)OC[C@@]([H])(COC(=O)CCCCCCCCCCC)OC(=O)CCCCCCCCC(C)C,valid,valid,valid_pair
389,[H][C@](O)(CO)COP(O)(=O)OC[C@@]([H])(COC(=O)CCCC1OC1C\C=C/C\C=C/C\C=C/CCCCC)OC(=O)CCC\C=C/C\C=C/C\C=C/C\C=C/CCCCC,[H][C@@](COC(=O)CCCCCCCCCCCCCCCCCCCCC(C)C)(COC(=O)CCCCCCCCC(C)C)OC(=O)CCCCCCCCCCCCC,valid,valid,valid_pair
390,[H][C@@](COC(=O)CCCCCCCCCCCCC)(COC(=O)CCCCCCCCCCCCCCCCCCC(C)C)OC(=O)CCCCCCCCCCCCCCCCCCC(C)C,[H][C@@](COC(=O)CCCCCCCCCCCCCCCCC)(COC(=O)CCCCCCCCCCCCCCCCC(C)CC)OC(=O)CCCCCCCCCCCCCCCCCC,valid,valid,valid_pair
391,[H]C(O)(COP(O)(=O)OC[C@@]([H])(COC(=O)CCCCCCCCCCCCCCCCCC(C)C)OC(=O)CCCCCCCCCCCCCCC(C)C)COP(O)(=O)OC[C@@]([H])(COC(=O)CCCCCCCCC(C)C)OC(=O)CCCCCCCCCCCCCCCCCCC(C)C,[H][C@@](O)(COP(O)(=O)OC[C@@]([H])(COC(=O)CCCCCCCCCCCCCCCCCCCCC(C)CC)OC(=O)CCCCCCCCCCCCCCCCCCC(C)C)COP(O)(=O)OC[C@@]([H])(COC(=O)CCCCCCCCC(C)CC)OC(=O)CCCCCCCCC(C)CC,valid,valid,valid_pair
392,[H][C@@](COC(=O)CCCCCCCCCCCCC)(COC(=O)CCCCCCCCCCCCCCC(C)C)OC(=O)CCCCCCCCCCCCCCCCCCC,[H][C@@](COC(=O)CCCCCCCCC1=C(C)C(C)=C(CCCCC)O1)(COP([O-])(=O)OCC[N+](C)(C)C)OC(=O)CCC\C=C\C=C/C(O)C\C=C/C\C=C/CCCCC,valid,valid,valid_pair
393,CCCCCCCC\C=C/CCCCCCCCCCCC(=O)OC[C@]([H])(COP([O-])(=O)OCC[N+](C)(C)C)OC(=O)CCCCCCCCCCC\C=C/C\C=C/CCCCC,[H][C@](O)(CO)COP(O)(=O)OC[C@@]([H])(COC(=O)CCCCCCCCCCCCCCCCC(C)CC)OC(=O)CC\C=C/C\C=C/C[C@@H](O)\C=C\C=C/C=C/[C@@H](O)C\C=C/CC,valid,valid,valid_pair
394,[H][C@](O)(COP(O)(=O)OC[C@@]([H])(COC(=O)CCCCCCCCCCCC)OC(=O)CCCCCCCCCCCCCC(C)C)COP(O)(=O)OC[C@@]([H])(COC(=O)CCCCCCCCCCCCCCCCCCCC)OC(=O)CCCCCCCCCCCCCCCCCCC(C)C,[H][C@@](O)(COP(O)(=O)OC[C@@]([H])(COC(=O)CCCCCCCCCCCCCCCCCCCC)OC(=O)CCCCCCCCCCCCCCCCCCCCCCCC)COP(O)(=O)OC[C@@]([H])(COC(=O)CCCCCCCCC(C)C)OC(=O)CCCCCCCCCCCCCC,valid,valid,valid_pair
395,[H][C@](O)(COP(O)(=O)OC[C@@]([H])(COC(=O)CCCCCCCCCCC)OC(=O)CCCCCCCCCCCC)COP(O)(=O)OC[C@@]([H])(COC(=O)CCCCCCCCCCCC(C)C)OC(=O)CCCCCCCCCCCCCCCC(C)C,[H]C(O)(COP(O)(=O)OC[C@@]([H])(COC(=O)CCCCCCCCCC(C)C)OC(=O)CCCCCCCCCCCCC(C)C)COP(O)(=O)OC[C@@]([H])(COC(=O)CCCCCCCCC(C)C)OC(=O)CCCCCCCCCCCCCCC(C)C,valid,valid,valid_pair
396,[H][C@@](O)(COP(O)(=O)OC[C@@]([H])(COC(=O)CCCCCCCCCCCCCCCCC)OC(=O)CCCCCCCCCCCCCCCCCCCCC(C)C)COP(O)(=O)OC[C@@]([H])(COC(=O)CCCCCCCCC(C)C)OC(=O)CCCCCCCCC(C)C,[H][C@@](O)(COP(O)(=O)OC[C@@]([H])(COC(=O)CCCCCCCCCCCCCCCCC)OC(=O)CCCCCCCCCCCCCCC(C)C)COP(O)(=O)OC[C@@]([H])(COC(=O)CCCCCCCCCCC(C)CC)OC(=O)CCCCCCCCCCC(C)CC,valid,valid,valid_pair
397,[H][C@](O)(COP(O)(=O)OC[C@@]([H])(COC(=O)CCCCCCCCCCCCCCC)OC(=O)CCCCCCCCCCCCCCC)COP(O)(=O)OC[C@@]([H])(COC(=O)CCCCCCCCCCCCCCCCCC)OC(=O)CCCCCCCCCCCCCCCCCCC,[H][C@](O)(COP(O)(=O)OC[C@@]([H])(COC(=O)CCCCCCCCCCCC)OC(=O)CCCCCCCCCCCCCCCCC)COP(O)(=O)OC[C@@]([H])(COC(=O)CCCCCCCCCCCCCCCCC)OC(=O)CCCCCCCCCCCCCCCCCCC(C)C,valid,valid,valid_pair
398,[H][C@@](O)(COP(O)(=O)OC[C@@]([H])(COC(=O)CCCCCCCCCCCCCCCCCCC)OC(=O)CCCCCCCCCCCCCCCCCCCCC)COP(O)(=O)OC[C@@]([H])(COC(=O)CCCCCCCCCCCC(C)C)OC(=O)CCCCCCCCCCCCCCCC,[H][C@](O)(COP(O)(=O)OC[C@@]([H])(COC(=O)CCCCCCCCCC)OC(=O)CCCCCCCCCCCC(C)C)COP(O)(=O)OC[C@@]([H])(COC(=O)CCCCCCCCCCCCCCCCCCCCCCC)OC(=O)CCCCCCCCCCCCCCCCCCCCCCC,valid,valid,valid_pair
399,[H][C@](O)(COP(O)(=O)OC[C@@]([H])(COC(=O)CCCCCCC)OC(=O)CCCCCCCCCCC(C)C)COP(O)(=O)OC[C@@]([H])(COC(=O)CCCCCCCCCCCCCCCCC(C)C)OC(=O)CCCCCCCCCCCCCCCCCCCCCCC,[H][C@](O)(COP(O)(=O)OC[C@@]([H])(COC(=O)CCCCCCCCC)OC(=O)CCCCCCCCCCC(C)C)COP(O)(=O)OC[C@@]([H])(COC(=O)CCCCCCCCCCCCCCCCCCCC)OC(=O)CCCCCCCCCCCCCCCCCC(C)C,valid,valid,valid_pair
400,OC[C@H]1O[C@@H](O[C@@H](C#N)C2=CC=CC=C2)[C@H](O)[C@@H](O)[C@@H]1O,OC(=O)C1=CC=NC2=C1NC(=O)C1=CC=CN=C1N2C1CC1,valid,valid,valid_pair
401,[H][C@@](O)(COP(O)(=O)OC[C@@]([H])(COC(=O)CCCCCCCCCCCCCCCCCCCCC(C)C)OC(=O)CCCCCCCCCCCCCCCCCCCCC(C)CC)COP(O)(=O)OC[C@@]([H])(COC(=O)CCCCCCCCC(C)CC)OC(=O)CCCCCCCCCCCCCCCCCCCCC(C)C,[H][C@](O)(COP(O)(=O)OC[C@@]([H])(COC(=O)CCCCCCCCCCCCCCC)OC(=O)CCCCCCCCCCCCCCCCCCCCCC)COP(O)(=O)OC[C@@]([H])(COC(=O)CCCCCCCCCCCCCCCCCCCCCC)OC(=O)CCCCCCCCCCCCCCCCCCCCC(C)C,valid,valid,valid_pair
402,[H][C@@](COC(=O)CCCCCCCCCCCCCCC)(COC(=O)CCCCCCCCCCC(C)C)OC(=O)CCCCCCCCCC(C)C,[H][C@](COC(=O)CCCCCCCCCCCCCCCC)(COC(=O)CCCCCCCCCCCCCCC(C)C)OC(=O)CCCCCCC,valid,valid,valid_pair
403,[H][C@@](COC(=O)CCCCCCCCCCCCC1=C(C)C(C)=C(CCCCC)O1)(COP([O-])(=O)OCC[N+](C)(C)C)OC(=O)CCC[C@@H](O)\C=C\C=C/C\C=C/C\C=C/CCCCC,[H][C@@](COC(=O)CCCCCCCCCCCCCCCCC)(COC(=O)CCCCCCCCCCCCCCCCC(C)CC)OC(=O)CCCCCCCCCCCCCC(C)C,valid,valid,valid_pair
404,[H][C@](O)(COP(O)(=O)OC[C@@]([H])(COC(=O)CCCCCCCCC(C)C)OC(=O)CCCCCCCCCCCCC(C)C)COP(O)(=O)OC[C@@]([H])(COC(=O)CCCCCCCCC(C)CC)OC(=O)CCCCCCCCCC(C)C,[H][C@](O)(COP(O)(=O)OC[C@@]([H])(COC(=O)CCCCCCCCC)OC(=O)CCCCCCCCCCC(C)C)COP(O)(=O)OC[C@@]([H])(COC(=O)CCCCCCCCCCC(C)CC)OC(=O)CCCCCCCCCCCC(C)C,valid,valid,valid_pair
405,[H][C@@](COC(=O)CCCCCCCCCCCCCCCC(C)C)(COC(=O)CCCCCCCCCCC(C)C)OC(=O)CCCCCCCCCCCCCCC(C)C,[H][C@](COC(=O)CCCCCCCCCCC)(COC(=O)CCCCCCCCCCCCCCCCCCC(C)C)OC(=O)CCCCCCCCCCCCC(C)CC,valid,valid,valid_pair
406,[H][C@@](O)(COP(O)(=O)OC[C@@]([H])(COC(=O)CCCCCCCCCCCCC(C)CC)OC(=O)CCCCCCCCCCCCCCCCC(C)C)COP(O)(=O)OC[C@@]([H])(COC(=O)CCCCCCCCCCCC(C)C)OC(=O)CCCCCCCCCCCCCCCC,[H][C@](O)(COP(O)(=O)OC[C@@]([H])(COC(=O)CCCCCCCCCCCCC)OC(=O)CCCCCCCCCCCCCCC)COP(O)(=O)OC[C@@]([H])(COC(=O)CCCCCCCCCCCCCCCCCC)OC(=O)CCCCCCCCCCCCCCCCCCC,valid,valid,valid_pair
407,[H][C@](COC(=O)CCCCCCCCCCCCC(C)C)(COC(=O)CCCCCCCCCCC(C)CC)OC(=O)CCCCCCCCCCCCC,[H][C@](COC(=O)CCCCCCC)(COC(=O)CCCCCCCCCCCCCCCCCCC)OC(=O)CCCCCCCCCCCCCCCC,valid,valid,valid_pair
408,[H][C@](O)(COP(O)(=O)OC[C@@]([H])(COC(=O)CCCCCCCCCC)OC(=O)CCCCCCCCCCC(C)CC)COP(O)(=O)OC[C@@]([H])(COC(=O)CCCCCCCCCCCCCCCCCCCC)OC(=O)CCCCCCCCCCCCCCCCCCC(C)C,[H][C@@](O)(COP(O)(=O)OC[C@@]([H])(COC(=O)CCCCCCCCCCCCCCCCCC(C)C)OC(=O)CCCCCCCCCCCCCCCCCC(C)C)COP(O)(=O)OC[C@@]([H])(COC(=O)CCCCCCCCCCC)OC(=O)CCCCCCCCCCC(C)CC,valid,valid,valid_pair
409,[H][C@](O)(COP(O)(=O)OC[C@@]([H])(COC(=O)CCCCCCCCCCCCCC)OC(=O)CCCCCCCCCCCCCCCCC)COP(O)(=O)OC[C@@]([H])(COC(=O)CCCCCCCCCCCCCCCCC(C)C)OC(=O)CCCCCCCCCCCCCCCCCC(C)C,[H][C@@](O)(COP(O)(=O)OC[C@@]([H])(COC(=O)CCCCCCCCCCCCCCCC(C)C)OC(=O)CCCCCCCCCCCCCCCCCC(C)C)COP(O)(=O)OC[C@@]([H])(COC(=O)CCCCCCCCCCCC(C)C)OC(=O)CCCCCCCCCCCCCCCCCC,valid,valid,valid_pair
410,[H][C@](O)(COP(O)(=O)OC[C@@]([H])(COC(=O)CCCCCCCCC)OC(=O)CCCCCCCCCCCCC(C)CC)COP(O)(=O)OC[C@@]([H])(COC(=O)CCCCCCCCCCCCCCCCC(C)CC)OC(=O)CCCCCCCCCCCCCCCCCCCCCC,[H][C@@](O)(COP(O)(=O)OC[C@@]([H])(COC(=O)CCCCCCCCCCCCCCCC(C)C)OC(=O)CCCCCCCCCCCCCCCCC(C)C)COP(O)(=O)OC[C@@]([H])(COC(=O)CCCCCCCCCCCC(C)C)OC(=O)CCCCCCCCCCCCCCCC,valid,valid,valid_pair
411,[H][C@@](O)(COP(O)(=O)OC[C@@]([H])(COC(=O)CCCCCCCCCCCCCCCCCC(C)C)OC(=O)CCCCCCCCCCCCC(C)C)COP(O)(=O)OC[C@@]([H])(COC(=O)CCCCCCCCC(C)CC)OC(=O)CCCCCCCCCCCCCCCC(C)C,[H][C@](O)(COP(O)(=O)OC[C@@]([H])(COC(=O)CCCCCCC\C=C/CCCCCC)OC(=O)CCCCCCCCCCCCCCC)COP(O)(=O)OC[C@@]([H])(COC(=O)CCC\C=C/C\C=C/C\C=C/C\C=C/CCCCC)OC(=O)CCCCCCC\C=C/C=C\CCCCCC,valid,valid,valid_pair
412,[H][C@](O)(COP(O)(=O)OC[C@@]([H])(COC(=O)CCCCCCC)OC(=O)CCCCCCCCCCCCCCCC)COP(O)(=O)OC[C@@]([H])(COC(=O)CCCCCCCCCCCCCCCCC)OC(=O)CCCCCCCCCCCCCCCCCCCCC(C)CC,[H][C@](O)(COP(O)(=O)OC[C@@]([H])(COC(=O)CCCCCCC)OC(=O)CCCCCCCCCCCCCCCC(C)C)COP(O)(=O)OC[C@@]([H])(COC(=O)CCCCCCCCCCCCCCCCCCC)OC(=O)CCCCCCCCCCCCCCCCCC(C)C,valid,valid,valid_pair
413,ClC1=CC=C(C=C1)C1CCC2=C(O1)C=CC(Cl)=C2,OC1CN(CC2=CC=CC=C2Cl)CC2=C1SC=C2,valid,valid,valid_pair
414,[H][C@@](O)(COP(O)(=O)OC[C@@]([H])(COC(=O)CCCCCCCCCCCCCCCCCCCC)OC(=O)CCCCCCCCCCCCCCCCCCCCCC)COP(O)(=O)OC[C@@]([H])(COC(=O)CCCCCCCCC(C)C)OC(=O)CCCCCCCCCCCC(C)C,[H][C@](O)(COP(O)(=O)OC[C@@]([H])(COC(=O)CCCCCCCCCCCC)OC(=O)CCCCCCCCCCCCCCC(C)C)COP(O)(=O)OC[C@@]([H])(COC(=O)CCCCCCCCCCCCCCCC(C)C)OC(=O)CCCCCCCCCCCCCCCCCC(C)C,valid,valid,valid_pair
415,[H][C@@](O)(COP(O)(=O)OC[C@@]([H])(COC(=O)CCCCCCCCCCCCCCC(C)C)OC(=O)CCCCCCCCCCCCCCCCCCCCC(C)C)COP(O)(=O)OC[C@@]([H])(COC(=O)CCCCCCCCCCC(C)CC)OC(=O)CCCCCCCCCCCC(C)C,[H][C@](O)(COP(O)(=O)OC[C@@]([H])(COC(=O)CCCCCCCCCCCCC)OC(=O)CCCCCCCCCCCCCCCC)COP(O)(=O)OC[C@@]([H])(COC(=O)CCCCCCCCCCCCCCCCCCC)OC(=O)CCCCCCCCCCCCCCCCCC(C)C,valid,valid,valid_pair
416,CC12CCC3C(CCC4CC(O)CCC34C)C1CCC2OC1OC(C(O)C(O)C1O)C(O)=O,CC(CCC(=C)C(C)C(O)=O)C1CCC2C3=C(C(=O)CC12C)C1(C)CCC(=O)C(C)C1CC3=O,valid,valid,valid_pair
417,[H][C@@](O)(COP(O)(=O)OC[C@@]([H])(COC(=O)CCCCCCCCCCCCCCCCCC)OC(=O)CCCCCCCCCCCCCCCCCCC)COP(O)(=O)OC[C@@]([H])(COC(=O)CCCCCCCCCCCCC(C)C)OC(=O)CCCCCCCCCCCCC(C)CC,[H][C@@](O)(COP(O)(=O)OC[C@@]([H])(COC(=O)CCCCCCCCCCCCCCCC)OC(=O)CCCCCCCCCCCCCCCCCCCCCCCC)COP(O)(=O)OC[C@@]([H])(COC(=O)CCCCCCCCCCC(C)CC)OC(=O)CCCCCCCCCCC(C)CC,valid,valid,valid_pair
418,[H][C@](O)(COP(O)(=O)OC[C@@]([H])(COC(=O)CCCCCCCCC)OC(=O)CCCCCCCCC)COP(O)(=O)OC[C@@]([H])(COC(=O)CCCCCCCCCCC(C)C)OC(=O)CCCCCCCCCCCCCC(C)C,[H][C@](O)(COP(O)(=O)OC[C@@]([H])(COC(=O)CCCCCCC)OC(=O)CCCCCCCCCC(C)C)COP(O)(=O)OC[C@@]([H])(COC(=O)CCCCCCCCCCCCCC)OC(=O)CCCCCCCCCCCCCC,valid,valid,valid_pair
419,[H][C@@](O)(COP(O)(=O)OC[C@@]([H])(COC(=O)CCCCCCCCCCCC(C)C)OC(=O)CCCCCCCCCCCCCCCCCCC)COP(O)(=O)OC[C@@]([H])(COC(=O)CCCCCCCCC(C)CC)OC(=O)CCCCCCCCCCCCC,[H][C@@](O)(COP(O)(=O)OC[C@@]([H])(COC(=O)CCCCCCCCCCCCCCCCC)OC(=O)CCCCCCCCCCCCCCCCCCC)COP(O)(=O)OC[C@@]([H])(COC(=O)CCCCCCCCCC)OC(=O)CCCCCCCCCC(C)C,valid,valid,valid_pair
420,[H][C@](COC(=O)CCCCCCCCCCC)(COC(=O)CCCCCCCCCCCCCCCCCC(C)C)OC(=O)CCCCCCCCCCCCCCCCCCCCC(C)C,[H][C@](COC(=O)CCCCCCCCCCCCCCCCC)(COC(=O)CCCCCCCCCCCCCCCCC(C)CC)OC(=O)CCCCCCCCCCCCCCCCC,valid,valid,valid_pair
421,[H]C(O)(COP(O)(=O)OC[C@@]([H])(COC(=O)CCCCCCCCCC(C)C)OC(=O)CCCCCCCCCCCC(C)C)COP(O)(=O)OC[C@@]([H])(COC(=O)CCCCCCCCCC(C)C)OC(=O)CCCCCCCCCCC(C)C,[H][C@@](O)(COP(O)(=O)OC[C@@]([H])(COC(=O)CCCCCCCCCCCCC)OC(=O)CCCCCCCCCCCCCC)COP(O)(=O)OC[C@@]([H])(COC(=O)CCCCCCCCCCCC)OC(=O)CCCCCCCCCC(C)C,valid,valid,valid_pair
422,[H][C@@](COC(=O)CCC\C=C/C\C=C/C\C=C/CC1OC1CCCCC)(COP([O-])(=O)OCC[N+](C)(C)C)OC(=O)CCCCCC\C=C/C\C=C/C\C=C/CCCCC,[H][C@@](COCCCCCCCCCCCCCCCCCC)(COC(=O)CCCCCCCCCCCCC)OC(=O)CCCCCCCCC\C=C/CCCCCCCC,valid,valid,valid_pair
423,[H][C@](O)(COP(O)(=O)OC[C@@]([H])(COC(=O)CCCCCCC)OC(=O)CCCCCCCCCCCCCCCC)COP(O)(=O)OC[C@@]([H])(COC(=O)CCCCCCCCCCCCC(C)CC)OC(=O)CCCCCCCCCCCCCCCCCCCCCCCC,[H][C@](O)(COP(O)(=O)OC[C@@]([H])(COC(=O)CCCCCCCCCC)OC(=O)CCCCCCCCCCCCCC)COP(O)(=O)OC[C@@]([H])(COC(=O)CCCCCCCCCCCCCC(C)C)OC(=O)CCCCCCCCCCCCCCCCCCCCCCC,valid,valid,valid_pair
424,[H][C@@](O)(COP(O)(=O)OC[C@@]([H])(COC(=O)CCCCCCCCCCCCCCCCCC)OC(=O)CCCCCCCCCCCCCCCCCCCC)COP(O)(=O)OC[C@@]([H])(COC(=O)CCCCCCCCCC(C)C)OC(=O)CCCCCCCCCCCCC(C)C,[H][C@](O)(COP(O)(=O)OC[C@@]([H])(COC(=O)CCCCCCCCC(C)CC)OC(=O)CCCCCCCCCCCCCCCCCCC(C)C)COP(O)(=O)OC[C@@]([H])(COC(=O)CCCCCCCCCCCCCCCCCCC(C)C)OC(=O)CCCCCCCCC(C)C,valid,valid,valid_pair
425,[H][C@](O)(COP(O)(=O)OC[C@@]([H])(COC(=O)CCCCCCCCC)OC(=O)CCCCCCCCCC(C)C)COP(O)(=O)OC[C@@]([H])(COC(=O)CCCCCCCCCCCCC(C)CC)OC(=O)CCCCCCCCCCCCCCCCC(C)C,[H]C(O)(COP(O)(=O)OC[C@@]([H])(COC(=O)CCCCCCCCC(C)C)OC(=O)CCCCCCCCCCCCCCCCCC(C)C)COP(O)(=O)OC[C@@]([H])(COC(=O)CCCCCCCCCCCC(C)C)OC(=O)CCCCCCCCC(C)C,valid,valid,valid_pair
426,[H][C@](COC(=O)CCCCCCCCCCCCCCCCCCCCC)(COC(=O)CCCCCCCCCCCCCCCCCCCCCCC)OCCCCCCCCCCCCCCCCCC,[H][C@@](COC(=O)CCCCCCCCCCCCC\C=C/CCCCCCCC)(COC(=O)CCCCCCCCC\C=C/CCCCCCCC)OC(=O)CCC\C=C/C\C=C/C\C=C/C\C=C/C\C=C/CC,valid,valid,valid_pair
427,[H][C@@](COC(=O)CCCCCCCCCCCCCC)(COC(=O)CCCCCCCCCCCCCCCCCCCCC)OC(=O)CCCCCCCCCCCCCC(C)C,[H][C@@](COC(=O)CCCCCCCCCCCCC)(COC(=O)CCCCCCCCCCCCCCCCCCCC)OC(=O)CCCCCCCCCCCCCCCC(C)C,valid,valid,valid_pair
428,[H][C@@](O)(COP(O)(=O)OC[C@@]([H])(COC(=O)CCCCCCCCCCCCC(C)CC)OC(=O)CCCCCCCCCCCCCCCCCC(C)C)COP(O)(=O)OC[C@@]([H])(COC(=O)CCCCCCCCCCC(C)CC)OC(=O)CCCCCCCCCCCCC(C)C,[H][C@@](O)(COP(O)(=O)OC[C@@]([H])(COC(=O)CCCCCCCCCCCCCCCCCC)OC(=O)CCCCCCCCCCCCCCCCCCCCC)COP(O)(=O)OC[C@@]([H])(COC(=O)CCCCCCCCC(C)CC)OC(=O)CCCCCCCCCCC(C)CC,valid,valid,valid_pair
429,[H][C@](O)(COP(O)(=O)OC[C@@]([H])(COC(=O)CCCCCCC)OC(=O)CCCCCCCCCCCCCCCCC)COP(O)(=O)OC[C@@]([H])(COC(=O)CCCCCCCCCCCCCCCCCC(C)C)OC(=O)CCCCCCCCCCCCCCCCCCCCCC,[H][C@](O)(COP(O)(=O)OC[C@@]([H])(COC(=O)CCCCCCCCCC)OC(=O)CCCCCCCCCCCCCCCC)COP(O)(=O)OC[C@@]([H])(COC(=O)CCCCCCCCCCCCCCCCC(C)C)OC(=O)CCCCCCCCCCCCCCCCCCC(C)C,valid,valid,valid_pair
430,[H][C@](O)(COP(O)(O)=O)COP(O)(=O)OC[C@@]([H])(COC(=O)CCCCCCCCCCCCCCCCC(C)CC)OC(=O)CCC\C=C/C\C=C/C\C=C/CC1OC1CCCCC,CC(CCC(O)=O)CC(C)C(=O)SCCNC(=O)CCNC(=O)C(O)C(C)(C)COP(O)(=O)OP(O)(=O)OCC1OC(C(O)C1OP(O)(O)=O)N1C=NC2=C1N=CN=C2N,valid,valid,valid_pair
431,[H][C@@](O)(COP(O)(=O)OC[C@@]([H])(COC(=O)CCCCCCCCCCCCC(C)CC)OC(=O)CCCCCCCCCCCCCCCCCCCCC(C)C)COP(O)(=O)OC[C@@]([H])(COC(=O)CCCCCCCCCC)OC(=O)CCCCCCCCCC(C)C,[H][C@](O)(COP(O)(=O)OC[C@@]([H])(COC(=O)CCCCCCCCCCCCC)OC(=O)CCCCCCCCCCCCC)COP(O)(=O)OC[C@@]([H])(COC(=O)CCCCCCCCCCCC(C)C)OC(=O)CCCCCCCCCCCCCCCCCCCCC,valid,valid,valid_pair
432,CCCCC[C@H](O)\C=C\[C@@H]1[C@@H](CCCCCCC(=O)OC[C@@H](O)COC(=O)CCCCCCCCCCC(C)CC)[C@@H](O)CC1=O,[H][C@](COC(=O)CCCCCCCCC)(COC(=O)CCCCCCCCCCC(C)C)OC(=O)CCCCCCCCCCCC,valid,valid,valid_pair
433,[H][C@@](COC(=O)CCCCCCCCCCC1=C(C)C(C)=C(CCC)O1)(COP(O)(=O)OCCN)OC(=O)CCC\C=C/C\C=C/C\C=C/CC1OC1CCCCC,[H][C@](O)(CO)COP(O)(=O)OC[C@@]([H])(COC(=O)CCC\C=C/C\C=C/C\C=C/C\C=C/CCCCC)OC(=O)CCC\C=C/C\C=C/C\C=C/CCCCCCCC,valid,valid,valid_pair
434,[H][C@](O)(COP(O)(=O)OC[C@@]([H])(COC(=O)CCCCCCCCC)OC(=O)CCCCCCCCCCCCCCCCCCCCC)COP(O)(=O)OC[C@@]([H])(COC(=O)CCCCCCCCCCCCCCCCCCCCC)OC(=O)CCCCCCCCCCCCCCCCCCCCCCC,[H][C@](O)(COP(O)(=O)OC[C@@]([H])(COC(=O)CCCCCCCCCCCCCCCCC)OC(=O)CC\C=C/C\C=C/C\C=C/C\C=C/C\C=C/C\C=C/CC)COP(O)(=O)OC[C@@]([H])(COC(=O)CCCCCCC\C=C/C\C=C/CCCCC)OC(=O)CC\C=C/C\C=C/C\C=C/C\C=C/C\C=C/C\C=C/CC,valid,valid,valid_pair
435,[H][C@](COC(=O)CCCCCCCCCCCCCCCCCCCCC(C)C)(COC(=O)CCCCCCCCCCCC(C)C)OC(=O)CCCCCCCCCCCCC,[H][C@](COC(=O)CCCCCCCCCCCCCCCCCC)(COC(=O)CCCCCCCCC(C)CC)OC(=O)CCCCCCCCCCCCCCCCCC(C)C,valid,valid,valid_pair
436,[H]C(O)(COP(O)(=O)OC[C@@]([H])(COC(=O)CCCCCCCCCCCCCC)OC(=O)CCCCCCCCCCCCCCCCC)COP(O)(=O)OC[C@@]([H])(COC(=O)CCCCCCCCCCCCCCCCC)OC(=O)CCCCCCCCCCCCCCCCCCCCC,[H][C@](O)(COP(O)(=O)OC[C@@]([H])(COC(=O)CCCCCCCCCC)OC(=O)CCCCCCCCCCCCCCCCC(C)C)COP(O)(=O)OC[C@@]([H])(COC(=O)CCCCCCCCCCCCCCCCC(C)C)OC(=O)CCCCCCCCCCCCCCCCCCC(C)C,valid,valid,valid_pair
437,[H][C@@](O)(COP(O)(=O)OC[C@@]([H])(COC(=O)CCCCCCCCCCCCC(C)C)OC(=O)CCCCCCCCCCCCCCC(C)C)COP(O)(=O)OC[C@@]([H])(COC(=O)CCCCCCCCCCCCCC)OC(=O)CCCCCCCCCCCCC(C)C,[H][C@@](O)(COP(O)(=O)OC[C@@]([H])(COC(=O)CCCCCCCCCCCCCC(C)C)OC(=O)CCCCCCCCCCCCCCCCC)COP(O)(=O)OC[C@@]([H])(COC(=O)CCCCCCCCCCCC(C)C)OC(=O)CCCCCCCCCCCC(C)C,valid,valid,valid_pair
438,[H][C@@](O)(COP(O)(=O)OC[C@@]([H])(COC(=O)CCCCCCCCCC(C)C)OC(=O)CCCCCCCCCCCC(C)C)COP(O)(=O)OC[C@@]([H])(COC(=O)CCCCCCCCC(C)C)OC(=O)CCCCCCCCCCCCC(C)CC,[H][C@](O)(COP(O)(=O)OC[C@@]([H])(COC(=O)CCCCCCCCC(C)C)OC(=O)CCCCCCCCCCCCC(C)CC)COP(O)(=O)OC[C@@]([H])(COC(=O)CCCCCCCCCCC(C)CC)OC(=O)CCCCCCCCC(C)CC,valid,valid,valid_pair
439,[H][C@](O)(COP(O)(=O)OC[C@@]([H])(COC(=O)CCCCCCCCC)OC(=O)CCCCCCCCCCCC(C)C)COP(O)(=O)OC[C@@]([H])(COC(=O)CCCCCCCCCCCCCCCC(C)C)OC(=O)CCCCCCCCCCCCCCCCCCCCC(C)C,[H][C@](O)(COP(O)(=O)OC[C@@]([H])(COC(=O)CCCCCCC)OC(=O)CCCCCCCCCCCCCCCCC)COP(O)(=O)OC[C@@]([H])(COC(=O)CCCCCCCCCCCCCCCCC(C)CC)OC(=O)CCCCCCCCCCCCCCCCCC(C)C,valid,valid,valid_pair
440,[H]C(O)(COP(O)(=O)OC[C@@]([H])(COC(=O)CCCCCCCCCC(C)C)OC(=O)CCCCCCCCCCCCCCCCCCCCC(C)CC)COP(O)(=O)OC[C@@]([H])(COC(=O)CCCCCCCCC(C)CC)OC(=O)CCCCCCCCCCC(C)C,[H][C@](O)(COP(O)(=O)OC[C@@]([H])(COC(=O)CCCCCCCCC(C)CC)OC(=O)CCCCCCCCCCCCCCCCCCCCC(C)CC)COP(O)(=O)OC[C@@]([H])(COC(=O)CCCCCCCCCCC(C)CC)OC(=O)CCCCCCCCC(C)C,valid,valid,valid_pair
441,[H][C@@](CO)(NC(=O)CCC[C@@H](O)[C@H](O)\C=C/C=C\C=C\C=C\[C@@H](O)C\C=C/CC)[C@H](O)[C@@H](O)CCCCCCCCCCCCCC,CC\C=C\CC(O)\C=C\C=C\CCCCCCCC(=O)O[C@@H](CO)COC(=O)CCCCCCCCCCCCCCCC(C)C,valid,valid,valid_pair
442,[H][C@@](O)(COP(O)(=O)OC[C@@]([H])(COC(=O)CCCCCCCCCCCCCCCCCC(C)C)OC(=O)CCCCCCCCCCCCCCCCCCCCC(C)CC)COP(O)(=O)OC[C@@]([H])(COC(=O)CCCCCCCCCC(C)C)OC(=O)CCCCCCCCCCCCCCCCC,[H][C@@](O)(COP(O)(=O)OC[C@@]([H])(COC(=O)CCCCCCCCCCCCCCCCC(C)CC)OC(=O)CCCCCCCCCCCCCCCCCCCCC)COP(O)(=O)OC[C@@]([H])(COC(=O)CCCCCCCCC(C)CC)OC(=O)CCCCCCCCCCCCCCCCCCCC,valid,valid,valid_pair
443,[H][C@@](O)(COP(O)(=O)OC[C@@]([H])(COC(=O)CCCCCCCCCCCCCC(C)C)OC(=O)CCCCCCCCCCCCCCCC(C)C)COP(O)(=O)OC[C@@]([H])(COC(=O)CCCCCCCCCCCCCC)OC(=O)CCCCCCCCCCCCC(C)C,[H][C@](O)(COP(O)(=O)OC[C@@]([H])(COC(=O)CCCCCCCCCC)OC(=O)CCCCCCCCCCCCCC)COP(O)(=O)OC[C@@]([H])(COC(=O)CCCCCCCCCCCCCCCC)OC(=O)CCCCCCCCCCCCCCCCCCCCC(C)C,valid,valid,valid_pair
444,[H][C@@](O)(COP(O)(=O)OC[C@@]([H])(COC(=O)CCCCCCCCCCCCCC(C)C)OC(=O)CCCCCCCCCCCCCCCCCCCC)COP(O)(=O)OC[C@@]([H])(COC(=O)CCCCCCCCC(C)CC)OC(=O)CCCCCCCCCCCCCC,[H][C@](O)(COP(O)(=O)OC[C@@]([H])(COC(=O)CCCCCCCCC)OC(=O)CCCCCCCCCCC(C)CC)COP(O)(=O)OC[C@@]([H])(COC(=O)CCCCCCCCCCCCCCCCCC)OC(=O)CCCCCCCCCCCCCCCCCCC(C)C,valid,valid,valid_pair
445,[H][C@](O)(COP(O)(=O)OC[C@@]([H])(COC(=O)CCCCCCCCCCC)OC(=O)CCCCCCCCCCCC(C)C)COP(O)(=O)OC[C@@]([H])(COC(=O)CCCCCCCCCCCCCCCC(C)C)OC(=O)CCCCCCCCCCCCCCCC(C)C,[H][C@](O)(COP(O)(=O)OC[C@@]([H])(COC(=O)CCCCCCCCC(C)CC)OC(=O)CCCCCCCCCCCC(C)C)COP(O)(=O)OC[C@@]([H])(COC(=O)CCCCCCCCCCCCCCCCCCCCC(C)C)OC(=O)CCCCCCCCC(C)CC,valid,valid,valid_pair
446,CCCCC\C=C/C\C=C/C\C=C/C\C=C/CCCCCC(=O)O[C@H](COC(=O)CCC\C=C/C[C@H]1C=CC(=O)[C@@H]1\C=C\[C@@H](O)CCCCC)COP(O)(O)=O,CCCCC[C@H](O)\C=C\[C@@H]1[C@@H](CCCCCCC(=O)O[C@H](COC(=O)CCCCCCCCCCCCCCCCC(C)C)COP(O)(O)=O)[C@@H](O)CC1=O,valid,valid,valid_pair
447,[H][C@](O)(COP(O)(=O)OC[C@@]([H])(COC(=O)CCCCCCCCCC)OC(=O)CCCCCCCCCCCC)COP(O)(=O)OC[C@@]([H])(COC(=O)CCCCCCCCCCCCC(C)CC)OC(=O)CCCCCCCCCCCCCCCCC(C)C,[H]C(O)(COP(O)(=O)OC[C@@]([H])(COC(=O)CCCCCCCCCCCCCC(C)C)OC(=O)CCCCCCCCCCCC(C)C)COP(O)(=O)OC[C@@]([H])(COC(=O)CCCCCCCCCC(C)C)OC(=O)CCCCCCCCCCCCC(C)C,valid,valid,valid_pair
448,[H][C@@](O)(COP(O)(=O)OC[C@@]([H])(COC(=O)CCCCCCCCCCCCCC(C)C)OC(=O)CCCCCCCCCCCCCCCC(C)C)COP(O)(=O)OC[C@@]([H])(COC(=O)CCCCCCCCC(C)C)OC(=O)CCCCCCCCCCCCCCCCC(C)CC,[H][C@@](O)(COP(O)(=O)OC[C@@]([H])(COC(=O)CCCCCCCCCCCCCCCCCCCC)OC(=O)CCCCCCCCCCCCCCCCCCCCC)COP(O)(=O)OC[C@@]([H])(COC(=O)CCCCCCCCCCCC)OC(=O)CCCCCCCCC(C)CC,valid,valid,valid_pair
449,[H][C@@](O)(COP(O)(=O)OC[C@@]([H])(COC(=O)CCCCCCCCCCCCCCCCCCCC)OC(=O)CCCCCCCCCCCCCCCCCCCCCCCC)COP(O)(=O)OC[C@@]([H])(COC(=O)CCCCCCCCC(C)C)OC(=O)CCCCCCCCCCCCCC(C)C,[H][C@@](O)(COP(O)(=O)OC[C@@]([H])(COC(=O)CCCCCCCCCCCCCCCCCCCCCCC)OC(=O)CCCCCCCCCCCCCCCCCCCCC(C)C)COP(O)(=O)OC[C@@]([H])(COC(=O)CCCCCCCCC(C)C)OC(=O)CCCCCCCCCCCC(C)C,valid,valid,valid_pair
450,[H][C@@](O)(COP(O)(=O)OC[C@@]([H])(COC(=O)CCCCCCCCCCCCCCCC(C)C)OC(=O)CCCCCCCCCCCCCCCCCCC(C)C)COP(O)(=O)OC[C@@]([H])(COC(=O)CCCCCCCCC(C)C)OC(=O)CCCCCCCCCCCCCCCCCC,[H]C(O)(COP(O)(=O)OC[C@@]([H])(COC(=O)CCCCCCCCCCCCCCCCCCCCC(C)C)OC(=O)CCCCCCCCCCC(C)CC)COP(O)(=O)OC[C@@]([H])(COC(=O)CCCCCCCCCC(C)C)OC(=O)CCCCCCCCCCCCCCCCC(C)C,valid,valid,valid_pair
451,[H][C@](O)(COP(O)(=O)OC[C@@]([H])(COC(=O)CCCCCCCCCC)OC(=O)CCCCCCCCCCC)COP(O)(=O)OC[C@@]([H])(COC(=O)CCCCCCCCCCC(C)CC)OC(=O)CCCCCCCCCCCCCCC(C)C,[H][C@](O)(COP(O)(=O)OC[C@@]([H])(COC(=O)CCCCCCC)OC(=O)CCCCCCCCCC)COP(O)(=O)OC[C@@]([H])(COC(=O)CCCCCCCCCCCC)OC(=O)CCCCCCCCCCCCCCCCCCCCC(C)C,valid,valid,valid_pair
452,[H][C@@](COC(=O)CCCCCCCCCCCCCCCCCCCCC(C)C)(COC(=O)CCCCCCCCCCCCC(C)CC)OC(=O)CCCCCCCCCCCCCCCCC(C)C,[H][C@](COC(=O)CCCCCCCCCCCCCCCCCCCCC(C)CC)(COC(=O)CCCCCCCCCCCCCCCCCC(C)C)OC(=O)CCCCCCCCCCC(C)CC,valid,valid,valid_pair
453,[H][C@@](COC(=O)CCCCCCCCCCCCC)(COC(=O)CCCCCCCCCCCCC(C)CC)OC(=O)CCCCCCCCCCCCCCC(C)C,[H][C@@](COC(=O)CCCCCCCCCCC\C=C/C\C=C/CCCCC)(COP(O)(=O)OCCN)OC(=O)CCCCCC\C=C/C\C=C/C\C=C/CCCCC,valid,valid,valid_pair
454,[H]C(O)(COP(O)(=O)OC[C@@]([H])(COC(=O)CCCCCCCCCCCCCCCCCCC(C)C)OC(=O)CCCCCCCCCCC(C)CC)COP(O)(=O)OC[C@@]([H])(COC(=O)CCCCCCCCCC(C)C)OC(=O)CCCCCCCCCCCCC(C)C,[H]C(O)(COP(O)(=O)OC[C@@]([H])(COC(=O)CCCCCCCCCCCCC(C)CC)OC(=O)CCCCCCCCCCCCCCCCCCC(C)C)COP(O)(=O)OC[C@@]([H])(COC(=O)CCCCCCCCCCC(C)C)OC(=O)CCCCCCCCCC(C)C,valid,valid,valid_pair
455,[H][C@@](O)(COP(O)(=O)OC[C@@]([H])(COC(=O)CCCCCCCCCCCCCC(C)C)OC(=O)CCCCCCCCCCCCCCCCCCC(C)C)COP(O)(=O)OC[C@@]([H])(COC(=O)CCCCCCCCCCCCC(C)C)OC(=O)CCCCCCCCCCCCC(C)C,[H][C@@](O)(COP(O)(=O)OC[C@@]([H])(COC(=O)CCCCCCCCCCCCCCCCC(C)C)OC(=O)CCCCCCCCCCCCCCCCCCCCCC)COP(O)(=O)OC[C@@]([H])(COC(=O)CCCCCCCCCC(C)C)OC(=O)CCCCCCCCCCCCCC,valid,valid,valid_pair
456,[H][C@](O)(COP(O)(=O)OC[C@@]([H])(COC(=O)CCCCCCCCC)OC(=O)CCCCCCCCCCCCCCC(C)C)COP(O)(=O)OC[C@@]([H])(COC(=O)CCCCCCCCCCCCCCCC(C)C)OC(=O)CCCCCCCCCCCCCCCCCCCCC(C)CC,[H][C@@](O)(COP(O)(=O)OC[C@@]([H])(COC(=O)CCCCCCCCCCCCCCCC(C)C)OC(=O)CCCCCCCCCCCCCCCCCCCCCCC)COP(O)(=O)OC[C@@]([H])(COC(=O)CCCCCCCCCCCC)OC(=O)CCCCCCCCCCCCC(C)C,valid,valid,valid_pair
457,[H]C(O)(COP(O)(=O)OC[C@@]([H])(COC(=O)CCCCCCCCCC(C)C)OC(=O)CCCCCCCCCCCCCCCCCCC(C)C)COP(O)(=O)OC[C@@]([H])(COC(=O)CCCCCCCCCC(C)C)OC(=O)CCCCCCCCCCCCCC(C)C,[H][C@@](O)(COP(O)(=O)OC[C@@]([H])(COC(=O)CCCCCCCCCCCCCCCC)OC(=O)CCCCCCCCCCCCCCCCCC(C)C)COP(O)(=O)OC[C@@]([H])(COC(=O)CCCCCCCCCC(C)C)OC(=O)CCCCCCCCCCC(C)C,valid,valid,valid_pair
458,[H]C(O)(COP(O)(=O)OC[C@@]([H])(COC(=O)CCCCCCCCCCCCCCCCCCCCC(C)C)OC(=O)CCCCCCCCCCCCCC(C)C)COP(O)(=O)OC[C@@]([H])(COC(=O)CCCCCCCCCC(C)C)OC(=O)CCCCCCCCCC(C)C,[H][C@](O)(COP(O)(=O)OC[C@@]([H])(COC(=O)CCCCCCCCCCCC)OC(=O)CCCCCCCCCCCCCCCC)COP(O)(=O)OC[C@@]([H])(COC(=O)CCCCCCCCCCCCCCCC)OC(=O)CCCCCCCCCCCCCCCCCCC,valid,valid,valid_pair
459,[H][C@](O)(COP(O)(=O)OC[C@@]([H])(COC(=O)CCCCCCCCCCCCCC)OC(=O)CCCCCCCCCCCCCCC)COP(O)(=O)OC[C@@]([H])(COC(=O)CCCCCCCCCCCCC(C)C)OC(=O)CCCCCCCCCCCCCCCCC(C)C,[H][C@@](O)(COP(O)(=O)OC[C@@]([H])(COC(=O)CCCCCCCCCCCCCCCC)OC(=O)CCCCCCCCCCCCCCC(C)C)COP(O)(=O)OC[C@@]([H])(COC(=O)CCCCCCCCCCCCCCC)OC(=O)CCCCCCCCCCCCC(C)C,valid,valid,valid_pair
460,[H][C@@](COC(=O)CCCCCC\C=C/C\C=C/C\C=C/C\C=C/CC)(COP(O)(=O)OCCN)OC(=O)CCC\C=C\C=C/C(O)C\C=C/C\C=C/CCCCC,[H][C@@](COC(=O)CCCCCC\C=C/C\C=C/C\C=C/CCCCC)(COP(O)(=O)OCCN)OC(=O)CCC\C=C/C\C=C/C\C=C/C=C/C(=O)CCCCC,valid,valid,valid_pair
461,[H][C@@](COC(=O)CC\C=C/C\C=C/C\C=C/C\C=C/C\C=C/CCCCC)(COP(O)(=O)OC[C@H](N)C(O)=O)OC(=O)CCC\C=C/C\C=C/C\C=C/CC1OC1CCCCC,[H][C@@](COCCCCCCCCCCCCCCCCCC)(COC(=O)CCCCCCC\C=C/CCCCCCCC)OC(=O)CCCCCCCCC\C=C/CCCCCC,valid,valid,valid_pair
462,[H][C@](O)(COP(O)(=O)OC[C@@]([H])(COC(=O)CCCCCCCCC(C)CC)OC(=O)CCCCCCCCCCCCCCCC(C)C)COP(O)(=O)OC[C@@]([H])(COC(=O)CCCCCCCCC(C)CC)OC(=O)CCCCCCCCCCCCC(C)CC,[H][C@@](O)(COP(O)(=O)OC[C@@]([H])(COC(=O)CCCCCCCCCCCC(C)C)OC(=O)CCCCCCCCCCCCCCCC(C)C)COP(O)(=O)OC[C@@]([H])(COC(=O)CCCCCCCCC(C)C)OC(=O)CCCCCCCCCCCCC(C)C,valid,valid,valid_pair
463,[H]C(O)(COP(O)(=O)OC[C@@]([H])(COC(=O)CCCCCCCCCCCCCCCCCC(C)C)OC(=O)CCCCCCCCCCCCCCC(C)C)COP(O)(=O)OC[C@@]([H])(COC(=O)CCCCCCCCC(C)C)OC(=O)CCCCCCCCCCCCCCCCCCCCC(C)C,[H][C@](O)(COP(O)(=O)OC[C@@]([H])(COC(=O)CCCCCCCCCC)OC(=O)CCCCCCCCCCCCC(C)C)COP(O)(=O)OC[C@@]([H])(COC(=O)CCCCCCCCCCCCCCCCCCCCC(C)C)OC(=O)CCCCCCCCCCCCCCCCCCCCC(C)C,valid,valid,valid_pair
464,[H][C@](O)(COP(O)(=O)OC[C@@]([H])(COC(=O)CCCCCCCCCC)OC(=O)CCCCCCCCCCCCCCCCCC(C)C)COP(O)(=O)OC[C@@]([H])(COC(=O)CCCCCCCCCCCCCCCCCC(C)C)OC(=O)CCCCCCCCCCCCCCCCCCCCC(C)C,[H][C@](O)(COP(O)(=O)OC[C@@]([H])(COC(=O)CCCCCCCCCCCCC)OC(=O)CCCCCCCCCCCCCC(C)C)COP(O)(=O)OC[C@@]([H])(COC(=O)CCCCCCCCCCCCCCCCCCCCC)OC(=O)CCCCCCCCCCCCCCCCCCCCCCC,valid,valid,valid_pair
465,[H][C@@](O)(COP(O)(=O)OC[C@@]([H])(COC(=O)CCCCCCCCCCCCCCCCC)OC(=O)CCCCCCCCCCCCCCCCC)COP(O)(=O)OC[C@@]([H])(COC(=O)CCCCCCCCCCC(C)CC)OC(=O)CCCCCCCCCCCCCC(C)C,[H]C(O)(COP(O)(=O)OC[C@@]([H])(COC(=O)CCCCCCCCCCCCCCCCCC(C)C)OC(=O)CCCCCCCCCCCCCCCCC(C)C)COP(O)(=O)OC[C@@]([H])(COC(=O)CCCCCCCCCCC(C)C)OC(=O)CCCCCCCCC(C)CC,valid,valid,valid_pair
466,[H][C@](COC(=O)CCCCCCCCCCCCC)(COC(=O)CCCCC\C=C/C\C=C/C\C=C/C\C=C/C\C=C/CC)OC(=O)CCCCCCCCCCC\C=C/C\C=C/CCCCC,[H][C@](COC(=O)CCCCCCCCC\C=C/C\C=C/CCCCC)(COC(=O)CCCCC\C=C/C\C=C/C\C=C/C\C=C/C\C=C/CC)OC(=O)CCCCCCCCCCCCCCC,valid,valid,valid_pair
467,[H][C@@](O)(COP(O)(=O)OC[C@@]([H])(COC(=O)CCCCCCCCCCCCCCCCCCCCC(C)CC)OC(=O)CCCCCCCCCCCCCCCCCCCCC(C)CC)COP(O)(=O)OC[C@@]([H])(COC(=O)CCCCCCCCC(C)C)OC(=O)CCCCCCCCCCCCCCC(C)C,[H][C@](O)(COP(O)(=O)OC[C@@]([H])(COC(=O)CCCCCCCCCCCCCCC)OC(=O)CCCCCCCCCCCCCCCC(C)C)COP(O)(=O)OC[C@@]([H])(COC(=O)CCCCCCCCCCCCCCCCCCC(C)C)OC(=O)CCCCCCCCCCCCCCCCCCCCCC,valid,valid,valid_pair
468,NCCCC[C@H](NC(=O)[C@@H]1CCCN1C(=O)[C@@H]1CSSC[C@H](NC(=O)CNC(=O)CNC(=O)CN)C(=O)N[C@@H](CC2=CC=C(O)C=C2)C(=O)N[C@@H](CC2=CC=CC=C2)C(=O)N[C@@H](CCC(N)=O)C(=O)N[C@@H](CC(N)=O)C(=O)N1)C(=O)NCC(N)=O,[H][C@](O)(COP(O)(=O)OC[C@@]([H])(COC(=O)CCCCCCC)OC(=O)CCCCCCCCCC)COP(O)(=O)OC[C@@]([H])(COC(=O)CCCCCCCCCCCCC(C)C)OC(=O)CCCCCCCCCCCCCCCCC(C)C,valid,valid,valid_pair
469,[H][C@](O)(COP(O)(=O)OC[C@@]([H])(COC(=O)CCCCCCCCC)OC(=O)CCCCCCCCCCCC)COP(O)(=O)OC[C@@]([H])(COC(=O)CCCCCCCCCC(C)C)OC(=O)CCCCCCCCCCCCCCCC(C)C,[H][C@@](O)(COP(O)(=O)OC[C@@]([H])(COC(=O)CCCCCCCCCCC(C)CC)OC(=O)CCCCCCCCCCCC(C)C)COP(O)(=O)OC[C@@]([H])(COC(=O)CCCCCCCCC(C)C)OC(=O)CCCCCCCCCC(C)C,valid,valid,valid_pair
470,[H][C@](O)(CO)COP(O)(=O)OC[C@@]([H])(COC(=O)CCCCCCC\C=C/C=C\CCCCCC)OC(=O)CCCCCCCC1OC1C\C=C/CCCCC,[H][C@](N)(COP(O)(=O)OC[C@@]([H])(COC(=O)CCCCCCCCCCCCCCC)OC(=O)CCCCCC\C=C/C\C=C/C\C=C/CCCCC)C(O)=O,valid,valid,valid_pair
471,[H][C@@](O)(COP(O)(=O)OC[C@@]([H])(COC(=O)CCCCCCCCCCCCCCC)OC(=O)CCCCCCCCCCCCCC(C)C)COP(O)(=O)OC[C@@]([H])(COC(=O)CCCCCCCCCCCC)OC(=O)CCCCCCCCCCC(C)CC,[H]C(O)(COP(O)(=O)OC[C@@]([H])(COC(=O)CCCCCCCCC(C)C)OC(=O)CCCCCCCCCCCCCCCCCC(C)C)COP(O)(=O)OC[C@@]([H])(COC(=O)CCCCCCCCCCCC(C)C)OC(=O)CCCCCCCCC(C)CC,valid,valid,valid_pair
472,[H][C@@](O)(COP(O)(=O)OC[C@@]([H])(COC(=O)CCCCCCCCCCCCCCCCCCCCC(C)C)OC(=O)CCCCCCCCCCCCCCCCCCCCCCCC)COP(O)(=O)OC[C@@]([H])(COC(=O)CCCCCCCCCCCC(C)C)OC(=O)CCCCCCCCCCCC(C)C,[H]C(O)(COP(O)(=O)OC[C@@]([H])(COC(=O)CCCCCCCCCCCCCCCCCCCCC(C)CC)OC(=O)CCCCCCCCCCCCCCCCCCCCC(C)C)COP(O)(=O)OC[C@@]([H])(COC(=O)CCCCCCCCCC(C)C)OC(=O)CCCCCCCCCCCCC(C)CC,valid,valid,valid_pair
473,[H][C@](O)(COP(O)(=O)OC[C@@]([H])(COC(=O)CCCCCCCCC)OC(=O)CCCCCCCCCCCCC(C)C)COP(O)(=O)OC[C@@]([H])(COC(=O)CCCCCCCCCCCCCC(C)C)OC(=O)CCCCCCCCCCCCCCCCC(C)CC,[H]C(O)(COP(O)(=O)OC[C@@]([H])(COC(=O)CCCCCCCCCCC(C)C)OC(=O)CCCCCCCCCCCCCCCCC(C)C)COP(O)(=O)OC[C@@]([H])(COC(=O)CCCCCCCCCC(C)C)OC(=O)CCCCCCCCCCCCCC(C)C,valid,valid,valid_pair
474,[H][C@](COC(=O)CCCCCCCCCCCCCCC(C)C)(COC(=O)CCCCCCCCCCCC(C)C)OC(=O)CCCCCCC,[H][C@@](COC(=O)CCCCCCC)(COC(=O)CCCCCCCCCCCCCCCC)OC(=O)CCCCCCCCCCCCCCC,valid,valid,valid_pair
475,[H][C@@](COC(=O)CCC[C@@H](O)[C@H](O)\C=C\C=C\C=C/C=C/[C@H](O)CCCCC)(COP(O)(=O)OC[C@H](N)C(O)=O)OC(=O)CCCCC\C=C/C\C=C/C\C=C/C\C=C/C\C=C/CC,[H][C@@](COC(=O)CCCCCCCCCCCCCCCCCCC)(COC(=O)CCCCCCCCCCCCCC(C)C)OC(=O)CCCCCCCCCCCCCCC(C)C,valid,valid,valid_pair
476,OCC1(O)OCC(O)C(O)C1O,CCCC1=NC=CC(=C1)C(S)=N,valid,valid,valid_pair
477,[H][C@](O)(COP(O)(=O)OC[C@@]([H])(COC(=O)CCCCCCCCCCCCC)OC(=O)CCCCCCCCCCCCCC)COP(O)(=O)OC[C@@]([H])(COC(=O)CCCCCCCCCCCCCCCCCCC(C)C)OC(=O)CCCCCCCCCCCCCCCCCCCCCC,[H][C@@](O)(COP(O)(=O)OC[C@@]([H])(COC(=O)CCCCCCCCCCCCCCCCCC(C)C)OC(=O)CCCCCCCCCCCCCCCCCCC(C)C)COP(O)(=O)OC[C@@]([H])(COC(=O)CCCCCCCCCCC(C)C)OC(=O)CCCCCCCCCCCCCCCC,valid,valid,valid_pair
478,CC(=O)OC1C2=C(C)C(CC(O)(C(OC(=O)C3=CC=CC=C3)C3C4(COC4C(O)C(O)C3(C)C1=O)OC(C)=O)C2(C)C)OC(=O)C(O)C(NC(=O)C1=CC=CC=C1)C1=CC=CC=C1,[H][C@](O)(COP(O)(O)=O)COP(O)(=O)OC[C@@]([H])(COC(=O)CCCCCCC\C=C/C=C/C(=O)CCCCC)OC(=O)CCCCCCCCCCCCCCCCC,valid,valid,valid_pair
479,[H][C@](O)(COP(O)(=O)OC[C@@]([H])(COC(=O)CCCCCCCCCCCCCC)OC(=O)CCCCCCCCCCCCCCCC)COP(O)(=O)OC[C@@]([H])(COC(=O)CCCCCCCCCCCCCCCCC)OC(=O)CCCCCCCCCCCCCCCCCC(C)C,[H][C@@](O)(COP(O)(=O)OC[C@@]([H])(COC(=O)CCCCCCCCCCCCC(C)C)OC(=O)CCCCCCCCCCCCCCCCCCCCC(C)CC)COP(O)(=O)OC[C@@]([H])(COC(=O)CCCCCCCCCCCC(C)C)OC(=O)CCCCCCCCCCCC(C)C,valid,valid,valid_pair
480,CCCCCCCC\C=C/CCCCCCCC(=O)O[C@@H]1COC(=O)CCCCCC[C@@H]2[C@@H](O)[C@H](O)[C@@H](O)[C@H](OP(O)(=O)OC1)[C@H](OP(O)(O)=O)[C@H](O)[C@@H](\C=C\[C@@H](O)CCCCC)[C@H](O)CC2=O,[H]C(COC(=O)CCCCCCCCCCC\C=C/C\C=C/CCCCC)(COC(=O)CCCCCCCCCCC\C=C/C\C=C/CCCCC)OC(=O)CCC\C=C/C\C=C/C\C=C/C\C=C/CCCCC,valid,valid,valid_pair
481,[H][C@@]1(CC2=C(O)C=C(O)C=C2O[C@]1([H])C1=CC(O)=C(O)C=C1)O[C@]1([H])O[C@]([H])(C(O)=O)[C@@]([H])(O)[C@]([H])(O)[C@@]1([H])O,CC\C=C/C[C@H](O)\C=C\C=C\C=C/C=C\[C@@H](O)[C@H](O)CCCC(=O)O[C@@H](CO)COC(C)=O,valid,valid,valid_pair
482,[H][C@@](O)(COP(O)(=O)OC[C@@]([H])(COC(=O)CCCCCCCCCCCCCCCCCC(C)C)OC(=O)CCCCCCCCCCCCCCCCCCCCCC)COP(O)(=O)OC[C@@]([H])(COC(=O)CCCCCCCCCCC(C)CC)OC(=O)CCCCCCCCCCCCCCCC,[H]C(O)(COP(O)(=O)OC[C@@]([H])(COC(=O)CCCCCCCCCCCCCCCCC(C)CC)OC(=O)CCCCCCCCCCCCCCC(C)C)COP(O)(=O)OC[C@@]([H])(COC(=O)CCCCCCCCCC(C)C)OC(=O)CCCCCCCCCCCCCCCCCCCCC(C)C,valid,valid,valid_pair
483,[H]C(O)(COP(O)(=O)OC[C@@]([H])(COC(=O)CCCCCCCCCCCCCC(C)C)OC(=O)CCCCCCCCCCCCCC(C)C)COP(O)(=O)OC[C@@]([H])(COC(=O)CCCCCCCCCCC(C)C)OC(=O)CCCCCCCCCCCCC(C)C,[H][C@@](O)(COP(O)(=O)OC[C@@]([H])(COC(=O)CCCCCCCCCCCCCCCCC(C)C)OC(=O)CCCCCCCCCCC(C)C)COP(O)(=O)OC[C@@]([H])(COC(=O)CCCCCCCCC(C)CC)OC(=O)CCCCCCCCCCCCC(C)CC,valid,valid,valid_pair
484,[H][C@@](COC(=O)CCCCCCCCCCCCCCCCC)(COC(=O)CCCCCCCCCCCCCCCCC(C)CC)OC(=O)CCCCCCC,[H][C@](COC(=O)CCCCCCCCCCCCC)(COC(=O)CCCCCCCCCC(C)C)OC(=O)CCCCCCCCCCCCCCCCCCC,valid,valid,valid_pair
485,[H]C(O)(COP(O)(=O)OC[C@@]([H])(COC(=O)CCCCCCCCCCCCC(C)CC)OC(=O)CCCCCCCCCCCCCCCCCCC(C)C)COP(O)(=O)OC[C@@]([H])(COC(=O)CCCCCCCCCCC(C)C)OC(=O)CCCCCCCCCCCCCC(C)C,[H][C@](O)(COP(O)(=O)OC[C@@]([H])(COC(=O)CCCCCCCCC)OC(=O)CCCCCCCCCCCCCCCCCCC)COP(O)(=O)OC[C@@]([H])(COC(=O)CCCCCCCCCCCCCCCCCCC)OC(=O)CCCCCCCCCCCCCCCCC(C)C,valid,valid,valid_pair
486,[H][C@@](O)(COP(O)(=O)OC[C@@]([H])(COC(=O)CCCCCCCCCCCCCCCCCCCCC)OC(=O)CCCCCCCCCCCCCCCCCCCCCCC)COP(O)(=O)OC[C@@]([H])(COC(=O)CCCCCCCCCCC(C)C)OC(=O)CCCCCCCCCCCCCC,[H][C@@](O)(COP(O)(=O)OC[C@@]([H])(COC(=O)CCCCCCCCCCCCCCCCCCCCCC)OC(=O)CCCCCCCCCCCCCCCCCCCCCC)COP(O)(=O)OC[C@@]([H])(COC(=O)CCCCCCCCC(C)C)OC(=O)CCCCCCCCCCCCCC(C)C,valid,valid,valid_pair
487,[H][C@](O)(COP(O)(=O)OC[C@@]([H])(COC(=O)CCCCCCCCC)OC(=O)CCCCCCCCC)COP(O)(=O)OC[C@@]([H])(COC(=O)CCCCCCCCCCCCCCCCCC)OC(=O)CCCCCCCCCCCCCCCCCCCCCCC,[H][C@](O)(COP(O)(=O)OC[C@@]([H])(COC(=O)CCCCCCC)OC(=O)CCCCCCCCCCCC(C)C)COP(O)(=O)OC[C@@]([H])(COC(=O)CCCCCCCCCCCCC(C)CC)OC(=O)CCCCCCCCCCCCCCCCCCCCCC,valid,valid,valid_pair
488,[H][C@@](COC(=O)CCCCCCCCCCCCCCCC)(COC(=O)CCCCCCCCCCCCCCCC(C)C)OC(=O)CCCCCCCCCCC(C)C,[H][C@](COC(=O)CCCCCCCCCCCCCCCC)(COC(=O)CCCCCCCCCCCCCCCCCCC)OC(=O)CCCCCCCCCC(C)C,valid,valid,valid_pair
489,[H]C(O)(COP(O)(=O)OC[C@@]([H])(COC(=O)CCCCCCCCCC(C)C)OC(=O)CCCCCCCCCCCCCC(C)C)COP(O)(=O)OC[C@@]([H])(COC(=O)CCCCCCCCCCCCCCCCC(C)CC)OC(=O)CCCCCCCCCC(C)C,[H][C@@](O)(COP(O)(=O)OC[C@@]([H])(COC(=O)CCCCCCCCCCCCC(C)CC)OC(=O)CCCCCCCCCCC(C)C)COP(O)(=O)OC[C@@]([H])(COC(=O)CCCCCCCCC(C)C)OC(=O)CCCCCCCCCCCCCCCCC(C)CC,valid,valid,valid_pair
490,[H][C@](O)(COP(O)(=O)OC[C@@]([H])(COC(=O)CCCCCCCCCCC)OC(=O)CCCCCCCCCCCCCCCCCCC)COP(O)(=O)OC[C@@]([H])(COC(=O)CCCCCCCCCCCCCCCCCCCCC)OC(=O)CCCCCCCCCCCCCCCCCCCCC,[H][C@@](O)(COP(O)(=O)OC[C@@]([H])(COC(=O)CCCCCCCCCCCCCCCCC(C)CC)OC(=O)CCCCCCCCCCCCCCCCCCCCC(C)C)COP(O)(=O)OC[C@@]([H])(COC(=O)CCCCCCCCC(C)CC)OC(=O)CCCCCCCCCCCCCCC(C)C,valid,valid,valid_pair
491,[H][C@@](O)(COP(O)(=O)OC[C@@]([H])(COC(=O)CCCCCCCCCCCCCCCCCCC)OC(=O)CCCCCCCCCCCCCCCCCCC)COP(O)(=O)OC[C@@]([H])(COC(=O)CCCCCCCCCCCCC(C)C)OC(=O)CCCCCCCCCCCCCCCC,[H][C@](O)(COP(O)(=O)OC[C@@]([H])(COC(=O)CCCCCCCCC)OC(=O)CCCCCCCCCCCCCCC(C)C)COP(O)(=O)OC[C@@]([H])(COC(=O)CCCCCCCCCCCCCCCCCCC(C)C)OC(=O)CCCCCCCCCCCCCCCCCCCCCC,valid,valid,valid_pair
492,[H][C@](O)(COP(O)(=O)OC[C@@]([H])(COC(=O)CCCCCCCCCC)OC(=O)CCCCCCCCCCCCCCC(C)C)COP(O)(=O)OC[C@@]([H])(COC(=O)CCCCCCCCCCCCCCCCCC(C)C)OC(=O)CCCCCCCCCCCCCCCCCCCCC(C)CC,[H][C@@](O)(COP(O)(=O)OC[C@@]([H])(COC(=O)CCCCCCCCCCCCCCCCC)OC(=O)CCCCCCCCCCCCCCCCCCCCCCC)COP(O)(=O)OC[C@@]([H])(COC(=O)CCCCCCCCCCCCC(C)C)OC(=O)CCCCCCCCCCCCCCCC,valid,valid,valid_pair
493,[H][C@@](O)(COP(O)(=O)OC[C@@]([H])(COC(=O)CCCCCCCCCCCC(C)C)OC(=O)CCCCCCCCCCCCCCCCCC)COP(O)(=O)OC[C@@]([H])(COC(=O)CCCCCCCCC(C)CC)OC(=O)CCCCCCCCCCCCCC,[H][C@@](O)(COP(O)(=O)OC[C@@]([H])(COC(=O)CCCCCCCCC(C)C)OC(=O)CCCCCCCCCCCCCCCCCCC(C)C)COP(O)(=O)OC[C@@]([H])(COC(=O)CCCCCCCCC(C)CC)OC(=O)CCCCCCCCCCCC(C)C,valid,valid,valid_pair
494,[H][C@@](COC(=O)CCCCCCCCCCC)(COC(=O)CCCCCCCCCCC(C)C)OC(=O)CCCCCCCCCCCCC,[H][C@@](CO\C=C\CCCCCCCCCCCCCC)(COP(O)(O)=O)OC(=O)CCCC(O)\C=C\C=C/C\C=C/C\C=C/C\C=C/CC,valid,valid,valid_pair
495,CC12C3C(C(O)=O)C45CC(=C)C(O)(C4)CCC5C3(OC1=O)C=CC2O,CC(C)C1=CC2=C(C(O)=C1O)C13CCCC(C)(C)C1C(O)C2OC3=O,valid,valid,valid_pair
496,[H][C@@](O)(COP(O)(=O)OC[C@@]([H])(COC(=O)CCCCCCCCCCCCCCCCCCC(C)C)OC(=O)CCCCCCCCCCCCCCCCCCCCC(C)C)COP(O)(=O)OC[C@@]([H])(COC(=O)CCCCCCCCCCC)OC(=O)CCCCCCCCCCC(C)C,[H][C@](O)(COP(O)(=O)OC[C@@]([H])(COC(=O)CCCCCCCCCC)OC(=O)CCCCCCCCCCCCCCCCCC)COP(O)(=O)OC[C@@]([H])(COC(=O)CCCCCCCCCCCCCCCCC(C)C)OC(=O)CCCCCCCCCCCCCCCCCCC(C)C,valid,valid,valid_pair
497,[H][C@@](O)(COP(O)(=O)OC[C@@]([H])(COC(=O)CCCCCCCCCCCCCCCCCCCCC)OC(=O)CCCCCCCCCCCCCCCCCCCCC(C)CC)COP(O)(=O)OC[C@@]([H])(COC(=O)CCCCCCCCCC(C)C)OC(=O)CCCCCCCCCCC(C)C,[H][C@@](O)(COP(O)(=O)OC[C@@]([H])(COC(=O)CCCCCCCCCCCCCCCCC(C)C)OC(=O)CCCCCCCCCCCCCCCCCCCCCCCC)COP(O)(=O)OC[C@@]([H])(COC(=O)CCCCCCCCCCC(C)C)OC(=O)CCCCCCCCCCCC(C)C,valid,valid,valid_pair
498,[H][C@](O)(COP(O)(=O)OC[C@@]([H])(COC(=O)CCCCCCCCCCCCCCC)OC(=O)CCCCCCCCCCCCCCCCC(C)C)COP(O)(=O)OC[C@@]([H])(COC(=O)CCCCCCCCCCCCCCCCCCCCCCC)OC(=O)CCCCCCCCCCCCCCCCCCCCC(C)CC,[H][C@@](O)(COP(O)(=O)OC[C@@]([H])(COC(=O)CCCCCCCCCCCCCCCCCCCCCC)OC(=O)CCCCCCCCCCCCCCCCCCCCC(C)C)COP(O)(=O)OC[C@@]([H])(COC(=O)CCCCCCCCCCC(C)CC)OC(=O)CCCCCCCCCCCCCCCCCCCCCC,valid,valid,valid_pair
499,[H][C@](O)(COP(O)(=O)OC[C@@]([H])(COC(=O)CCCCCCCCCCC)OC(=O)CCCCCCCCCCCC)COP(O)(=O)OC[C@@]([H])(COC(=O)CCCCCCCCCCCCCC)OC(=O)CCCCCCCCCCCCCCCCC(C)C,[H][C@](O)(COP(O)(=O)OC[C@@]([H])(COC(=O)CCCCCCCCC)OC(=O)CCCCCCCCCC)COP(O)(=O)OC[C@@]([H])(COC(=O)CCCCCCCCCCCCCCCCC)OC(=O)CCCCCCCCCCCCCCCCCC(C)C,valid,valid,valid_pair
500,CC(C)(COP(O)(=O)OP(O)(=O)OCC1OC(C(O)C1OP(O)(O)=O)N1C=NC2=C1N=CN=C2N)C(O)C(=O)NCCC(=O)NCCSC(=O)C=CCCCC=CC(O)=O,[H][C@@](COC(=O)CCCCCCCCC\C=C/C\C=C/CCCCC)(COC(=O)CCCCCCC\C=C/C\C=C/CCCCC)OC(=O)CCC\C=C/C\C=C/C\C=C/CCCCCCCC,valid,valid,valid_pair
501,[H][C@@](COC(=O)CCCCCCCC(O)\C=C\C=C\C\C=C\CC)(COP(O)(=O)O[C@H]1[C@H](O)[C@@H](O)[C@H](O)[C@@H](O)[C@H]1O)OC(=O)CCCCCCCCCCCCCCCCCCC,[H][C@](COC(=O)CCCCCCC\C=C/C\C=C/CCCCC)(COC(=O)CCCCCCC\C=C/C\C=C/C\C=C/CC)OC(=O)CCCCCCCCC\C=C/C\C=C/CCCCC,valid,valid,valid_pair
502,[H][C@]12SCC(C=CC)=C(N1C(=O)[C@@]2([H])NC(=O)[C@H](N)C1=CC=C(O)C=C1)C(O)=O,ClC1=CC=C(CN2C=C(C(=O)C(=O)NC3=CC=NC=C3)C3=CC=CC=C23)C=C1,valid,valid,valid_pair
503,[H][C@](O)(COP(O)(=O)OC[C@@]([H])(COC(=O)CCCCCCCCCCCC)OC(=O)CCCCCCCCCCCCCCC)COP(O)(=O)OC[C@@]([H])(COC(=O)CCCCCCCCCCCCCC(C)C)OC(=O)CCCCCCCCCCCCCCC(C)C,[H][C@](O)(COP(O)(=O)OC[C@@]([H])(COC(=O)CCCCCCCCCCC)OC(=O)CCCCCCCCCCCCCC)COP(O)(=O)OC[C@@]([H])(COC(=O)CCCCCCCCCCCCCC)OC(=O)CCCCCCCCCCCCCCCCCCCCC,valid,valid,valid_pair
504,[H][C@@](O)(COP(O)(=O)OC[C@@]([H])(COC(=O)CCCCCCCCCCCCCCCCCC)OC(=O)CCCCCCCCCCCCCCCCC(C)C)COP(O)(=O)OC[C@@]([H])(COC(=O)CCCCCCCCCCC)OC(=O)CCCCCCCCCCC(C)C,[H][C@@](O)(COP(O)(=O)OC[C@@]([H])(COC(=O)CCCCCCCCCCC(C)C)OC(=O)CCCCCCCCCCCCCCCCCCCCCC)COP(O)(=O)OC[C@@]([H])(COC(=O)CCCCCCCCCCCCC)OC(=O)CCCCCCCCCCC(C)C,valid,valid,valid_pair
505,[H][C@@](O)(COP(O)(=O)OC[C@@]([H])(COC(=O)CCCCCCCCCCC(C)C)OC(=O)CCCCCCCCCCCCCCCCCCC)COP(O)(=O)OC[C@@]([H])(COC(=O)CCCCCCCCCCCC)OC(=O)CCCCCCCCCCC(C)C,[H][C@](O)(COP(O)(=O)OC[C@@]([H])(COC(=O)CCCCCCC)OC(=O)CCCCCCCCCCCCCCC)COP(O)(=O)OC[C@@]([H])(COC(=O)CCCCCCCCCCCCCCCCC)OC(=O)CCCCCCCCCCCCCCCCCC,valid,valid,valid_pair
506,[H][C@@](COC(=O)CCCCCCC\C=C/CCCCCC)(COP([O-])(=O)OCC[N+](C)(C)C)OC(=O)CCC\C=C/C\C=C/C\C=C/C\C=C/C=C/[C@H](O)CC,[H][C@@](COC(=O)CCCCCCCCCCCCCCCCC(C)C)(COC(=O)CCCCCCCCCCC(C)C)OC(=O)CCCCCCCCC(C)CC,valid,valid,valid_pair
507,[H][C@@](O)(COP(O)(=O)OC[C@@]([H])(COC(=O)CCCCCCCCCCCCC(C)C)OC(=O)CCCCCCCCCCC(C)CC)COP(O)(=O)OC[C@@]([H])(COC(=O)CCCCCCCCC(C)CC)OC(=O)CCCCCCCCCCC(C)C,[H][C@](O)(COP(O)(=O)OC[C@@]([H])(COC(=O)CCCCCCC)OC(=O)CCCCCCCCC)COP(O)(=O)OC[C@@]([H])(COC(=O)CCCCCCCCCCCCCCC)OC(=O)CCCCCCCCCCCCCCCCCCCCCCC,valid,valid,valid_pair
508,[H][C@](O)(COP(O)(=O)OC[C@@]([H])(COC(=O)CCCCCCCCCCCC)OC(=O)CCCCCCCCCCCC)COP(O)(=O)OC[C@@]([H])(COC(=O)CCCCCCCCCCCCCC)OC(=O)CCCCCCCCCCCCC(C)C,[H]C(O)(COP(O)(=O)OC[C@@]([H])(COC(=O)CCCCCCCCCCC(C)C)OC(=O)CCCCCCCCCC(C)C)COP(O)(=O)OC[C@@]([H])(COC(=O)CCCCCCCCCCCCCCC(C)C)OC(=O)CCCCCCCCC(C)C,valid,valid,valid_pair
509,[H][C@](COC(=O)CCCCCCCCCCC)(COC(=O)CCCCCCCCCCCCCCCCCCCCC)OC(=O)CCCCCCCCCCCCCCCCCCCCC,[H][C@](COC(=O)CCCCCCCCCCCCCCCCC(C)C)(COC(=O)CCCCCCCCC(C)C)OC(=O)CCCCCCCCCCCCCCCCCCCCC(C)C,valid,valid,valid_pair
510,CC12CCC3C(CCC4CC5SC5CC34C)C1CCC2O,ClC1=C(Cl)C=C2C(OC3=CC(Cl)=C(Cl)C=C23)=C1,valid,valid,valid_pair
511,[H][C@](O)(COP(O)(=O)OC[C@@]([H])(COC(=O)CCCCCCC)OC(=O)CCCCCCCCCCCCC)COP(O)(=O)OC[C@@]([H])(COC(=O)CCCCCCCCCCCCCCC(C)C)OC(=O)CCCCCCCCCCCCCCCCCCCCC,[H][C@](O)(COP(O)(=O)OC[C@@]([H])(COC(=O)CCCCCCCCC)OC(=O)CCCCCCCCCCCC(C)C)COP(O)(=O)OC[C@@]([H])(COC(=O)CCCCCCCCCCCCC(C)CC)OC(=O)CCCCCCCCCCCCCCCCC(C)C,valid,valid,valid_pair
512,[H][C@](COC(=O)CCCCCCCCCCCCCC)(COC(=O)CCCCCCCCCCCCCCC)OC(=O)CCCCCCC\C=C/CCCCCCCC,[H][C@](O)(CO)COP(O)(=O)OC[C@@]([H])(COC(=O)CCC\C=C/C\C=C/C\C=C/C\C=C/CCCCC)OC(=O)CCCCCC\C=C/C\C=C/C\C=C/C\C=C/CC,valid,valid,valid_pair
513,[H]C(O)(COP(O)(=O)OC[C@@]([H])(COC(=O)CCCCCCCCCCCCCCCCCC(C)C)OC(=O)CCCCCCCCCCCC(C)C)COP(O)(=O)OC[C@@]([H])(COC(=O)CCCCCCCCC(C)C)OC(=O)CCCCCCCCCCCCCCCCCCC(C)C,[H][C@@](O)(COP(O)(=O)OC[C@@]([H])(COC(=O)CCCCCCCCCCCCCCCCCC(C)C)OC(=O)CCCCCCCCCCCCCCCCCCCCC(C)CC)COP(O)(=O)OC[C@@]([H])(COC(=O)CCCCCCCCCCC)OC(=O)CCCCCCCCC(C)C,valid,valid,valid_pair
514,[H][C@](O)(COP(O)(=O)OC[C@@]([H])(COC(=O)CCCCCCC\C=C/C=C\CCCCCC)OC(=O)CCCCCCC\C=C/C\C=C/CCCCC)COP(O)(=O)OC[C@@]([H])(COC(=O)CCCCCCC\C=C/C=C\CCCCCC)OC(=O)CCCCCCC\C=C/C=C\CCCCCC,[H]C(O)(COP(O)(=O)OC[C@@]([H])(COC(=O)CCCCCCC\C=C/CCCCCC)OC(=O)CCCCCCC\C=C/CCCCCCCC)COP(O)(=O)OC[C@@]([H])(COC(=O)CCCCCCC\C=C/C\C=C/CCCCC)OC(=O)CCC\C=C/C\C=C/C\C=C/C\C=C/CCCCC,valid,valid,valid_pair
515,[H][C@@](O)(COP(O)(=O)OC[C@@]([H])(COC(=O)CCCCCCCCCCCCCCCCC)OC(=O)CCCCCCCCCCCCCCCCCCCCC(C)CC)COP(O)(=O)OC[C@@]([H])(COC(=O)CCCCCCCCC(C)C)OC(=O)CCCCCCCCCCCCC,[H][C@@](O)(COP(O)(=O)OC[C@@]([H])(COC(=O)CCCCCCCCCCCCCCCCCCCCC(C)C)OC(=O)CCCCCCCCCCCCCC(C)C)COP(O)(=O)OC[C@@]([H])(COC(=O)CCCCCCCCC(C)CC)OC(=O)CCCCCCCCCCC(C)CC,valid,valid,valid_pair
516,CCCCCCCCCCCCCCCCCC(=O)OC[C@H](CO)OC(=O)C\C=C/C[C@@H]1[C@@H](O)C[C@@H](O)[C@@H]1\C=C\[C@H](O)CCCCC,[H][C@](COC(=O)CCCCCCCCC)(COC(=O)CCCCCCCCCCC(C)CC)OC(=O)CCCCCCCCCCCC,valid,valid,valid_pair
517,[H][C@@](O)(COP(O)(=O)OC[C@@]([H])(COC(=O)CCCCCCCCCCCCCCCCC)OC(=O)CCCCCCCCCCCCCCCCCCC)COP(O)(=O)OC[C@@]([H])(COC(=O)CCCCCCCCCC)OC(=O)CCCCCCCCC(C)C,[H][C@](O)(COP(O)(=O)OC[C@@]([H])(COC(=O)CCCCCCCCC)OC(=O)CCCCCCCCCCCCC(C)C)COP(O)(=O)OC[C@@]([H])(COC(=O)CCCCCCCCCCCCCC(C)C)OC(=O)CCCCCCCCCCCCCCC(C)C,valid,valid,valid_pair
518,[H][C@](O)(COP(O)(=O)OC[C@@]([H])(COC(=O)CCCCCCCCCCC)OC(=O)CCCCCCCCCCCCCCC)COP(O)(=O)OC[C@@]([H])(COC(=O)CCCCCCCCCCCCCCCC(C)C)OC(=O)CCCCCCCCCCCCCCCCCCC(C)C,[H][C@](O)(COP(O)(=O)OC[C@@]([H])(COC(=O)CCCCCCCCCCCC)OC(=O)CCCCCCCCCCCCC(C)C)COP(O)(=O)OC[C@@]([H])(COC(=O)CCCCCCCCCCCCCCCCCC)OC(=O)CCCCCCCCCCCCCCCCC(C)CC,valid,valid,valid_pair
519,CCCCC[C@H](O)\C=C\[C@H]1OC(O)C[C@H](O)[C@@H]1C\C=C/CCCC(=O)OC[C@H](COP(O)(O)=O)OC(=O)CCCCC\C=C/C\C=C/C\C=C/C\C=C/C\C=C/CC,CCCCC\C=C/C\C=C/C\C=C/C\C=C/C\C=C/CCC(=O)O[C@H](COC(=O)CCC\C=C/C[C@H]1[C@@H](O)CC(O)O[C@@H]1\C=C\[C@@H](O)CCCCC)COP(O)(O)=O,valid,valid,valid_pair
520,[H][C@@](COC(=O)CCCCCCC)(COC(=O)CCCCCCCCCCC)OC(=O)CCCCCCCCCCCC,[H][C@](CO)(COC(=O)CCCCCCCCC(C)CC)OC(=O)CCCCCCCCCCCCCCCCCCCC,valid,valid,valid_pair
521,[H][C@](O)(COP(O)(=O)OC[C@@]([H])(COC(=O)CCCCCCC)OC(=O)CCCCCCCCCCCC)COP(O)(=O)OC[C@@]([H])(COC(=O)CCCCCCCCCCCCCCCCCCCCCC)OC(=O)CCCCCCCCCCCCCCCCCCCCCCCC,[H][C@](O)(COP(O)(=O)OC[C@@]([H])(COC(=O)CCCCCCCCC)OC(=O)CCCCCCCCCCCCCC(C)C)COP(O)(=O)OC[C@@]([H])(COC(=O)CCCCCCCCCCCCCCCCC(C)CC)OC(=O)CCCCCCCCCCCCCCCCCC(C)C,valid,valid,valid_pair
522,[H][C@@](O)(COP(O)(=O)OC[C@@]([H])(COC(=O)CCCCCCCCCCCCCCCCCCCCC)OC(=O)CCCCCCCCCCCCCCCCCCCCC)COP(O)(=O)OC[C@@]([H])(COC(=O)CCCCCCCCC(C)CC)OC(=O)CCCCCCCCCCC(C)C,[H][C@](O)(COP(O)(=O)OC[C@@]([H])(COC(=O)CCCCCCCCCC)OC(=O)CCCCCCCCCCCCC(C)C)COP(O)(=O)OC[C@@]([H])(COC(=O)CCCCCCCCCCCCCCCCC(C)C)OC(=O)CCCCCCCCCCCCCCCCCCCCC(C)C,valid,valid,valid_pair
523,[H][C@@](O)(COP(O)(=O)OC[C@@]([H])(COC(=O)CCCCCCCCCCCCCCC(C)C)OC(=O)CCCCCCCCCCCCCCCCCC(C)C)COP(O)(=O)OC[C@@]([H])(COC(=O)CCCCCCCCC(C)CC)OC(=O)CCCCCCCCCCCC(C)C,[H][C@](O)(COP(O)(=O)OC[C@@]([H])(COC(=O)CCCCCCCCC)OC(=O)CCCCCCCCCCCCCC(C)C)COP(O)(=O)OC[C@@]([H])(COC(=O)CCCCCCCCCCCCCCC(C)C)OC(=O)CCCCCCCCCCCCCCCCCCC(C)C,valid,valid,valid_pair
524,[H][C@](O)(COP(O)(=O)OC[C@@]([H])(COC(=O)CCCCCCCCCC)OC(=O)CCCCCCCCCCC)COP(O)(=O)OC[C@@]([H])(COC(=O)CCCCCCCCCCCCC(C)C)OC(=O)CCCCCCCCCCCCCCCCCCCCC(C)C,[H][C@@](O)(COP(O)(=O)OC[C@@]([H])(COC(=O)CCCCCCCCCCCCC(C)CC)OC(=O)CCCCCCCCCCCCCCCCCC(C)C)COP(O)(=O)OC[C@@]([H])(COC(=O)CCCCCCCCC(C)CC)OC(=O)CCCCCCCCC(C)C,valid,valid,valid_pair
525,[H][C@](O)(COP(O)(=O)OC[C@@]([H])(COC(=O)CCCCCCCCCCCC)OC(=O)CCCCCCCCCCCCCC)COP(O)(=O)OC[C@@]([H])(COC(=O)CCCCCCCCCCCCCCCC)OC(=O)CCCCCCCCCCCCCCCCCCCC,[H][C@](O)(COP(O)(=O)OC[C@@]([H])(COC(=O)CCCCCCC)OC(=O)CCCCCCCCCCCCCCCC)COP(O)(=O)OC[C@@]([H])(COC(=O)CCCCCCCCCCCCC(C)CC)OC(=O)CCCCCCCCCCCCCCCCCCCCC(C)C,valid,valid,valid_pair
526,[H][C@](O)(COP(O)(=O)OC[C@@]([H])(COC(=O)CCCCCCCCC)OC(=O)CCCCCCCCCCC)COP(O)(=O)OC[C@@]([H])(COC(=O)CCCCCCCCCCCCCCCCCCCC)OC(=O)CCCCCCCCCCCCCCCCCCCCC,[H][C@](O)(COP(O)(=O)OC[C@@]([H])(COC(=O)CCCCCCCCCCCC)OC(=O)CCCCCCCCCCCCCC)COP(O)(=O)OC[C@@]([H])(COC(=O)CCCCCCCCCCC(C)CC)OC(=O)CCCCCCCCCCCCCCCCCCCCC,valid,valid,valid_pair
527,[H][C@](O)(COP(O)(=O)OC[C@@]([H])(COC(=O)CCCCCCCCC)OC(=O)CCCCCCCCCCCCCCCCC(C)C)COP(O)(=O)OC[C@@]([H])(COC(=O)CCCCCCCCCCCCCCCCCCC(C)C)OC(=O)CCCCCCCCCCCCCCCCCCCCC(C)C,[H]C(O)(COP(O)(=O)OC[C@@]([H])(COC(=O)CCCCCCCCCCCCCCCCCCC(C)C)OC(=O)CCCCCCCCCCCCC(C)C)COP(O)(=O)OC[C@@]([H])(COC(=O)CCCCCCCCCC(C)C)OC(=O)CCCCCCCCCCCCCCCCCCCCC(C)CC,valid,valid,valid_pair
528,[H][C@@](O)(COP(O)(=O)OC[C@@]([H])(COC(=O)CCCCCCCCCCCCCCCC(C)C)OC(=O)CCCCCCCCCCCCCCCCCCC(C)C)COP(O)(=O)OC[C@@]([H])(COC(=O)CCCCCCCCCCC(C)CC)OC(=O)CCCCCCCCCCCCCCC(C)C,[H][C@](O)(COP(O)(=O)OC[C@@]([H])(COC(=O)CCCCCCCCCCCCCCC)OC(=O)CCCCCCCCCCCCCCC)COP(O)(=O)OC[C@@]([H])(COC(=O)CCCCCCCCCCCCCCCCCCCC)OC(=O)CCCCCCCCCCCCCCCCCCCC,valid,valid,valid_pair
529,CCCC[C@@H]1OC(=O)[C@@H]2C=CCC[C@H]12,CNCC(O)C(O)C(O)C(O)CO,valid,valid,valid_pair
530,[H][C@](O)(COP(O)(=O)OC[C@@]([H])(COC(=O)CCCCCCC)OC(=O)CCCCCCCCCCC)COP(O)(=O)OC[C@@]([H])(COC(=O)CCCCCCCCCCCCCCCCC)OC(=O)CCCCCCCCCCCCCCCCC(C)C,[H][C@](O)(COP(O)(=O)OC[C@@]([H])(COC(=O)CCCCCCCCC)OC(=O)CCCCCCCCCCC)COP(O)(=O)OC[C@@]([H])(COC(=O)CCCCCCCCCC(C)C)OC(=O)CCCCCCCCCCCCCCCCCCCCCC,valid,valid,valid_pair
531,[H][C@@](O)(COP(O)(=O)OC[C@@]([H])(COC(=O)CCCCCCCCCCCCCCCCCCCCC(C)C)OC(=O)CCCCCCCCCCCCCCCCC(C)CC)COP(O)(=O)OC[C@@]([H])(COC(=O)CCCCCCCCC(C)C)OC(=O)CCCCCCCCC(C)CC,[H][C@@](O)(COP(O)(=O)OC[C@@]([H])(COC(=O)CCCCCCCCCCCCCCCCC(C)C)OC(=O)CCCCCCCCCCCCCCCCCCC(C)C)COP(O)(=O)OC[C@@]([H])(COC(=O)CCCCCCCCCCCCC)OC(=O)CCCCCCCCCCC(C)C,valid,valid,valid_pair
532,[H][C@@](O)(COP(O)(=O)OC[C@@]([H])(COC(=O)CCCCCCCCCCCCCCCCC)OC(=O)CCCCCCCCCCCCCCCCC(C)C)COP(O)(=O)OC[C@@]([H])(COC(=O)CCCCCCCCCCC)OC(=O)CCCCCCCCC(C)CC,[H][C@](O)(COP(O)(=O)OC[C@@]([H])(COC(=O)CCCCCCCCC)OC(=O)CCCCCCCCC)COP(O)(=O)OC[C@@]([H])(COC(=O)CCCCCCCCCCCCCCCCC)OC(=O)CCCCCCCCCCCCCCCCCCCCCCCC,valid,valid,valid_pair
533,[H][C@@](O)(COP(O)(=O)OC[C@@]([H])(COC(=O)CCCCCCCCCCC(C)C)OC(=O)CCCCCCCCCCCCCCCC(C)C)COP(O)(=O)OC[C@@]([H])(COC(=O)CCCCCCCCC(C)C)OC(=O)CCCCCCCCCCCCCCCCC(C)CC,[H][C@](O)(COP(O)(=O)OC[C@@]([H])(COC(=O)CCCCCCCCC)OC(=O)CCCCCCCCCCC)COP(O)(=O)OC[C@@]([H])(COC(=O)CCCCCCCCCCCCCCCCCCCCC)OC(=O)CCCCCCCCCCCCCCCCCCCCC,valid,valid,valid_pair
534,[H][C@@](O)(COP(O)(=O)OC[C@@]([H])(COC(=O)CCCCCCCCCCCCCCCCCC)OC(=O)CCCCCCCCCCCCCCCCC(C)CC)COP(O)(=O)OC[C@@]([H])(COC(=O)CCCCCCCCCCCCCC)OC(=O)CCCCCCCCCCC(C)CC,[H][C@@](O)(COP(O)(=O)OC[C@@]([H])(COC(=O)CCCCCCCCCCCCCCCCC(C)CC)OC(=O)CCCCCCCCCCCCCCCC(C)C)COP(O)(=O)OC[C@@]([H])(COC(=O)CCCCCCCCC(C)C)OC(=O)CCCCCCCCCCCCCCC(C)C,valid,valid,valid_pair
535,[H][C@](O)(COP(O)(=O)OC[C@@]([H])(COC(=O)CCCCCCCCCC)OC(=O)CCCCCCCCCCCCCCCCC)COP(O)(=O)OC[C@@]([H])(COC(=O)CCCCCCCCCCCCCCCCCCC)OC(=O)CCCCCCCCCCCCCCCCCCC(C)C,[H][C@@](O)(COP(O)(=O)OC[C@@]([H])(COC(=O)CCCCCCCCCCCCCCCCC(C)C)OC(=O)CCCCCCCCCCCCCCCCCCC(C)C)COP(O)(=O)OC[C@@]([H])(COC(=O)CCCCCCCCC(C)CC)OC(=O)CCCCCCCCCCCCC(C)C,valid,valid,valid_pair
536,[H][C@@](O)(COP(O)(=O)OC[C@@]([H])(COC(=O)CCCCCCCCCCCCC)OC(=O)CCCCCCCCCCCCCCCCCCCCCCCC)COP(O)(=O)OC[C@@]([H])(COC(=O)CCCCCCCCC(C)CC)OC(=O)CCCCCCCCCC(C)C,[H][C@](O)(COP(O)(=O)OC[C@@]([H])(COC(=O)CCCCCCCCCCC)OC(=O)CCCCCCCCCCCC(C)C)COP(O)(=O)OC[C@@]([H])(COC(=O)CCCCCCCCCCCCCCC(C)C)OC(=O)CCCCCCCCCCCCCCCCCCC,valid,valid,valid_pair
537,[H][C@@](COC(=O)CCCCCCCCCCCCCCC)(COP(O)(O)=O)OC(=O)CCCCCCCCCCC\C=C/CCCCCCCC,[H][C@](O)(CO)COP(O)(=O)OC[C@@]([H])(COC(=O)CCC\C=C/C\C=C/C\C=C/C\C=C/[C@@H](O)CCCC)OC(=O)CCCCCCCCC(C)C,valid,valid,valid_pair
538,[H][C@](O)(COP(O)(=O)OC[C@@]([H])(COC(=O)CCCCCCCCCC)OC(=O)CCCCCCCCCCCCC(C)CC)COP(O)(=O)OC[C@@]([H])(COC(=O)CCCCCCCCCCCCCC(C)C)OC(=O)CCCCCCCCCCCCCC(C)C,[H][C@@](O)(COP(O)(=O)OC[C@@]([H])(COC(=O)CCCCCCCCCCCCCCCC)OC(=O)CCCCCCCCCCCCCCCCCC)COP(O)(=O)OC[C@@]([H])(COC(=O)CCCCCCCCCCCC)OC(=O)CCCCCCCCC(C)CC,valid,valid,valid_pair
539,[H][C@](O)(COP(O)(=O)OC[C@@]([H])(COC(=O)CCCCCCC)OC(=O)CCCCCCCCCC(C)C)COP(O)(=O)OC[C@@]([H])(COC(=O)CCCCCCCCCCCCCCC(C)C)OC(=O)CCCCCCCCCCCCCCCCCCCC,[H][C@@](O)(COP(O)(=O)OC[C@@]([H])(COC(=O)CCCCCCCCCCCCCCC)OC(=O)CCCCCCCCCCCCCCC(C)C)COP(O)(=O)OC[C@@]([H])(COC(=O)CCCCCCCCC(C)CC)OC(=O)CCCCCCCCC(C)CC,valid,valid,valid_pair
540,[H][C@@](O)(COP(O)(=O)OC[C@@]([H])(COC(=O)CCCCCCCCCCCCC(C)C)OC(=O)CCCCCCCCCCCCCCC(C)C)COP(O)(=O)OC[C@@]([H])(COC(=O)CCCCCCCCC(C)C)OC(=O)CCCCCCCCC(C)CC,[H][C@@](O)(COP(O)(=O)OC[C@@]([H])(COC(=O)CCCCCCCCCCC(C)CC)OC(=O)CCCCCCCCCCCCC(C)CC)COP(O)(=O)OC[C@@]([H])(COC(=O)CCCCCCCCC(C)CC)OC(=O)CCCCCCCCCCC(C)C,valid,valid,valid_pair
541,[H][C@@](O)(COP(O)(=O)OC[C@@]([H])(COC(=O)CCCCCCCCC(C)CC)OC(=O)CCCCCCCCCCCCCCCCCCCCC(C)CC)COP(O)(=O)OC[C@@]([H])(COC(=O)CCCCCCCCC(C)CC)OC(=O)CCCCCCCCCCC(C)CC,[H][C@](O)(COP(O)(=O)OC[C@@]([H])(COC(=O)CCCCCCCCCC)OC(=O)CCCCCCCCCCCCCC)COP(O)(=O)OC[C@@]([H])(COC(=O)CCCCCCCCCCCCCCCCC)OC(=O)CCCCCCCCCCCCCCCCCCC(C)C,valid,valid,valid_pair
542,[H]C(O)(COP(O)(=O)OC[C@@]([H])(COC(=O)CCCCCCCCCCCCCCCCC(C)CC)OC(=O)CCCCCCCCCCCCCCC(C)C)COP(O)(=O)OC[C@@]([H])(COC(=O)CCCCCCCCCCC(C)C)OC(=O)CCCCCCCCCCC(C)CC,[H][C@@](O)(COP(O)(=O)OC[C@@]([H])(COC(=O)CCCCCCCCCCCCC(C)C)OC(=O)CCCCCCCCCCCCCCCCCCCCCCCC)COP(O)(=O)OC[C@@]([H])(COC(=O)CCCCCCCCC(C)CC)OC(=O)CCCCCCCCCCCCC,valid,valid,valid_pair
543,[H][C@@](O)(COP(O)(=O)OC[C@@]([H])(COC(=O)CCCCCCCCCCC(C)C)OC(=O)CCCCCCCCCCCCCCCC)COP(O)(=O)OC[C@@]([H])(COC(=O)CCCCCCCCCC(C)C)OC(=O)CCCCCCCCCCC(C)C,[H][C@@](O)(COP(O)(=O)OC[C@@]([H])(COC(=O)CCCCCCCCCCCCCC)OC(=O)CCCCCCCCCCCCC(C)CC)COP(O)(=O)OC[C@@]([H])(COC(=O)CCCCCCCCCCCC)OC(=O)CCCCCCCCCC(C)C,valid,valid,valid_pair
544,[H][C@](O)(COP(O)(=O)OC[C@@]([H])(COC(=O)CCCCCCCCCCCCCCC)OC(=O)CCCCCCC\C=C/CCCCCC)COP(O)(=O)OC[C@@]([H])(COC(=O)CCC\C=C/C\C=C/C\C=C/C\C=C/CCCCC)OC(=O)CCC\C=C/C\C=C/C\C=C/C\C=C/CCCCC,[H]C(O)(COP(O)(=O)OC[C@@]([H])(COC(=O)CCCCCCCCCC(C)C)OC(=O)CCCCCCCCCCCCCCCCCCCCC(C)C)COP(O)(=O)OC[C@@]([H])(COC(=O)CCCCCCC\C=C/C=C\CCCCCC)OC(=O)CCCCCCCCCCCCC(C)C,valid,valid,valid_pair
545,[H][C@@](O)(COP(O)(=O)OC[C@@]([H])(COC(=O)CCCCCCCCCCCCCCCC(C)C)OC(=O)CCCCCCCCCCCCCCCCCCC(C)C)COP(O)(=O)OC[C@@]([H])(COC(=O)CCCCCCCCCCC(C)C)OC(=O)CCCCCCCCCCCCC(C)CC,[H][C@](O)(COP(O)(=O)OC[C@@]([H])(COC(=O)CCCCCCCCCCCCC)OC(=O)CCCCCCCCCCCCCCC)COP(O)(=O)OC[C@@]([H])(COC(=O)CCCCCCCCCCCCCCCCCCC)OC(=O)CCCCCCCCCCCCCCCCCCC(C)C,valid,valid,valid_pair
546,[H][C@@](O)(COP(O)(=O)OC[C@@]([H])(COC(=O)CCCCCCCCCCCCCCCCC(C)CC)OC(=O)CCCCCCCCCCCCCCCCCCCCC(C)CC)COP(O)(=O)OC[C@@]([H])(COC(=O)CCCCCCCCC(C)CC)OC(=O)CCCCCCCCCCCCC,[H][C@@](O)(COP(O)(=O)OC[C@@]([H])(COC(=O)CCCCCCCCCCCCCCCCCCCC)OC(=O)CCCCCCCCCCCCCCCCC(C)CC)COP(O)(=O)OC[C@@]([H])(COC(=O)CCCCCCCCCCC(C)C)OC(=O)CCCCCCCCCCCCCCCC,valid,valid,valid_pair
547,[H][C@](O)(COP(O)(=O)OC[C@@]([H])(COC(=O)CCCCCCCCCC)OC(=O)CCCCCCCCCCCCCC)COP(O)(=O)OC[C@@]([H])(COC(=O)CCCCCCCCCCCCC(C)CC)OC(=O)CCCCCCCCCCCCC(C)CC,[H]C(O)(COP(O)(=O)OC[C@@]([H])(COC(=O)CCCCCCCCCCC(C)C)OC(=O)CCCCCCCCCCCCCC(C)C)COP(O)(=O)OC[C@@]([H])(COC(=O)CCCCCCCCC(C)CC)OC(=O)CCCCCCCCCCCCC(C)C,valid,valid,valid_pair
548,[H][C@](O)(COP(O)(=O)OC[C@@]([H])(COC(=O)CCCCCCCCCCC(C)C)OC(=O)CCCCCCCCCCCCCC)COP(O)(=O)OC[C@@]([H])(COC(=O)CCCCCCCCCCC(C)CC)OC(=O)CCCCCCCCCCCCCCCCCCC,[H][C@](O)(COP(O)(=O)OC[C@@]([H])(COC(=O)CCCCCCCCCC)OC(=O)CCCCCCCCCCC)COP(O)(=O)OC[C@@]([H])(COC(=O)CCCCCCCCCCCCCCCCCC)OC(=O)CCCCCCCCCCCCCCCCCCC(C)C,valid,valid,valid_pair
549,[H][C@](COC(=O)CCCCCCCCCCC)(COC(=O)CCCCCCCCCCC(C)C)OC(=O)CCCCCCCCCCCCCCC,[H][C@@](COC(=O)CCCCCCC)(COC(=O)CCCCCCCCCCCCC(C)CC)OC(=O)CCCCCCCCCCCCCCCC,valid,valid,valid_pair
550,[H][C@](O)(COP(O)(=O)OC[C@@]([H])(COC(=O)CCCCCCCCCCCCCCC)OC(=O)CCCCCCCCC\C=C/CCCCCC)COP(O)(=O)OC[C@@]([H])(COC(=O)CCCCCCCCC\C=C/CCCCCC)OC(=O)CCCCC\C=C/C\C=C/C\C=C/C\C=C/C\C=C/CC,[H][C@@](O)(COP(O)(=O)OC[C@@]([H])(COC(=O)CCCCCCCCCCCCCCCCCC)OC(=O)CCCCCCCCCCCCCCCCC(C)CC)COP(O)(=O)OC[C@@]([H])(COC(=O)CCCCCCCCCCCCCCC)OC(=O)CCCCCCCCCCCCCC(C)C,valid,valid,valid_pair
551,[H][C@@](O)(COP(O)(=O)OC[C@@]([H])(COC(=O)CCCCCCCCCCCCCCCCCC)OC(=O)CCCCCCCCCCCCCCCCCC)COP(O)(=O)OC[C@@]([H])(COC(=O)CCCCCCCCCC(C)C)OC(=O)CCCCCCCCCCCCCC,[H][C@@](O)(COP(O)(=O)OC[C@@]([H])(COC(=O)CCCCCCCCCCCCCCCCCCC)OC(=O)CCCCCCCCCCCCCCCCC(C)CC)COP(O)(=O)OC[C@@]([H])(COC(=O)CCCCCCCCCC)OC(=O)CCCCCCCCCCC(C)C,valid,valid,valid_pair
552,[H][C@@](O)(COP(O)(=O)OC[C@@]([H])(COC(=O)CCCCCCCCCCCCCCCCCCCCC)OC(=O)CCCCCCCCCCCCCCCCCCCCC(C)C)COP(O)(=O)OC[C@@]([H])(COC(=O)CCCCCCCCCCCC(C)C)OC(=O)CCCCCCCCCCCCCCC(C)C,[H][C@@](O)(COP(O)(=O)OC[C@@]([H])(COC(=O)CCCCCCCCCCCCCCCCCCC(C)C)OC(=O)CCCCCCCCCCCCCCCCCCCCCCCC)COP(O)(=O)OC[C@@]([H])(COC(=O)CCCCCCCCCCC(C)C)OC(=O)CCCCCCCCCCCCCCCCC,valid,valid,valid_pair
553,OC1C(COC(=O)C=CC2=CC=C(O)C=C2)OC(OC2=C(OC3=CC(O)=CC(O)=C3C2=O)C2=CC=C(O)C=C2)C(O)C1O,OCC1OC(OC2C(O)C(O)C(CO)OC2C2=C(O)C=C3OC(=CC(=O)C3=C2O)C2=CC=C(O)C=C2)C(O)C(O)C1O,valid,valid,valid_pair
554,[H][C@](O)(COP(O)(=O)OC[C@@]([H])(COC(=O)CCCCCCC)OC(=O)CCCCCCCCCCCC(C)C)COP(O)(=O)OC[C@@]([H])(COC(=O)CCCCCCCCCCCC(C)C)OC(=O)CCCCCCCCCCCCCCCCCCCCCCC,[H][C@](O)(COP(O)(=O)OC[C@@]([H])(COC(=O)CCCCCCCCCC)OC(=O)CCCCCCCCCCCCCC)COP(O)(=O)OC[C@@]([H])(COC(=O)CCCCCCCCCCCC(C)C)OC(=O)CCCCCCCCCCCCCCCCCCCC,valid,valid,valid_pair
555,[H][C@@](O)(COP(O)(=O)OC[C@@]([H])(COC(=O)CCCCCCCCCCCCC(C)CC)OC(=O)CCCCCCCCCCCCCCCCCC)COP(O)(=O)OC[C@@]([H])(COC(=O)CCCCCCCCCCC(C)C)OC(=O)CCCCCCCCCCCCC(C)C,[H][C@](O)(COP(O)(=O)OC[C@@]([H])(COC(=O)CCCCCCC)OC(=O)CCCCCCCCC(C)C)COP(O)(=O)OC[C@@]([H])(COC(=O)CCCCCCCCCCCCCCCCCC(C)C)OC(=O)CCCCCCCCCCCCCCCCCCCCCCCC,valid,valid,valid_pair
556,[H][C@](O)(COP(O)(=O)OC[C@@]([H])(COC(=O)CCCCCCCCCCCC)OC(=O)CCCCCCCCCCCCCC)COP(O)(=O)OC[C@@]([H])(COC(=O)CCCCCCCCCCCCCCCCC(C)C)OC(=O)CCCCCCCCCCCCCCCCCCC(C)C,[H][C@](O)(COP(O)(=O)OC[C@@]([H])(COC(=O)CCCCCCCCCC)OC(=O)CCCCCCCCCCCCCC)COP(O)(=O)OC[C@@]([H])(COC(=O)CCCCCCCCCCCCCCCCCCC(C)C)OC(=O)CCCCCCCCCCCCCCCCCCC(C)C,valid,valid,valid_pair
557,[H][C@](COC(=O)CCCCCCCCCCCCCC)(COC(=O)CCCCCCCCCCCCCCCCCCCC)OC(=O)CCCCCCCCCCC,[H][C@](O)(CO)COP(O)(=O)OC[C@@]([H])(COC(=O)CCC\C=C/C\C=C/C\C=C/C=C/C(=O)CCCCC)OC(=O)CCCC\C=C/C\C=C/C\C=C/CCCCC,valid,valid,valid_pair
558,[H][C@@](O)(COP(O)(=O)OC[C@@]([H])(COC(=O)CCCCCCCCCCCCCCCC(C)C)OC(=O)CCCCCCCCCCCCCCCCCC(C)C)COP(O)(=O)OC[C@@]([H])(COC(=O)CCCCCCCCCCCCCC)OC(=O)CCCCCCCCCCC(C)CC,[H][C@](O)(COP(O)(=O)OC[C@@]([H])(COC(=O)CCCCCCCCCC)OC(=O)CCCCCCCCCCCCC)COP(O)(=O)OC[C@@]([H])(COC(=O)CCCCCCCCCCCCCCCCCCC)OC(=O)CCCCCCCCCCCCCCCCCCCCC(C)CC,valid,valid,valid_pair
559,[H][C@@](O)(COP(O)(=O)OC[C@@]([H])(COC(=O)CCCCCCCCCCCCCCCCCCCCCCC)OC(=O)CCCCCCCCCCCCCCCCCCCCCCCC)COP(O)(=O)OC[C@@]([H])(COC(=O)CCCCCCCCCCC(C)CC)OC(=O)CCCCCCCCCCCC(C)C,[H][C@@](O)(COP(O)(=O)OC[C@@]([H])(COC(=O)CCCCCCCCCCCCCCCCC(C)C)OC(=O)CCCCCCCCCCCCCCCCCCCCC(C)CC)COP(O)(=O)OC[C@@]([H])(COC(=O)CCCCCCCCC(C)CC)OC(=O)CCCCCCCCCCCCCCCCCC(C)C,valid,valid,valid_pair
560,[H][C@](COC(=O)CCCCCCCCCCCCCCC)(COC(=O)CCCCCCCCCCCCCCCCC)OC(=O)CCCCCCCCCCCCCCCCCCCCC(C)C,[H][C@@](COC(=O)CCCCCCCCCCCCCCCCCC)(COC(=O)CCCCCCCCCCCCCCCCCCCCC(C)C)OC(=O)CCCCCCCCCCCCCC,valid,valid,valid_pair
561,[H][C@](COC(=O)CCCCCCCCCCCCCCCCC(C)CC)(COC(=O)CCCCCCCCCCCCC(C)CC)OC(=O)CCCCCCCCC(C)C,[H][C@@](COC(=O)CCCCCCCCCCCCCC(C)C)(COC(=O)CCCCCCCCCCCCC(C)C)OC(=O)CCCCCCCCCCCCCC(C)C,valid,valid,valid_pair
562,CC1=CC(O)=C2C(O)=C3C(=O)C4C(O)C5C6C(O)C(C(=O)C7=C(O)C8=C(O)C=C(C)C(O)=C8C(=O)C467)C35C(=O)C2=C1O,CC(C)C1=C(C(O)=NC2=CC=CC=C2O)C(=C(N1CCC(O)CC(O)CC(O)=O)C1=CC=C(F)C=C1)C1=CC=CC=C1,valid,valid,valid_pair
563,[H][C@@](O)(COP(O)(=O)OC[C@@]([H])(COC(=O)CCCCCCCCCCCC(C)C)OC(=O)CCCCCCCCCCCCCCCCCC)COP(O)(=O)OC[C@@]([H])(COC(=O)CCCCCCCCCCC(C)C)OC(=O)CCCCCCCCCCC(C)CC,[H][C@](O)(COP(O)(=O)OC[C@@]([H])(COC(=O)CCCCCCCCCCC)OC(=O)CCCCCCCCCCCCCCC)COP(O)(=O)OC[C@@]([H])(COC(=O)CCCCCCCCCCCCCCCC)OC(=O)CCCCCCCCCCCCCCCCC,valid,valid,valid_pair
564,[H][C@](O)(COP(O)(=O)OC[C@@]([H])(COC(=O)CCCCCCCCCCCCC)OC(=O)CCCCCCCCCCCCCCCCCC(C)C)COP(O)(=O)OC[C@@]([H])(COC(=O)CCCCCCCCCCCCCCCCCC(C)C)OC(=O)CCCCCCCCCCCCCCCCCCC(C)C,[H][C@@](O)(COP(O)(=O)OC[C@@]([H])(COC(=O)CCCCCCCCCCCCCCCCCCCCCC)OC(=O)CCCCCCCCCCCCCCCCCCCCCC)COP(O)(=O)OC[C@@]([H])(COC(=O)CCCCCCCCCCCCCC)OC(=O)CCCCCCCCCCCCC(C)CC,valid,valid,valid_pair
565,[H]C(O)(COP(O)(=O)OC[C@@]([H])(COC(=O)CCCCCCCCCCCC(C)C)OC(=O)CCCCCCCCCCCCCCCCCCCCC(C)C)COP(O)(=O)OC[C@@]([H])(COC(=O)CCCCCCCCCCC(C)C)OC(=O)CCCCCCCCCCC(C)C,[H][C@](O)(COP(O)(=O)OC[C@@]([H])(COC(=O)CCCCCCCCCCC)OC(=O)CCCCCCCCCCCCCCCC)COP(O)(=O)OC[C@@]([H])(COC(=O)CCCCCCCCCCCCCCCCC)OC(=O)CCCCCCCCCCCCCCCCC(C)C,valid,valid,valid_pair
566,[H][C@](COC(=O)CCCCCCCCCCCCCCC)(COC(=O)CCCC\C=C/C\C=C/C\C=C/C\C=C/CC)OC(=O)CCCC\C=C/C\C=C/C\C=C/C\C=C/CC,[H][C@](COC(=O)CCCC\C=C/C\C=C/C\C=C/CCCCC)(COC(=O)CCCC\C=C/C\C=C/C\C=C/C\C=C/CC)OC(=O)CCCCCCC\C=C/CCCCCC,valid,valid,valid_pair
567,[H][C@@](O)(COP(O)(=O)OC[C@@]([H])(COC(=O)CCCCCCCCCCCCCCCCCCC(C)C)OC(=O)CCCCCCCCCCCC(C)C)COP(O)(=O)OC[C@@]([H])(COC(=O)CCCCCCCCC(C)CC)OC(=O)CCCCCCCCCCCCC(C)C,[H][C@](O)(COP(O)(=O)OC[C@@]([H])(COC(=O)CCCCCCCCC(C)C)OC(=O)CCCCCCCCCCCCCCCCC(C)CC)COP(O)(=O)OC[C@@]([H])(COC(=O)CCCCCCCCCCCCCCCCC(C)C)OC(=O)CCCCCCCCCC(C)C,valid,valid,valid_pair
568,[H][C@@](O)(COP(O)(=O)OC[C@@]([H])(COC(=O)CCCCCCCCCCCCCCCC(C)C)OC(=O)CCCCCCCCCCCCCCCCC(C)CC)COP(O)(=O)OC[C@@]([H])(COC(=O)CCCCCCCCCCCCCC)OC(=O)CCCCCCCCCCCCC(C)C,[H][C@@](O)(COP(O)(=O)OC[C@@]([H])(COC(=O)CCCCCCCCCCCCCCCCC(C)C)OC(=O)CCCCCCCCCCCCC(C)CC)COP(O)(=O)OC[C@@]([H])(COC(=O)CCCCCCCCC(C)CC)OC(=O)CCCCCCCCCCCCCCCCC(C)CC,valid,valid,valid_pair
569,[H][C@](COC(=O)CCCCCCCCCCCCCCCC)(COC(=O)CCCCCCCCC(C)C)OC(=O)CCCCCCCCCCCCC(C)CC,CC1(C)C(CCC2(C=O)C1CCC1(C)C2CCC2C3=CC(C)(CCC3(C)CCC12C)C(O)=O)OC1OC(C(O)C(O)C1OC1OCC(O)C(O)C1O)C(O)=O,valid,valid,valid_pair
570,[H][C@@](COC(=O)CCCCCCCCCCCCC(C)C)(COC(=O)CCCCCCCCC(C)CC)OC(=O)CCCCCCCCCCCCCCCCCCCCC,[H][C@](COC(=O)CCCCCCCCCCCCCCCC)(COC(=O)CCCCCCCCCCCCCCCCC(C)C)OC(=O)CCCCCCCCCCC(C)C,valid,valid,valid_pair
571,[H][C@@](O)(COP(O)(=O)OC[C@@]([H])(COC(=O)CCCCCCCCCCCCCCCCCCCC)OC(=O)CCCCCCCCCCCCCCCCCCCCC)COP(O)(=O)OC[C@@]([H])(COC(=O)CCCCCCCCC(C)C)OC(=O)CCCCCCCCCCCC,[H][C@@](O)(COP(O)(=O)OC[C@@]([H])(COC(=O)CCCCCCCCCCCCC(C)C)OC(=O)CCCCCCCCCCCCCCCCCC(C)C)COP(O)(=O)OC[C@@]([H])(COC(=O)CCCCCCCCCCC(C)CC)OC(=O)CCCCCCCCCCCCCCC,valid,valid,valid_pair
572,[H][C@](O)(COP(O)(=O)OC[C@@]([H])(COC(=O)CCCCCCCCC)OC(=O)CCCCCCCCCC)COP(O)(=O)OC[C@@]([H])(COC(=O)CCCCCCCCCCCCCCCCCC(C)C)OC(=O)CCCCCCCCCCCCCCCCCCCCC(C)CC,[H]C(O)(COP(O)(=O)OC[C@@]([H])(COC(=O)CCCCCCCCCC(C)C)OC(=O)CCCCCCCCCCCCCCCCCCC(C)C)COP(O)(=O)OC[C@@]([H])(COC(=O)CCCCCCCCCCCCCCCC(C)C)OC(=O)CCCCCCCCCC(C)C,valid,valid,valid_pair
573,[H]C(O)(COP(O)(=O)OC[C@@]([H])(COC(=O)CCCCCCCCCCCCCCCCCCC(C)C)OC(=O)CCCCCCCCCCC(C)C)COP(O)(=O)OC[C@@]([H])(COC(=O)CCCCCCCCCC(C)C)OC(=O)CCCCCCCCCCCCC(C)C,[H]C(O)(COP(O)(=O)OC[C@@]([H])(COC(=O)CCCCCCCCCC(C)C)OC(=O)CCCCCCCCCCCCCCCC(C)C)COP(O)(=O)OC[C@@]([H])(COC(=O)CCCCCCCCCCCCCCCCC(C)C)OC(=O)CCCCCCCCCC(C)C,valid,valid,valid_pair
574,[H][C@@](O)(COP(O)(=O)OC[C@@]([H])(COC(=O)CCCCCCCCCCCCCCC(C)C)OC(=O)CCCCCCCCCCCCCCCCC(C)C)COP(O)(=O)OC[C@@]([H])(COC(=O)CCCCCCCCCCCC(C)C)OC(=O)CCCCCCCCCCCCCCCC,[H][C@](O)(COP(O)(=O)OC[C@@]([H])(COC(=O)CCCCCCCCCCCC)OC(=O)CCCCCCCCCCCCCCC(C)C)COP(O)(=O)OC[C@@]([H])(COC(=O)CCCCCCCCCCCCCCCC(C)C)OC(=O)CCCCCCCCCCCCCCCCC(C)C,valid,valid,valid_pair
575,[H]C(O)(COP(O)(=O)OC[C@@]([H])(COC(=O)CCCCCCCCCCC(C)CC)OC(=O)CCCCCCCCCCCCCCCCC(C)C)COP(O)(=O)OC[C@@]([H])(COC(=O)CCCCCCCCCC(C)C)OC(=O)CCCCCCCCCCCCCCCCC(C)C,[H][C@@](O)(COP(O)(=O)OC[C@@]([H])(COC(=O)CCCCCCCCCCCCCCCCC)OC(=O)CCCCCCCCCCCCCCCCCCCCC(C)CC)COP(O)(=O)OC[C@@]([H])(COC(=O)CCCCCCCCC(C)C)OC(=O)CCCCCCCCCCCC,valid,valid,valid_pair
576,[H][C@@](COC(=O)CCCCCCCCCCC)(COC(=O)CCCCCCCCCCCCCCC)OC(=O)CCCCCCCCCCCCCC,CCCCC[C@H](O)\C=C\[C@H]1[C@H](O)C[C@H](O)[C@@H]1C\C=C\CCCC(=O)OC[C@@H](O)COC(=O)CCCCCCCCCCCCCCCCCC(C)C,valid,valid,valid_pair
577,[H][C@@](O)(COP(O)(=O)OC[C@@]([H])(COC(=O)CCCCCCCCCCCCCCCCC)OC(=O)CCCCCCCCCCCCCCCCCCCCC)COP(O)(=O)OC[C@@]([H])(COC(=O)CCCCCCCCC(C)CC)OC(=O)CCCCCCCCCCCCCC(C)C,[H][C@@](O)(COP(O)(=O)OC[C@@]([H])(COC(=O)CCCCCCCCCCCCCCCC(C)C)OC(=O)CCCCCCCCCCCCCCCCCC(C)C)COP(O)(=O)OC[C@@]([H])(COC(=O)CCCCCCCCCCCC)OC(=O)CCCCCCCCCCCCC(C)CC,valid,valid,valid_pair
578,[H][C@@](COC(=O)CCCCCCCCCCCCCCCCCCC(C)C)(COC(=O)CCCCCCCCCCC(C)C)OC(=O)CCCCCCCCC,[H][C@](COC(=O)CCCCCCCCCCCC)(COC(=O)CCCCCCCCCCCCCCCCC(C)CC)OC(=O)CCCCCCCCCCC,valid,valid,valid_pair
579,[H][C@](O)(COP(O)(=O)OC[C@@]([H])(COC(=O)CCCCCCCCCC)OC(=O)CCCCCCCCCCC)COP(O)(=O)OC[C@@]([H])(COC(=O)CCCCCCCCCCCCCCCCC(C)CC)OC(=O)CCCCCCCCCCCCCCCCC(C)CC,[H][C@](O)(COP(O)(=O)OC[C@@]([H])(COC(=O)CCCCCCC)OC(=O)CCCCCCCCC(C)C)COP(O)(=O)OC[C@@]([H])(COC(=O)CCCCCCCCCCCCCCCCCC(C)C)OC(=O)CCCCCCCCCCCCCCCCCCCCCCC,valid,valid,valid_pair
580,[H][C@@](O)(COP(O)(=O)OC[C@@]([H])(COC(=O)CCCCCCCCCCCCCCC(C)C)OC(=O)CCCCCCCCCCCCCCCCCCCCC)COP(O)(=O)OC[C@@]([H])(COC(=O)CCCCCCCCCC(C)C)OC(=O)CCCCCCCCCCCCCCCCC,[H][C@@](O)(COP(O)(=O)OC[C@@]([H])(COC(=O)CCCCCCCCCCCCCCCC(C)C)OC(=O)CCCCCCCCCCCCCCCCCCCCCCC)COP(O)(=O)OC[C@@]([H])(COC(=O)CCCCCCCCC(C)CC)OC(=O)CCCCCCCCCCCC(C)C,valid,valid,valid_pair
581,[H][C@](O)(COP(O)(=O)OC[C@@]([H])(COC(=O)CCCCCCCCCCCC)OC(=O)CCCCCCCCCCCCCCCCC(C)C)COP(O)(=O)OC[C@@]([H])(COC(=O)CCCCCCCCCCCCCCCCCCCC)OC(=O)CCCCCCCCCCCCCCCCCCCCC(C)C,[H][C@](O)(COP(O)(=O)OC[C@@]([H])(COC(=O)CCCCCCCCC)OC(=O)CCCCCCCCCCCCCCCCCC(C)C)COP(O)(=O)OC[C@@]([H])(COC(=O)CCCCCCCCCCCCCCCCCCC(C)C)OC(=O)CCCCCCCCCCCCCCCCCCCCC(C)CC,valid,valid,valid_pair
582,[H][C@](COC(=O)CCCCCCCCCCC(C)CC)(COC(=O)CCCCCCCCCC(C)C)OC(=O)CCCCCCCCCCCCCCCCCCCCC,[H][C@@](COC(=O)CCCCCCCCCCCCCC)(COC(=O)CCCCCCCCCC(C)C)OC(=O)CCCCCCCCCCCCCCCCCCC(C)C,valid,valid,valid_pair
583,[H][C@](O)(COP(O)(=O)OC[C@@]([H])(COC(=O)CCCCCCCCCCCC)OC(=O)CCCCCCCCCCCCC)COP(O)(=O)OC[C@@]([H])(COC(=O)CCCCCCCCCCCCC(C)C)OC(=O)CCCCCCCCCCCCCCCCCCCCC(C)C,[H][C@](O)(COP(O)(=O)OC[C@@]([H])(COC(=O)CCCCCCCCCCC)OC(=O)CCCCCCCCCCCCC)COP(O)(=O)OC[C@@]([H])(COC(=O)CCCCCCCCCCCCC(C)CC)OC(=O)CCCCCCCCCCCCCCCCCCCCCCC,valid,valid,valid_pair
584,[H]C(COC(=O)CCCCCCCCC\C=C/C\C=C/CCCCC)(COP(O)(=O)OCCNC)OC(=O)CCCCCCC\C=C/CCCC,[H][C@@](COC(=O)CCCCCCCCCCCCCCCCCC)(COP(O)(O)=O)OC(=O)CCCCCCCC(O)\C=C\C=C\C\C=C\CC,valid,valid,valid_pair
585,[H][C@](O)(COP(O)(=O)OC[C@@]([H])(COC(=O)CCCCCCCCCCC)OC(=O)CCCCCCCCCCCCC(C)CC)COP(O)(=O)OC[C@@]([H])(COC(=O)CCCCCCCCCCCCCCCCC)OC(=O)CCCCCCCCCCCCCCCCC(C)CC,[H][C@@](O)(COP(O)(=O)OC[C@@]([H])(COC(=O)CCCCCCCCCCCCCCCCC(C)CC)OC(=O)CCCCCCCCCCCCCCCCCC(C)C)COP(O)(=O)OC[C@@]([H])(COC(=O)CCCCCCCCCCCC)OC(=O)CCCCCCCCCC(C)C,valid,valid,valid_pair
586,[H][C@@](O)(COP(O)(=O)OC[C@@]([H])(COC(=O)CCCCCCCCCCCCCCCCCCCCCCC)OC(=O)CCCCCCCCCCCCCCCCCCCCCCCC)COP(O)(=O)OC[C@@]([H])(COC(=O)CCCCCCCCCCC)OC(=O)CCCCCCCCCCC(C)CC,[H][C@@](O)(COP(O)(=O)OC[C@@]([H])(COC(=O)CCCCCCCCCCCCCCCCC(C)C)OC(=O)CCCCCCCCCCCCCCCCCCC(C)C)COP(O)(=O)OC[C@@]([H])(COC(=O)CCCCCCCCCCC(C)C)OC(=O)CCCCCCCCCCCCCCCCC(C)C,valid,valid,valid_pair
587,[H][C@@](COC(=O)CC\C=C/C\C=C/C\C=C/C\C=C/C\C=C/CCCCC)(COP(O)(=O)OCCN)OC(=O)CCCCCCCCCCCCCCCCCCC,CCCCC\C=C/C\C=C/C=C/C=C/[C@@H](SC[C@H](N)C(=O)OC[C@@H](O)COC(=O)CCCCCCCCCCCCCCCCCC(C)C)[C@@H](O)CCCC(O)=O,valid,valid,valid_pair
588,[H][C@](O)(COP(O)(=O)OC[C@@]([H])(COC(=O)CCCCCCC)OC(=O)CCCCCCCCCCCCC)COP(O)(=O)OC[C@@]([H])(COC(=O)CCCCCCCCCCC(C)CC)OC(=O)CCCCCCCCCCCCCCCCC(C)C,[H][C@](O)(COP(O)(=O)OC[C@@]([H])(COC(=O)CCCCCCCCCCC)OC(=O)CCCCCCCCCCC)COP(O)(=O)OC[C@@]([H])(COC(=O)CCCCCCCCCCC(C)C)OC(=O)CCCCCCCCCCCCCCCC(C)C,valid,valid,valid_pair
589,[H][C@](O)(COP(O)(=O)OC[C@@]([H])(COC(=O)CCCCCCCCCCC)OC(=O)CCCCCCCCCCCCCCCC(C)C)COP(O)(=O)OC[C@@]([H])(COC(=O)CCCCCCCCCCCCCCCC(C)C)OC(=O)CCCCCCCCCCCCCCCCCCCCC(C)CC,[H][C@@](O)(COP(O)(=O)OC[C@@]([H])(COC(=O)CCCCCCCCCCCCCCCCCCCCCC)OC(=O)CCCCCCCCCCCCCCCCCCCCCCC)COP(O)(=O)OC[C@@]([H])(COC(=O)CCCCCCCCC(C)CC)OC(=O)CCCCCCCCCCC(C)CC,valid,valid,valid_pair
590,[H][C@@](O)(COP(O)(=O)OC[C@@]([H])(COC(=O)CCCCCCCCCCCCCCCC(C)C)OC(=O)CCCCCCCCCCCCCCCCCCCCC(C)C)COP(O)(=O)OC[C@@]([H])(COC(=O)CCCCCCCCC(C)CC)OC(=O)CCCCCCCCCCCCCCCCC,[H][C@](O)(COP(O)(=O)OC[C@@]([H])(COC(=O)CCCCCCCCCCC)OC(=O)CCCCCCCCCCCCC(C)C)COP(O)(=O)OC[C@@]([H])(COC(=O)CCCCCCCCCCCCCCCCCC(C)C)OC(=O)CCCCCCCCCCCCCCCCCCCCC(C)CC,valid,valid,valid_pair
591,[H][C@@](O)(COP(O)(=O)OC[C@@]([H])(COC(=O)CCCCCCCCCCCCCCC(C)C)OC(=O)CCCCCCCCCCCCCCCCCCCCCCC)COP(O)(=O)OC[C@@]([H])(COC(=O)CCCCCCCCCCC(C)CC)OC(=O)CCCCCCCCCCCCC(C)C,[H][C@@](O)(COP(O)(=O)OC[C@@]([H])(COC(=O)CCCCCCCCCCCCCCCCC)OC(=O)CCCCCCCCCCCCCCCCCCCCCCC)COP(O)(=O)OC[C@@]([H])(COC(=O)CCCCCCCCCCC(C)CC)OC(=O)CCCCCCCCCCCCCCC,valid,valid,valid_pair
592,[H]C(O)(COP(O)(=O)OC[C@@]([H])(COC(=O)CCCCCCCCCCCCCCCCCCCCC(C)CC)OC(=O)CCCCCCCCCCC(C)C)COP(O)(=O)OC[C@@]([H])(COC(=O)CCCCCCCCCC(C)C)OC(=O)CCCCCCCCCCC(C)CC,[H][C@](O)(COP(O)(=O)OC[C@@]([H])(COC(=O)CCCCCCC)OC(=O)CCCCCCCCCCCC)COP(O)(=O)OC[C@@]([H])(COC(=O)CCCCCCCCCCCCCCCCCCCCC)OC(=O)CCCCCCCCCCCCCCCCCCCCC(C)C,valid,valid,valid_pair
593,[H]C(O)(COP(O)(=O)OC[C@@]([H])(COC(=O)CCCCCCCCCCC(C)C)OC(=O)CCCCCCCCCCC(C)C)COP(O)(=O)OC[C@@]([H])(COC(=O)CCCCCCC\C=C/C=C\CCCCCC)OC(=O)CCCCCCCCCCCCCC(C)C,[H][C@@](O)(COP(O)(=O)OC[C@@]([H])(COC(=O)CCCCCCCCCCC(C)C)OC(=O)CCCCCCCCCCCCCCC(C)C)COP(O)(=O)OC[C@@]([H])(COC(=O)CCCCCCCCC(C)CC)OC(=O)CCCCCCC\C=C/C=C\CCCCCC,valid,valid,valid_pair
594,[H][C@@](O)(COP(O)(=O)OC[C@@]([H])(COC(=O)CCCCCCCCCCCCCCCCCCC(C)C)OC(=O)CCCCCCCCCCCCCCCCCCCCCCC)COP(O)(=O)OC[C@@]([H])(COC(=O)CCCCCCCCC(C)C)OC(=O)CCCCCCCCC(C)C,[H][C@@](O)(COP(O)(=O)OC[C@@]([H])(COC(=O)CCCCCCCCCCCCCCC(C)C)OC(=O)CCCCCCCCCCCCCCCCCCC(C)C)COP(O)(=O)OC[C@@]([H])(COC(=O)CCCCCCCCCCCCC)OC(=O)CCCCCCCCCCCCC(C)C,valid,valid,valid_pair
595,[H][C@](O)(COP(O)(=O)OC[C@@]([H])(COC(=O)CCCCCCC)OC(=O)CCCCCCCCCCCCCCCC(C)C)COP(O)(=O)OC[C@@]([H])(COC(=O)CCCCCCCCCCCCCCCCCC(C)C)OC(=O)CCCCCCCCCCCCCCCCCCCCC(C)CC,[H][C@@](O)(COP(O)(=O)OC[C@@]([H])(COC(=O)CCCCCCCCCCCCCCCCC(C)C)OC(=O)CCCCCCCCCCCCCCCCC(C)C)COP(O)(=O)OC[C@@]([H])(COC(=O)CCCCCCCCCCCCC(C)C)OC(=O)CCCCCCCCCCCCC(C)CC,valid,valid,valid_pair
596,[H][C@](O)(COP(O)(=O)OC[C@@]([H])(COC(=O)CCCCCCCCCCCCC)OC(=O)CCCCCCCCCCCCC)COP(O)(=O)OC[C@@]([H])(COC(=O)CCCCCCCCCCCCCCCC(C)C)OC(=O)CCCCCCCCCCCCCCCCC(C)CC,[H][C@@](O)(COP(O)(=O)OC[C@@]([H])(COC(=O)CCCCCCCCCCCCCCCC(C)C)OC(=O)CCCCCCCCCCCCCCCCC(C)C)COP(O)(=O)OC[C@@]([H])(COC(=O)CCCCCCCCCCCCC)OC(=O)CCCCCCCCCCCC(C)C,valid,valid,valid_pair
597,[H][C@](O)(COP(O)(=O)OC[C@@]([H])(COC(=O)CCCCCCCCCCC)OC(=O)CCCCCCCCCCCCC(C)C)COP(O)(=O)OC[C@@]([H])(COC(=O)CCCCCCCCCCCCC(C)C)OC(=O)CCCCCCCCCCCCCCCCCCCCC,[H][C@](O)(COP(O)(=O)OC[C@@]([H])(COC(=O)CCCCCCC)OC(=O)CCCCCCC)COP(O)(=O)OC[C@@]([H])(COC(=O)CCCCCCCCCCCCCCCCCCCCCCCC)OC(=O)CCCCCCCCCCCCCCCCCCCCC(C)CC,valid,valid,valid_pair
598,[H][C@@](O)(COP(O)(=O)OC[C@@]([H])(COC(=O)CCCCCCCCCCCCCCC(C)C)OC(=O)CCCCCCCCCCCCCCCCCCCCC(C)CC)COP(O)(=O)OC[C@@]([H])(COC(=O)CCCCCCCCCCC(C)C)OC(=O)CCCCCCCCCCCCCCCCC,[H]C(O)(COP(O)(=O)OC[C@@]([H])(COC(=O)CCCCCCCCCCCCCCCCCCCCC(C)C)OC(=O)CCCCCCCCCCCCCC(C)C)COP(O)(=O)OC[C@@]([H])(COC(=O)CCCCCCCCC(C)C)OC(=O)CCCCCCCCCCCCCCCCCCC(C)C,valid,valid,valid_pair
599,[H][C@@](O)(COP(O)(=O)OC[C@@]([H])(COC(=O)CCCCCCCCCCCCC(C)C)OC(=O)CCCCCCCCCCCCCCCCCC(C)C)COP(O)(=O)OC[C@@]([H])(COC(=O)CCCCCCCCC(C)C)OC(=O)CCCCCCCCCCCC(C)C,[H]C(O)(COP(O)(=O)OC[C@@]([H])(COC(=O)CCCCCCCCCCCCCC(C)C)OC(=O)CCCCCCCCCCCCCCCCCC(C)C)COP(O)(=O)OC[C@@]([H])(COC(=O)CCCCCCCCCC(C)C)OC(=O)CCCCCCCCC(C)CC,valid,valid,valid_pair
600,[H][C@@](COC(=O)CCCCCCCCCCCCC)(COC(=O)CCCCCCCCCCCCCCCCCCC)OC(=O)CCCCCCCCCCCCCCCC(C)C,[H][C@](COC(=O)CCCCCCCCCCCCC)(COC(=O)CCCCCCCCCCCCCCCCC)OC(=O)CCCCCCCCCCCCCCCCC(C)CC,valid,valid,valid_pair
601,[H][C@@](O)(COP(O)(=O)OC[C@@]([H])(COC(=O)CCCCCCCCCCCCC(C)C)OC(=O)CCCCCCCCCCCCCCCCCCCCC(C)CC)COP(O)(=O)OC[C@@]([H])(COC(=O)CCCCCCCCC(C)C)OC(=O)CCCCCCCCCCC(C)C,[H][C@@](O)(COP(O)(=O)OC[C@@]([H])(COC(=O)CCCCCCCCCCCCCCCCC)OC(=O)CCCCCCCCCCCCCCCCCCCCCCC)COP(O)(=O)OC[C@@]([H])(COC(=O)CCCCCCCCC(C)C)OC(=O)CCCCCCCCCCCC,valid,valid,valid_pair
602,CC(CCC(=O)NC(CCCNC(N)=O)C(O)=O)C1CCC2C3CCC4CC(O)CCC4(C)C3CC(O)C12C,CCCCCCCC(=O)OC[C@@H](O)COC(=O)CCC[C@H](O)[C@@H](O)\C=C/C=C\C=C\C=C\[C@H](O)C\C=C/CC,valid,valid,valid_pair
603,[H][C@](O)(COP(O)(=O)OC[C@@]([H])(COC(=O)CCCCCCC)OC(=O)CCCCCCCCC(C)CC)COP(O)(=O)OC[C@@]([H])(COC(=O)CCCCCCCCCCCCCCCCCCCCC)OC(=O)CCCCCCCCCCCCCCCCCCCCCC,[H][C@@](O)(COP(O)(=O)OC[C@@]([H])(COC(=O)CCCCCCCCCCC(C)C)OC(=O)CCCCCCCCCCCCCCCCCCCCCCC)COP(O)(=O)OC[C@@]([H])(COC(=O)CCCCCCCCCCCCC)OC(=O)CCCCCCCCCCC(C)C,valid,valid,valid_pair
604,[H][C@](O)(COP(O)(=O)OC[C@@]([H])(COC(=O)CCCCCCC)OC(=O)CCCCCCCCCCCCC(C)C)COP(O)(=O)OC[C@@]([H])(COC(=O)CCCCCCCCCCCCCCCCC(C)C)OC(=O)CCCCCCCCCCCCCCCCCCC(C)C,[H][C@](O)(COP(O)(=O)OC[C@@]([H])(COC(=O)CCCCCCCCC)OC(=O)CCCCCCCCCCCCCCC(C)C)COP(O)(=O)OC[C@@]([H])(COC(=O)CCCCCCCCCCCCCCCCCC)OC(=O)CCCCCCCCCCCCCCCC(C)C,valid,valid,valid_pair
605,[H][C@](O)(COP(O)(=O)OC[C@@]([H])(COC(=O)CCCCCCCCC)OC(=O)CCCCCCCCCCC(C)C)COP(O)(=O)OC[C@@]([H])(COC(=O)CCCCCCCCCCCCC(C)C)OC(=O)CCCCCCCCCCCCC(C)C,[H][C@](O)(COP(O)(=O)OC[C@@]([H])(COC(=O)CCCCCCCCCC)OC(=O)CCCCCCCCCC)COP(O)(=O)OC[C@@]([H])(COC(=O)CCCCCCCCCCCC)OC(=O)CCCCCCCCCCCCCCCCCC(C)C,valid,valid,valid_pair
606,[H][C@@](O)(COP(O)(=O)OC[C@@]([H])(COC(=O)CCCCCCCCCCCCCCCCCC)OC(=O)CCCCCCCCCCCCCCCCCCC(C)C)COP(O)(=O)OC[C@@]([H])(COC(=O)CCCCCCCCCCC(C)C)OC(=O)CCCCCCCCCCCCCCC(C)C,[H][C@@](O)(COP(O)(=O)OC[C@@]([H])(COC(=O)CCCCCCCCCCCCCCCC(C)C)OC(=O)CCCCCCCCCCCCCCCCCCCCC)COP(O)(=O)OC[C@@]([H])(COC(=O)CCCCCCCCCCCCCCC)OC(=O)CCCCCCCCCCCCC(C)C,valid,valid,valid_pair
607,[H][C@](O)(COP(O)(=O)OC[C@@]([H])(COC(=O)CCCCCCCCC)OC(=O)CCCCCCCCCCCCCCCCCCC)COP(O)(=O)OC[C@@]([H])(COC(=O)CCCCCCCCCCCCCCCCCC(C)C)OC(=O)CCCCCCCCCCCCCCCCCCCCC(C)C,[H][C@@](O)(COP(O)(=O)OC[C@@]([H])(COC(=O)CCCCCCCCCCCCCCCC(C)C)OC(=O)CCCCCCCCCCCCCCCCCCCCCC)COP(O)(=O)OC[C@@]([H])(COC(=O)CCCCCCCCCCCCCCC)OC(=O)CCCCCCCCCCCCCC(C)C,valid,valid,valid_pair
