0,1,2,mass1,mass2,mass_diff
1,[H][C@@](O)(COP(O)(=O)OC[C@@]([H])(COC(=O)CCCCCCCCCCC(C)CC)OC(=O)CCCCCCCCCCCC(C)C)COP(O)(=O)OC[C@@]([H])(COC(=O)CCCCCCCCC(C)CC)OC(=O)CCCCCCCCCCCCCCC(C)C,[H][C@](O)(COP(O)(=O)OC[C@@]([H])(COC(=O)CCCCCCCCCCC)OC(=O)CCCCCCCCCCC)COP(O)(=O)OC[C@@]([H])(COC(=O)CCCCCCCCCCCCCCCCC)OC(=O)CCCCCCCCCCCCCCCC(C)C,1311.789,1311.789,0
2,[H][C@@](O)(COP(O)(=O)OC[C@@]([H])(COC(=O)CCCCCCCCCCCC(C)C)OC(=O)CCCCCCCCCCCCC(C)CC)COP(O)(=O)OC[C@@]([H])(COC(=O)CCCCCCCCC(C)C)OC(=O)CCCCCCCCCCCC,[H][C@](O)(COP(O)(=O)OC[C@@]([H])(COC(=O)CCCCCCCCCCCC)OC(=O)CCCCCCCCCCCCC)COP(O)(=O)OC[C@@]([H])(COC(=O)CCCCCCCCCCC(C)C)OC(=O)CCCCCCCCCCCCC(C)C,1255.681,1255.681,2.27E-13
3,[H][C@@](COC(=O)CCCCCCCCCCCCCCCCCCCCCCC)(COP(O)(O)=O)OC(=O)CCCCCCC[C@H](O)[C@@H](O)C\C=C/CCCCC,CCCCC[C@H](O)\C=C\[C@@H]1[C@@H](C\C=C/CCCC(=O)OC[C@H](COP(O)(O)=O)OC(=O)CCCCC\C=C/C\C=C/C\C=C/C\C=C/C\C=C/CC)[C@@H](O)CC1=O,819.155,819.026,0.129
4,[H][C@](O)(COP(O)(=O)OC[C@@]([H])(COC(=O)CCCCCCC\C=C/C\C=C/CCCCC)OC(=O)CCCCCCC\C=C/CCCCCCCC)COP(O)(=O)OC[C@@]([H])(COC(=O)CCCCCCC\C=C/C=C\CCCCCC)OC(=O)CCCCCCC\C=C/C\C=C/CCCCC,[H][C@@](O)(COP(O)(=O)OC[C@@]([H])(COC(=O)CCCCCCCCCCCCCCCCC)OC(=O)CCCCCCCCCCCCCCCCCC(C)C)COP(O)(=O)OC[C@@]([H])(COC(=O)CCCCCCCCCCC(C)CC)OC(=O)CCCCCCCCCCCCCCCC,1451.974,1452.059,0.085
5,[H][C@](COC(=O)CCCCCCCCCCCCC)(COC(=O)CCCCCCCCCCCCCCCCCCC)OC(=O)CCCCCCCCCCCCCCCC,[H][C@](COC(=O)CCCCCCCCCCCCCCCCCCCC)(COC(=O)CCCCCCCCCCCCCCC(C)C)OC(=O)CCCCCCCCCCC,849.42,849.42,1.14E-13
6,[H]C(O)(COP(O)(=O)OC[C@@]([H])(COC(=O)CCCCCCCCCCCCCCC(C)C)OC(=O)CCCCCCCCCCCC(C)C)COP(O)(=O)OC[C@@]([H])(COC(=O)CCCCCCCCCCC(C)C)OC(=O)CCCCCCCCCCCC(C)C,[H]C(O)(COP(O)(=O)OC[C@@]([H])(COC(=O)CCCCCCCCCC(C)C)OC(=O)CCCCCCCCCCCCCCCCCCC(C)C)COP(O)(=O)OC[C@@]([H])(COC(=O)CCCCCCCCC(C)C)OC(=O)CCCCCCCCCCCC(C)C,1325.816,1325.816,0
7,[H][C@](O)(COP(O)(=O)OC[C@@]([H])(COC(=O)CCCCCCCCCCC)OC(=O)CCCCCCCCCCCC(C)C)COP(O)(=O)OC[C@@]([H])(COC(=O)CCCCCCCCCCCC(C)C)OC(=O)CCCCCCCCCCCCCCCCC,[H][C@](O)(COP(O)(=O)OC[C@@]([H])(COC(=O)CCCCCCCCCC)OC(=O)CCCCCCCCCCC(C)C)COP(O)(=O)OC[C@@]([H])(COC(=O)CCCCCCCCCCCCCC(C)C)OC(=O)CCCCCCCCCCCCCCCCC,1297.762,1297.762,0
8,[H][C@](O)(COP(O)(=O)OC[C@@]([H])(COC(=O)CCCCCCCCC)OC(=O)CCCCCCCCCCCCC(C)C)COP(O)(=O)OC[C@@]([H])(COC(=O)CCCCCCCCCCCCCCCCCC(C)C)OC(=O)CCCCCCCCCCCCCCCCCCCCCCCC,[H][C@](O)(COP(O)(=O)OC[C@@]([H])(COC(=O)CCCCCCCCCCC)OC(=O)CCCCCCCCCCCCCCC(C)C)COP(O)(=O)OC[C@@]([H])(COC(=O)CCCCCCCCCCCCCCCCCCC)OC(=O)CCCCCCCCCCCCCCCCCCC(C)C,1466.086,1466.086,0
9,[H][C@](COC(=O)CCCCCCCCC)(COC(=O)CCCCCCCCCCCCCCCCCC)OC(=O)CCCCCCCCCC(C)C,[H][C@](COC(=O)CCCCCCCCC)(COC(=O)CCCCCCCCCCCCCCC(C)C)OC(=O)CCCCCCCCCCCCC,723.177,723.177,2.27E-13
10,[H][C@](O)(COP(O)(=O)OC[C@@]([H])(COC(=O)CCCCCCCCC)OC(=O)CCCCCCCCCCCC)COP(O)(=O)OC[C@@]([H])(COC(=O)CCCCCCCCCCCC(C)C)OC(=O)CCCCCCCCCCCCCCCCCC(C)C,[H][C@](O)(COP(O)(=O)OC[C@@]([H])(COC(=O)CCCCCCCCC)OC(=O)CCCCCCCCCCCC)COP(O)(=O)OC[C@@]([H])(COC(=O)CCCCCCCCCCCCCCC)OC(=O)CCCCCCCCCCCCCCCCCCC,1283.735,1283.735,2.27E-13
11,[H][C@@](O)(COP(O)(=O)OC[C@@]([H])(COC(=O)CCCCCCCCCC(C)C)OC(=O)CCCCCCCCCCCCCCCCCC(C)C)COP(O)(=O)OC[C@@]([H])(COC(=O)CCCCCCCCC(C)C)OC(=O)CCCCCCCCCCCCCCC(C)C,[H][C@@](O)(COP(O)(=O)OC[C@@]([H])(COC(=O)CCCCCCCCCCCCCCCC(C)C)OC(=O)CCCCCCCCCCC(C)CC)COP(O)(=O)OC[C@@]([H])(COC(=O)CCCCCCCCC(C)CC)OC(=O)CCCCCCCCCCCCCC(C)C,1353.87,1353.87,0
12,CCCCCCCCCC1=CC=CC=C1OCCO,NC1=NC=NC2=C1N=CN2C(OC(CO)C=O)C=O,264.409,265.229,0.82
13,[H][C@](O)(COP(O)(=O)OC[C@@]([H])(COC(=O)CCCCCCCCCC)OC(=O)CCCCCCCCCCCC)COP(O)(=O)OC[C@@]([H])(COC(=O)CCCCCCCCCCCCC)OC(=O)CCCCCCCCCCCCC,[H][C@](O)(COP(O)(=O)OC[C@@]([H])(COC(=O)CCCCCCCCC)OC(=O)CCCCCCCCCC(C)C)COP(O)(=O)OC[C@@]([H])(COC(=O)CCCCCCCCCCC(C)C)OC(=O)CCCCCCCCCCCC(C)C,1185.546,1185.546,0
14,[H]C(O)(COP(O)(=O)OC[C@@]([H])(COC(=O)CCCCCCCCCC(C)C)OC(=O)CCCCCCCCCCCCCCCCC(C)C)COP(O)(=O)OC[C@@]([H])(COC(=O)CCCCCCCCCCCCCC(C)C)OC(=O)CCCCCCCCC(C)CC,[H][C@@](O)(COP(O)(=O)OC[C@@]([H])(COC(=O)CCCCCCCCCCCCC(C)CC)OC(=O)CCCCCCCCCCCCCCCCC(C)CC)COP(O)(=O)OC[C@@]([H])(COC(=O)CCCCCCCCC(C)C)OC(=O)CCCCCCCCCCCC,1339.843,1339.843,2.27E-13
15,[H][C@@](O)(COP(O)(=O)OC[C@@]([H])(COC(=O)CCCCCCCCCCCCCCCCCC)OC(=O)CCCCCCCCCCCCCCCCCCC)COP(O)(=O)OC[C@@]([H])(COC(=O)CCCCCCCCC(C)C)OC(=O)CCCCCCCCCCC(C)CC,[H][C@](O)(COP(O)(=O)OC[C@@]([H])(COC(=O)CCCCCCC)OC(=O)CCCCCCCCCCCC)COP(O)(=O)OC[C@@]([H])(COC(=O)CCCCCCCCCCCCCCCCCCCC)OC(=O)CCCCCCCCCCCCCCCCCCCCC(C)C,1381.924,1381.924,2.27E-13
16,[H][C@](O)(COP(O)(=O)OC[C@@]([H])(COC(=O)CCCCCCCCCCCCCC)OC(=O)CCCCCCCCCCCCCCC)COP(O)(=O)OC[C@@]([H])(COC(=O)CCCCCCCCCCCCCCCCCC)OC(=O)CCCCCCCCCCCCCCCCCCC(C)C,[H][C@@](O)(COP(O)(=O)OC[C@@]([H])(COC(=O)CCCCCCCCCCCCCCCCCCCCC(C)C)OC(=O)CCCCCCCCCCCCCCCCC(C)C)COP(O)(=O)OC[C@@]([H])(COC(=O)CCCCCCCCC(C)CC)OC(=O)CCCCCCCCCCCC(C)C,1466.086,1466.086,0
17,[H][C@@](COC(=O)CCCCCCCCCCCCCCC)(COC(=O)CCCCCCCCC(C)C)OC(=O)CCCCCCCCCCCCCCCCCC,[H][C@@](COC(=O)CCCCCCCCCCCCC(C)CC)(COC(=O)CCCCCCCCC(C)C)OC(=O)CCCCCCCCCCCCCCC(C)C,793.312,793.312,1.14E-13
18,[H][C@@](O)(COP(O)(=O)OC[C@@]([H])(COC(=O)CCCCCCCCCCCCCCCCC(C)C)OC(=O)CCCCCCCCCCC(C)CC)COP(O)(=O)OC[C@@]([H])(COC(=O)CCCCCCCCC(C)C)OC(=O)CCCCCCCCCCC(C)C,[H][C@](O)(COP(O)(=O)OC[C@@]([H])(COC(=O)CCCCCCCCCCC)OC(=O)CCCCCCCCCCC)COP(O)(=O)OC[C@@]([H])(COC(=O)CCCCCCCCCCCCCC(C)C)OC(=O)CCCCCCCCCCCCCCCCCCC,1311.789,1311.789,6.82E-13
19,[H][C@@](COC(=O)CCCCCCCCCCCCCCCCCCCCC(C)C)(COC(=O)CCCCCCCCCCC(C)CC)OC(=O)CCCCCCCCCCCCCCC,CCCCC[C@H](O)\C=C\[C@H]1[C@H](O)CC(=O)[C@@H]1CCCCCCC(=O)O[C@H](COC(=O)CCCCCCCCCCCCCCCCCCC(C)C)COP(O)(=O)OC[C@@H](O)CO,905.528,905.201,0.327
20,[H][C@@](CO\C=C\CCCCCCCCCCCCCCCC)(COP([O-])(=O)OCC[N+](C)(C)C)OC(=O)CCC\C=C/C\C=C/C\C=C/C\C=C/C=C/[C@H](O)CC,[H][C@](COC(=O)CCCCCCCCCCCCCC)(COC(=O)CCCCCCCCCCCCC(C)CC)OC(=O)CCCCCCCCCCCCCCC,808.135,807.339,0.796
21,[H][C@](O)(COP(O)(=O)OC[C@@]([H])(COC(=O)CCCCCCCCCCC)OC(=O)CCCCCCCCCCCCCC)COP(O)(=O)OC[C@@]([H])(COC(=O)CCCCCCCCCCCCCCC)OC(=O)CCCCCCCCCCCCCCCCCCC,[H][C@@](O)(COP(O)(=O)OC[C@@]([H])(COC(=O)CCCCCCCCCCCCC(C)C)OC(=O)CCCCCCCCCCCCCCCCCC)COP(O)(=O)OC[C@@]([H])(COC(=O)CCCCCCCCCCC(C)C)OC(=O)CCCCCCCCCCC(C)C,1339.843,1339.843,4.55E-13
22,[H][C@@](O)(COP(O)(=O)OC[C@@]([H])(COC(=O)CCCCCCCCCCCCCCCCCC)OC(=O)CCCCCCCCCCCCCCCCCCCCC)COP(O)(=O)OC[C@@]([H])(COC(=O)CCCCCCCCCCCCCC)OC(=O)CCCCCCCCCCCCC(C)CC,[H][C@@](O)(COP(O)(=O)OC[C@@]([H])(COC(=O)CCCCCCC\C=C/CCCCCCCC)OC(=O)CCCCCCCCC\C=C/CCCCCC)COP(O)(=O)OC[C@@]([H])(COC(=O)CCCCCCCCCCCCCCC)OC(=O)CC\C=C/C\C=C/C\C=C/C\C=C/C\C=C/CCCCC,1480.113,1480.028,0.085
23,[H][C@@](O)(COP(O)(=O)OC[C@@]([H])(COC(=O)CCCCCCCCCCC(C)CC)OC(=O)CCCCCCCCCCCCCCCCCC(C)C)COP(O)(=O)OC[C@@]([H])(COC(=O)CCCCCCCCC(C)CC)OC(=O)CCCCCCCCCCCCCCCCCCCCC(C)CC,[H][C@](O)(COP(O)(=O)OC[C@@]([H])(COC(=O)CCCCCCCCCCCCCC)OC(=O)CCCCCCCCCCCCCCCCC)COP(O)(=O)OC[C@@]([H])(COC(=O)CCCCCCCCCCCCCCCC(C)C)OC(=O)CCCCCCCCCCCCCCCCCCCCC,1494.14,1494.14,0
24,[H][C@](O)(COP(O)(=O)OC[C@@]([H])(COC(=O)CCCCCCCCCC)OC(=O)CCCCCCCCCCCCC(C)CC)COP(O)(=O)OC[C@@]([H])(COC(=O)CCCCCCCCCCCCCCCCCC(C)C)OC(=O)CCCCCCCCCCCCCCCCCCCCC(C)CC,[H][C@](O)(COP(O)(=O)OC[C@@]([H])(COC(=O)CCCCCCCCCC)OC(=O)CCCCCCCCCCCCCCCC)COP(O)(=O)OC[C@@]([H])(COC(=O)CCCCCCCCCCCCCCCCC(C)CC)OC(=O)CCCCCCCCCCCCCCCCCCCCC(C)CC,1494.14,1494.14,2.27E-13
25,[H]C(O)(COP(O)(=O)OC[C@@]([H])(COC(=O)CCCCCCCCCCCCCCC(C)C)OC(=O)CCCCCCCCCCCC(C)C)COP(O)(=O)OC[C@@]([H])(COC(=O)CCCCCCCCCC(C)C)OC(=O)CCCCCCCCCCCCCCC(C)C,[H]C(O)(COP(O)(=O)OC[C@@]([H])(COC(=O)CCCCCCCCCC(C)C)OC(=O)CCCCCCCCCCCCC(C)CC)COP(O)(=O)OC[C@@]([H])(COC(=O)CCCCCCCCCCCCCCCCCC(C)C)OC(=O)CCCCCCCCCC(C)C,1353.87,1353.87,0
26,CC(C)C1=CCC(C)C=C1,C[N+]1=CC=CC(=C1)C(N)=O,136.238,137.162,0.924
27,[H][C@](O)(COP(O)(=O)OC[C@@]([H])(COC(=O)CCCCCCCCCC)OC(=O)CCCCCCCCCCCCCCC)COP(O)(=O)OC[C@@]([H])(COC(=O)CCCCCCCCCCCCCCCCCCC(C)C)OC(=O)CCCCCCCCCCCCCCCCCCC(C)C,[H][C@](O)(COP(O)(=O)OC[C@@]([H])(COC(=O)CCCCCCCCCCC)OC(=O)CCCCCCCCCCCCCC)COP(O)(=O)OC[C@@]([H])(COC(=O)CCCCCCCCCCCCCCCC(C)C)OC(=O)CCCCCCCCCCCCCCCCCCCCC(C)CC,1452.059,1452.059,0
28,[H][C@](O)(COP(O)(=O)OC[C@@]([H])(COC(=O)CCCCCCCCCCCC)OC(=O)CCCCCCCCCCCCCCCC)COP(O)(=O)OC[C@@]([H])(COC(=O)CCCCCCCCCCCCCCCC)OC(=O)CCCCCCCCCCCCCCCC,[H]C(O)(COP(O)(=O)OC[C@@]([H])(COC(=O)CCCCCCCCCC(C)C)OC(=O)CCCCCCCCCCC(C)C)COP(O)(=O)OC[C@@]([H])(COC(=O)CCCCCCCCC(C)C)OC(=O)CCCCCCCCCCCCCCCCCCCCC(C)CC,1353.87,1353.87,6.82E-13
29,[H][C@](O)(COP(O)(=O)OC[C@@]([H])(COC(=O)CCCCCCC)OC(=O)CCCCCCCCCCCCCCCC(C)C)COP(O)(=O)OC[C@@]([H])(COC(=O)CCCCCCCCCCCCCCCCCCCCC)OC(=O)CCCCCCCCCCCCCCCCCCCCC,[H][C@@](O)(COP(O)(=O)OC[C@@]([H])(COC(=O)CCCCCCCCCCCCCC(C)C)OC(=O)CCCCCCCCCCCCCCCCC(C)CC)COP(O)(=O)OC[C@@]([H])(COC(=O)CCCCCCCCCCCCCCC)OC(=O)CCCCCCCCCCCCCC(C)C,1452.059,1452.059,2.27E-13
30,[H][C@](O)(COP(O)(=O)OC[C@@]([H])(COC(=O)CCCCCCCCCCCCCCC)OC(=O)CCCCCCCCCCCCCCCCCCC)COP(O)(=O)OC[C@@]([H])(COC(=O)CCCCCCCCCCCCCCCCC(C)CC)OC(=O)CCCCCCCCCCCCCCCCCCCCCC,[H][C@@](O)(COP(O)(=O)OC[C@@]([H])(COC(=O)CCCCCCCCCCCCCCCCCCCCCC)OC(=O)CCCCCCCCCCCCCCCCCCCCC(C)C)COP(O)(=O)OC[C@@]([H])(COC(=O)CCCCCCCCCCCCC(C)C)OC(=O)CCCCCCCCCCCCC(C)CC,1578.302,1578.302,2.27E-13
31,[H][C@@](O)(COP(O)(=O)OC[C@@]([H])(COC(=O)CCCCCCCCC(C)C)OC(=O)CCCCCCCCCCCCCCCC(C)C)COP(O)(=O)OC[C@@]([H])(COC(=O)CCCCCCCCC(C)CC)OC(=O)CCCCCCCCCCC(C)CC,[H][C@](O)(COP(O)(=O)OC[C@@]([H])(COC(=O)CCCCCCCCC(C)CC)OC(=O)CCCCCCCCCCCCCCCCC(C)C)COP(O)(=O)OC[C@@]([H])(COC(=O)CCCCCCCCCCC(C)C)OC(=O)CCCCCCCCC(C)C,1283.735,1283.735,2.27E-13
32,[H][C@](O)(COP(O)(=O)OC[C@@]([H])(COC(=O)CCCCCCCCC)OC(=O)CCCCCCCCCCCCCCCCC)COP(O)(=O)OC[C@@]([H])(COC(=O)CCCCCCCCCCCCCCCCCCC(C)C)OC(=O)CCCCCCCCCCCCCCCCCCCCCC,[H][C@@](O)(COP(O)(=O)OC[C@@]([H])(COC(=O)CCCCCCCCCCCCCCCCCC(C)C)OC(=O)CCCCCCCCCCCCCCCCCCCCC)COP(O)(=O)OC[C@@]([H])(COC(=O)CCCCCCCCCCC(C)C)OC(=O)CCCCCCCCCCCCC(C)C,1480.113,1480.113,2.27E-13
33,[H][C@@](COC(=O)CCCCCCCCCCCCCCCCCCCCC)(COC(=O)CCCCCCCCC(C)CC)OC(=O)CCCCCCCCCCCCCCCCC,[H][C@@](COC(=O)CCCCCCCCCCCCCCC)(COC(=O)CCCCCCCCCCCC(C)C)OC(=O)CCCCCCCCCCCCCCCCCCCCC,877.474,877.474,1.14E-13
34,[H][C@](O)(COP(O)(=O)OC[C@@]([H])(COC(=O)CCCCCCCCCCCCC)OC(=O)CCCCCCCCCCCCC)COP(O)(=O)OC[C@@]([H])(COC(=O)CCCCCCCCCCCCC)OC(=O)CCCCCCCCCCCCCCCCCCC(C)C,[H][C@@](O)(COP(O)(=O)OC[C@@]([H])(COC(=O)CCCCCCCCCCCCCC)OC(=O)CCCCCCCCCCCCCCCCCCCCC(C)CC)COP(O)(=O)OC[C@@]([H])(COC(=O)CCCCCCCCCC)OC(=O)CCCCCCCCC(C)CC,1353.87,1353.87,0
35,[H][C@](O)(COP(O)(=O)OC[C@@]([H])(COC(=O)CCCCCCCCCCCCCCC)OC(=O)CCCCCCCCCCCCCCCC)COP(O)(=O)OC[C@@]([H])(COC(=O)CCCCCCCCCCCCCCCCCCC)OC(=O)CCCCCCCCCCCCCCCCC(C)C,[H][C@@](O)(COP(O)(=O)OC[C@@]([H])(COC(=O)CCCCCCCCCCCCCCCCC)OC(=O)CCCCCCCCCCCCCCCCCCCCCC)COP(O)(=O)OC[C@@]([H])(COC(=O)CCCCCCCCCCC(C)CC)OC(=O)CCCCCCCCCCCCCC(C)C,1480.113,1480.113,2.27E-13
36,[H][C@](COC(=O)CCCCCCCCCCCCCCCCCCCCC(C)CC)(COC(=O)CCCCCCCCCC(C)C)OC(=O)CCCCCCCCCCCCC(C)C,[H][C@@](COC(=O)CCCCCCC)(COC(=O)CCCCCCCCCCCCCCCCCCCCC(C)CC)OC(=O)CCCCCCCCCCCCCCCCCCCC,891.501,891.501,1.14E-13
37,[H][C@](O)(COP(O)(=O)OC[C@@]([H])(COC(=O)CCCCCCC)OC(=O)CCCCCCCCC(C)CC)COP(O)(=O)OC[C@@]([H])(COC(=O)CCCCCCCCCCCCCCCC(C)C)OC(=O)CCCCCCCCCCCCCCCCCCCCC(C)CC,[H]C(O)(COP(O)(=O)OC[C@@]([H])(COC(=O)CCCCCCCCCCCCCC(C)C)OC(=O)CCCCCCCCCCCCCCC(C)C)COP(O)(=O)OC[C@@]([H])(COC(=O)CCCCCCCCCC(C)C)OC(=O)CCCCCCCCCCCCCC(C)C,1367.897,1367.897,4.55E-13
38,CCCCC[C@H](O)\C=C\[C@H]1[C@H](O)CC(=O)[C@@H]1CCCCCCC(=O)OC[C@H](COP(O)(=O)OC[C@@H](O)CO)OC(=O)CCCCCCCCC(C)C,[H][C@@](COC(=O)CCCCCCCCCCCCCCCCCC)(COC(=O)CCCCCCCCCCCCC(C)C)OC(=O)CCCCCCCCC,764.931,765.258,0.327
39,[H][C@@](COC(=O)CCCCCCCCCCCCCCCC)(COC(=O)CCCCCCCCCCCCCCCCCCC(C)C)OC(=O)CCCCCCCCC,[H][C@@](COC(=O)CCCCCCCCCCCCCCCC)(COC(=O)CCCCCCCCCCCCCC(C)C)OC(=O)CCCCCCCCCCC(C)CC,821.366,821.366,1.14E-13
40,[H][C@](O)(COP(O)(=O)OC[C@@]([H])(COC(=O)CCCCCCCCCCCCC)OC(=O)CCCCCCCCCCCCCCCCC(C)C)COP(O)(=O)OC[C@@]([H])(COC(=O)CCCCCCCCCCCCCCCCCC(C)C)OC(=O)CCCCCCCCCCCCCCCCCCCCC,[H][C@@](O)(COP(O)(=O)OC[C@@]([H])(COC(=O)CCCCCCCCCCCCCCCCCCCCC)OC(=O)CCCCCCCCCCCCCCCCCCCCCCC)COP(O)(=O)OC[C@@]([H])(COC(=O)CCCCCCCCC(C)C)OC(=O)CCCCCCCCCCCCCCCC(C)C,1536.221,1536.221,4.55E-13
41,[H]C(O)(COP(O)(=O)OC[C@@]([H])(COC(=O)CCCCCCCCCCCCCCCCCCCCC(C)C)OC(=O)CCCCCCCCCCCCC(C)CC)COP(O)(=O)OC[C@@]([H])(COC(=O)CCCCCCCCCCC(C)C)OC(=O)CCCCCCCCC(C)C,[H][C@](O)(COP(O)(=O)OC[C@@]([H])(COC(=O)CCCCCCC)OC(=O)CCCCCCCCCCC(C)C)COP(O)(=O)OC[C@@]([H])(COC(=O)CCCCCCCCCCCCCCCCCCC(C)C)OC(=O)CCCCCCCCCCCCCCCCCCCCCC,1395.951,1395.951,2.27E-13
42,CCCCC[C@H](O)\C=C\[C@@H]1[C@@H](O)[C@@H](O)[C@H]2OP(O)(=O)OC[C@@H](COC(=O)CCC\C=C/C[C@@H]([C@@H](O)CC1=O)[C@@H](O)[C@H](O)[C@H]2O)OC(=O)CC\C=C/C\C=C/C\C=C/C\C=C/C\C=C/C\C=C/CC,[H][C@@](COC(=O)CCC\C=C/C\C=C/C\C=C/C\C=C/C=C/[C@@H](O)CC)(COP(O)(=O)O[C@H]1C(O)C(O)C(O)[C@@H](OP(O)(O)=O)C1O)OC(=O)CCCCCCCCCCCCC\C=C/CC,979.151,979.088,0.063
43,[H][C@](O)(COP(O)(=O)OC[C@@]([H])(COC(=O)CCCCCCCCC)OC(=O)CCCCCCCCCC)COP(O)(=O)OC[C@@]([H])(COC(=O)CCCCCCCCCCC(C)CC)OC(=O)CCCCCCCCCCCC(C)C,[H][C@](O)(COP(O)(=O)OC[C@@]([H])(COC(=O)CCCCCCCCCCC)OC(=O)CCCCCCCCCCC)COP(O)(=O)OC[C@@]([H])(COC(=O)CCCCCCCCC(C)C)OC(=O)CCCCCCCCCCCCCC,1171.519,1171.519,2.27E-13
44,[H][C@](O)(COP(O)(=O)OC[C@@]([H])(COC(=O)CCCCCCCCC)OC(=O)CCCCCCCCCCCCC(C)C)COP(O)(=O)OC[C@@]([H])(COC(=O)CCCCCCCCCCCCCC(C)C)OC(=O)CCCCCCCCCCCCCCCCCC(C)C,[H]C(O)(COP(O)(=O)OC[C@@]([H])(COC(=O)CCCCCCCCCCCCCCCCCC(C)C)OC(=O)CCCCCCCCCCC(C)CC)COP(O)(=O)OC[C@@]([H])(COC(=O)CCCCCCCCCC(C)C)OC(=O)CCCCCCCCCCC(C)CC,1353.87,1353.87,0
45,[H][C@@](O)(COP(O)(=O)OC[C@@]([H])(COC(=O)CCCCCCCCCCCCCCCCCCCCC)OC(=O)CCCCCCCCCCCCCCCCCCCCC)COP(O)(=O)OC[C@@]([H])(COC(=O)CCCCCCCCCC(C)C)OC(=O)CCCCCCCCCCCCCCCCCCC,[H][C@](O)(COP(O)(=O)OC[C@@]([H])(COC(=O)CCCCCCCCCCCCC)OC(=O)CCCCCCCCCCCCCCCCCC)COP(O)(=O)OC[C@@]([H])(COC(=O)CCCCCCCCCCCCCCCCCC(C)C)OC(=O)CCCCCCCCCCCCCCCCCCCCCC,1536.221,1536.221,0
46,[H][C@](COC(=O)CCCCCCCCCCCCCCCCCCC)(COC(=O)CCCCCCCCCCCCCCCCCCCCC)OC(=O)CCCCCCCCCCCCC(C)CC,[H][C@](COC(=O)CCCCCCCCCCCCCCCC)(COC(=O)CCCCCCCCCCCCCCCCCC(C)C)OC(=O)CCCCCCCCCCCCCCCCCC(C)C,961.636,961.636,1.14E-13
47,CC(C)=CCC(COC1OC(COC2OCC(O)C(O)C2O)C(O)C(O)C1O)C(C)=C,CC(C)C(=C)C(O)C(O)C(C)C1CCC2C3CCC4CC(O)C(O)CC4(C)C3CCC12C,448.509,448.688,0.179
48,[H][C@@](O)(COP(O)(=O)OC[C@@]([H])(COC(=O)CCCCCCCCCCCCCCCCCC)OC(=O)CCCCCCCCCCCCCCCCCCC(C)C)COP(O)(=O)OC[C@@]([H])(COC(=O)CCCCCCCCCCC(C)CC)OC(=O)CCCCCCCCCCCCCCCCCC,[H][C@@](O)(COP(O)(=O)OC[C@@]([H])(COC(=O)CCCCCCCCCCCCCCCCC(C)CC)OC(=O)CCCCCCCCCCCCCCCCCCC(C)C)COP(O)(=O)OC[C@@]([H])(COC(=O)CCCCCCCCC(C)CC)OC(=O)CCCCCCCCCCCCCCCC(C)C,1508.167,1508.167,2.27E-13
49,[H][C@@](O)(COP(O)(=O)OC[C@@]([H])(COC(=O)CCCCCCCCCCCCCCC(C)C)OC(=O)CCCCCCCCCCCCCCCCCCCCC)COP(O)(=O)OC[C@@]([H])(COC(=O)CCCCCCCCCCC(C)C)OC(=O)CCCCCCCCCCCCCC,[H][C@](O)(COP(O)(=O)OC[C@@]([H])(COC(=O)CCCCCCC)OC(=O)CCCCCCCCCCCCCC)COP(O)(=O)OC[C@@]([H])(COC(=O)CCCCCCCCCCCCCCCCCCCC)OC(=O)CCCCCCCCCCCCCCCCCCCCCCCC,1424.005,1424.005,2.27E-13
50,[H][C@@](O)(COP(O)(=O)OC[C@@]([H])(COC(=O)CCCCCCCCCCCCCCCCCC)OC(=O)CCCCCCCCCCCCCCCCC(C)CC)COP(O)(=O)OC[C@@]([H])(COC(=O)CCCCCCCCCCCCCC)OC(=O)CCCCCCCCCCCCC(C)CC,[H]C(O)(COP(O)(=O)OC[C@@]([H])(COC(=O)CCCCCCCCCCCCCCCCC(C)CC)OC(=O)CCCCCCCCCCCCCCCCC(C)CC)COP(O)(=O)OC[C@@]([H])(COC(=O)CCCCCCCCCCC(C)C)OC(=O)CCCCCCCCCCCCC(C)C,1466.086,1466.086,2.27E-13
51,[H][C@@](O)(COP(O)(=O)OC[C@@]([H])(COC(=O)CCCCCCCCCCCCCCCCCCCCCC)OC(=O)CCCCCCCCCCCCCCCCCCCCCCC)COP(O)(=O)OC[C@@]([H])(COC(=O)CCCCCCCCCCC(C)CC)OC(=O)CCCCCCCCCCCCCCC,[H][C@@](O)(COP(O)(=O)OC[C@@]([H])(COC(=O)CCCCCCCCCCCCCCCCC(C)C)OC(=O)CCCCCCCCCCCCCCCCCCCCC(C)C)COP(O)(=O)OC[C@@]([H])(COC(=O)CCCCCCCCCCCC(C)C)OC(=O)CCCCCCCCCCCCCCCCCC,1550.248,1550.248,2.27E-13
52,[H]C(O)(COP(O)(=O)OC[C@@]([H])(COC(=O)CCCCCCCCCC(C)C)OC(=O)CCCCCCCCCCCCCCCCCCCCC(C)C)COP(O)(=O)OC[C@@]([H])(COC(=O)CCCCCCCCC(C)CC)OC(=O)CCCCCCCCCCCCCCCCCCC(C)C,[H][C@@](O)(COP(O)(=O)OC[C@@]([H])(COC(=O)CCCCCCCCCCCCCCCC(C)C)OC(=O)CCCCCCCCCCCCCCCCCCC(C)C)COP(O)(=O)OC[C@@]([H])(COC(=O)CCCCCCCCCCCCC)OC(=O)CCCCCCCCCCCCC(C)CC,1466.086,1466.086,2.27E-13
53,[H]C(COC(=O)CCCCCC\C=C/C\C=C/C\C=C/CCCCC)(COP(O)(=O)OCCN(C)C)OC(=O)CCCCCCCCC\C=C/C\C=C/CCCCC,[H][C@@](COC(=O)CCCCCCCCCCCCCCCC)(COC(=O)CCCCCCCCCCCCCC(C)C)OC(=O)CCCCCCCCCCCCCC,822.162,821.366,0.796
54,[H][C@](O)(COP(O)(=O)OC[C@@]([H])(COC(=O)CCCCCCC)OC(=O)CCCCCCCCCCCCCCC(C)C)COP(O)(=O)OC[C@@]([H])(COC(=O)CCCCCCCCCCCCCCC(C)C)OC(=O)CCCCCCCCCCCCCCCCCCCCC(C)C,[H][C@@](O)(COP(O)(=O)OC[C@@]([H])(COC(=O)CCCCCCCCCCCCC(C)C)OC(=O)CCCCCCCCCCCCCCCCCCCCCC)COP(O)(=O)OC[C@@]([H])(COC(=O)CCCCCCCCCCCCC)OC(=O)CCCCCCCCCCC(C)CC,1409.978,1409.978,0
55,[H][C@](O)(CO)COP(O)(=O)OC[C@@]([H])(COC(=O)CCCCCCC\C=C/C=C\CCCCCC)OC(=O)CC\C=C/C\C=C/C\C=C/C\C=C/CC1OC1C\C=C/CC,[H][C@@](COC(=O)CCCCCCCCCCCCC(C)CC)(COC(=O)CCCCCCCCC(C)C)OC(=O)CCCCCCCCCCCCCCCCC(C)CC,835.069,835.393,0.324
56,[H][C@@](O)(COP(O)(=O)OC[C@@]([H])(COC(=O)CCCCCCCCCCCCCCCCCC)OC(=O)CCCCCCCCCCCCCCCCCC)COP(O)(=O)OC[C@@]([H])(COC(=O)CCCCCCCCCC(C)C)OC(=O)CCCCCCCCCC(C)C,[H]C(O)(COP(O)(=O)OC[C@@]([H])(COC(=O)CCCCCCCCCC(C)C)OC(=O)CCCCCCCCCCCCCCC(C)C)COP(O)(=O)OC[C@@]([H])(COC(=O)CCCCCCCCCCCCCCCCC(C)CC)OC(=O)CCCCCCCCC(C)C,1353.87,1353.87,0
57,[H][C@](O)(COP(O)(=O)OC[C@@]([H])(COC(=O)CCCCCCC)OC(=O)CCCCCCCCC(C)C)COP(O)(=O)OC[C@@]([H])(COC(=O)CCCCCCCCCCCCCCC)OC(=O)CCCCCCCCCCCCC(C)CC,[H][C@](O)(COP(O)(=O)OC[C@@]([H])(COC(=O)CCCCCCCCC)OC(=O)CCCCCCCCCCCC)COP(O)(=O)OC[C@@]([H])(COC(=O)CCCCCCCCCC(C)C)OC(=O)CCCCCCCCCCCCC(C)CC,1199.573,1199.573,0
58,[H]C(O)(COP(O)(=O)OC[C@@]([H])(COC(=O)CCCCCCCCCCCCCCCCCCC(C)C)OC(=O)CCCCCCCCCCCCC(C)C)COP(O)(=O)OC[C@@]([H])(COC(=O)CCCCCCCCC(C)C)OC(=O)CCCCCCCCCCCCCCCCCCCCC(C)C,[H][C@@](O)(COP(O)(=O)OC[C@@]([H])(COC(=O)CCCCCCCCCCCCCCCCCC(C)C)OC(=O)CCCCCCCCCCCCCCCCCC(C)C)COP(O)(=O)OC[C@@]([H])(COC(=O)CCCCCCCCCCC(C)CC)OC(=O)CCCCCCCCCCCCCCCC,1494.14,1494.14,0
59,[H][C@@](O)(COP(O)(=O)OC[C@@]([H])(COC(=O)CCCCCCCCCCCCC(C)CC)OC(=O)CCCCCCCCCCCC(C)C)COP(O)(=O)OC[C@@]([H])(COC(=O)CCCCCCCCC(C)CC)OC(=O)CCCCCCCCCC(C)C,[H]C(O)(COP(O)(=O)OC[C@@]([H])(COC(=O)CCCCCCCCCC(C)C)OC(=O)CCCCCCCCCCCCCC(C)C)COP(O)(=O)OC[C@@]([H])(COC(=O)CCCCCCCCCC(C)C)OC(=O)CCCCCCCCCCCC(C)C,1269.708,1269.708,2.27E-13
60,[H][C@@](O)(COP(O)(=O)OC[C@@]([H])(COC(=O)CCCCCCCCCCCCCCC(C)C)OC(=O)CCCCCCCCCCCCCCCCCC)COP(O)(=O)OC[C@@]([H])(COC(=O)CCCCCCCCC(C)CC)OC(=O)CCCCCCCCCCCCCCCCC,[H][C@@](O)(COP(O)(=O)OC[C@@]([H])(COC(=O)CCCCCCCCCCCCCC(C)C)OC(=O)CCCCCCCCCCCCCCCCCCCCCC)COP(O)(=O)OC[C@@]([H])(COC(=O)CCCCCCCCC(C)CC)OC(=O)CCCCCCCCCCC(C)CC,1409.978,1409.978,2.27E-13
61,[H][C@](O)(COP(O)(=O)OC[C@@]([H])(COC(=O)CCCCCCC)OC(=O)CCCCCCCCCCCCCCC(C)C)COP(O)(=O)OC[C@@]([H])(COC(=O)CCCCCCCCCCCCCCCCCC)OC(=O)CCCCCCCCCCCCCCCCCCC,[H][C@@](O)(COP(O)(=O)OC[C@@]([H])(COC(=O)CCCCCCCCCCCCCCCC)OC(=O)CCCCCCCCCCCCCCCCCC)COP(O)(=O)OC[C@@]([H])(COC(=O)CCCCCCCCCCC(C)C)OC(=O)CCCCCCCCCCCCCC,1367.897,1367.897,4.55E-13
62,[H][C@@](COC(=O)CCCCCCCCCCCCC)(COC(=O)CCCCCCCCCCC(C)CC)OC(=O)CCCCCCCCCCCCCCCCCC,[H][C@@](COC(=O)CCCCCCCCCCCC)(COC(=O)CCCCCCCCCCCCCCCCCCCCC)OC(=O)CCCCCCCCCCCC,807.339,807.339,2.27E-13
63,[H][C@](O)(COP(O)(=O)OC[C@@]([H])(COC(=O)CCCCCCC)OC(=O)CCCCCCCCCCC(C)CC)COP(O)(=O)OC[C@@]([H])(COC(=O)CCCCCCCCCCCCCCCCCCCC)OC(=O)CCCCCCCCCCCCCCCCCCCCC(C)CC,[H][C@@](O)(COP(O)(=O)OC[C@@]([H])(COC(=O)CCCCCCCCCCCCCCC)OC(=O)CCCCCCC\C=C/CCCCCC)COP(O)(=O)OC[C@@]([H])(COC(=O)CCC\C=C/C\C=C/C\C=C/C\C=C/CCCCC)OC(=O)CCCCCCC\C=C/C=C\CCCCCC,1424.005,1423.92,0.085
64,[H][C@](O)(COP(O)(=O)OC[C@@]([H])(COC(=O)CCCCCCCCCCC)OC(=O)CCCCCCCCCCCCC)COP(O)(=O)OC[C@@]([H])(COC(=O)CCCCCCCCCCCCCCC(C)C)OC(=O)CCCCCCCCCCCCCCCCCCCC,[H][C@@](O)(COP(O)(=O)OC[C@@]([H])(COC(=O)CCCCCCCCCCCCCCCC)OC(=O)CCCCCCCCCCCCC(C)CC)COP(O)(=O)OC[C@@]([H])(COC(=O)CCCCCCCCCCC(C)CC)OC(=O)CCCCCCCCCCCCCCC,1367.897,1367.897,0
65,[H][C@](COC(=O)CCCCCCCCCCC(C)CC)(COC(=O)CCCCCCCCC(C)CC)OC(=O)CCCCCCCCCCCCCCCCC(C)CC,[H][C@@](COC(=O)CCCCCCC\C=C/CCCCCCCC)(COP(O)(=O)OCCN)OC(=O)CCC\C=C/[C@@H](O)\C=C\C=C/C\C=C/C=C/[C@@H](O)C\C=C/CC,821.366,822.074,0.708
66,[H][C@](O)(COP(O)(=O)OC[C@@]([H])(COC(=O)CCCCCCCCC)OC(=O)CCCCCCCCCCCCC(C)C)COP(O)(=O)OC[C@@]([H])(COC(=O)CCCCCCCCCCCCCCCCCCCCC)OC(=O)CCCCCCCCCCCCCCCCCCCCCC,[H]C(O)(COP(O)(=O)OC[C@@]([H])(COC(=O)CCCCCCCCCCCCCCCCCCC(C)C)OC(=O)CCCCCCCCCCCCCCCCC(C)CC)COP(O)(=O)OC[C@@]([H])(COC(=O)CCCCCCCCCC(C)C)OC(=O)CCCCCCCCCCC(C)CC,1452.059,1452.059,4.55E-13
67,[H][C@@](O)(COP(O)(=O)OC[C@@]([H])(COC(=O)CCCCCCCCCCCCC(C)CC)OC(=O)CCCCCCCCCCCCCCCCC(C)CC)COP(O)(=O)OC[C@@]([H])(COC(=O)CCCCCCCCC(C)CC)OC(=O)CCCCCCCCCCCCC,[H][C@](O)(COP(O)(=O)OC[C@@]([H])(COC(=O)CCCCCCCCC(C)C)OC(=O)CCCCCCCCCCCCCCCCCCCCC(C)CC)COP(O)(=O)OC[C@@]([H])(COC(=O)CCCCCCCCC(C)CC)OC(=O)CCCCCCCCCCCC(C)C,1367.897,1367.897,2.27E-13
68,CCCCCCCCCCCCC\C=C\[C@@H](O)[C@H](CO[C@@H]1O[C@H](CO)[C@@H](O[C@@H]2O[C@H](CO)[C@H](O[C@@H]3O[C@H](CO)[C@H](O)[C@H](O)[C@H]3NC(C)=O)[C@H](O[C@]3(CC([C@H](O)[C@H](O)CO)[C@H](NC(C)=O)[C@@H](O)O3)C(O)=O)[C@H]2O)[C@H](O)[C@H]1O)NC(=O)CCCCCCC\C=C/CCCCCCCC,[H][C@](O)(COP(O)(=O)OC[C@@]([H])(COC(=O)CCCCCCCCCC)OC(=O)CCCCCCCCCCCCC(C)CC)COP(O)(=O)OC[C@@]([H])(COC(=O)CCCCCCCCCCCCCC(C)C)OC(=O)CCCCCCCCCCCCCCCCCCCC,1382.684,1381.924,0.76
69,[H][C@@](COC(=O)CCCCCCCCCCCCCCCCCCC(C)C)(COC(=O)CCCCCCCCCCCCCCC(C)C)OC(=O)CCCCCCCCCCCCCC,[H][C@@](COC(=O)CCCCCCCCCCC)(COC(=O)CCCCCCCCCCCCCCCCCCCCC(C)CC)OC(=O)CCCCCCCCCCCCCCC(C)C,905.528,905.528,2.27E-13
70,[H][C@](O)(COP(O)(=O)OC[C@@]([H])(COC(=O)CCCCCCCCC)OC(=O)CCCCCCCCCCCCCCCCCCC)COP(O)(=O)OC[C@@]([H])(COC(=O)CCCCCCCCCCCCCCCCCCCC)OC(=O)CCCCCCCCCCCCCCCCCCCCC(C)C,[H][C@@](O)(COP(O)(=O)OC[C@@]([H])(COC(=O)CCCCCCCCCCCCCCCCCCCCCC)OC(=O)CCCCCCCCCCCCCCCCCCCCC(C)C)COP(O)(=O)OC[C@@]([H])(COC(=O)CCCCCCCCCCCCC)OC(=O)CCCCCCCCCCC(C)C,1508.167,1508.167,0
71,[H][C@](O)(COP(O)(=O)OC[C@@]([H])(COC(=O)CCCCCCCCCC)OC(=O)CCCCCCCCCCCCCCC(C)C)COP(O)(=O)OC[C@@]([H])(COC(=O)CCCCCCCCCCCCCCCC(C)C)OC(=O)CCCCCCCCCCCCCCCCCCCCCCCC,[H][C@@](O)(COP(O)(=O)OC[C@@]([H])(COC(=O)CCCCCCCCCCCCCCCC(C)C)OC(=O)CCCCCCCCCCCCCCCCC(C)C)COP(O)(=O)OC[C@@]([H])(COC(=O)CCCCCCCCCCCC(C)C)OC(=O)CCCCCCCCCCCCCCCCCC,1480.113,1480.113,0
72,[H][C@@](COC(=O)CCCCCCCC1OC1C\C=C/CCCCC)(COP([O-])(=O)OCC[N+](C)(C)C)OC(=O)CCC\C=C/C\C=C/C\C=C/CCCCCCCC,[H][C@](O)(CO)COP(O)(=O)OC[C@@]([H])(COC(=O)CCCCCCCCCCCCCC(C)C)OC(=O)CCC(O)\C=C/C=C\C\C=C/C\C=C/C\C=C/C\C=C/CC,824.134,825.074,0.94
73,[H][C@@](O)(COP(O)(=O)OC[C@@]([H])(COC(=O)CCCCCCCCCCCCCCCCC(C)CC)OC(=O)CCCCCCCCCCCCCCCCCCCCC(C)C)COP(O)(=O)OC[C@@]([H])(COC(=O)CCCCCCCCC(C)CC)OC(=O)CCCCCCCCC(C)CC,[H][C@@](O)(COP(O)(=O)OC[C@@]([H])(COC(=O)CCCCCCCCCCCCCCCCC(C)C)OC(=O)CCCCCCCCCCCCCCCCCCCC)COP(O)(=O)OC[C@@]([H])(COC(=O)CCCCCCCCC(C)C)OC(=O)CCCCCCCCCCCCCCC(C)C,1452.059,1452.059,2.27E-13
74,[H][C@@](O)(COP(O)(=O)OC[C@@]([H])(COC(=O)CCCCCCCCCCCCCC(C)C)OC(=O)CCCCCCCCCCCCCCCCCC)COP(O)(=O)OC[C@@]([H])(COC(=O)CCCCCCCCCCCCCC)OC(=O)CCCCCCCCCCCC(C)C,[H]C(O)(COP(O)(=O)OC[C@@]([H])(COC(=O)CCCCCCCCCCCCC(C)C)OC(=O)CCCCCCCCCCCCC(C)CC)COP(O)(=O)OC[C@@]([H])(COC(=O)CCCCCCCCCC(C)C)OC(=O)CCCCCCCCCCCCCCCCC(C)C,1381.924,1381.924,0
75,[H][C@](O)(COP(O)(=O)OC[C@@]([H])(COC(=O)CCCCCCCCCCC)OC(=O)CCCCCCCCCCCCC)COP(O)(=O)OC[C@@]([H])(COC(=O)CCCCCCCCCCCCCC)OC(=O)CCCCCCCCCCCCCCCCCC,[H]C(O)(COP(O)(=O)OC[C@@]([H])(COC(=O)CCCCCCCCC(C)CC)OC(=O)CCCCCCCCCCCCCCCCCC(C)C)COP(O)(=O)OC[C@@]([H])(COC(=O)CCCCCCCCCC(C)C)OC(=O)CCCCCCCCC(C)CC,1297.762,1297.762,6.82E-13
76,[H][C@@](O)(COP(O)(=O)OC[C@@]([H])(COC(=O)CCCCCCCCCCCC(C)C)OC(=O)CCCCCCCCCCCCCCCC)COP(O)(=O)OC[C@@]([H])(COC(=O)CCCCCCCCCC(C)C)OC(=O)CCCCCCCCCC(C)C,[H][C@](O)(COP(O)(=O)OC[C@@]([H])(COC(=O)CCCCCCC)OC(=O)CCCCCCCCCCCCC)COP(O)(=O)OC[C@@]([H])(COC(=O)CCCCCCCCCCC(C)C)OC(=O)CCCCCCCCCCCCCCCCCCC(C)C,1269.708,1269.708,9.09E-13
77,[H][C@](O)(COP(O)(=O)OC[C@@]([H])(COC(=O)CCCCCCCCCCC)OC(=O)CCCCCCCCCCCCC(C)CC)COP(O)(=O)OC[C@@]([H])(COC(=O)CCCCCCCCCCCCC(C)CC)OC(=O)CCCCCCCCCCCCC(C)CC,[H][C@](O)(COP(O)(=O)OC[C@@]([H])(COC(=O)CCCCCCCCC)OC(=O)CCCCCCCCCCCC(C)C)COP(O)(=O)OC[C@@]([H])(COC(=O)CCCCCCCCCCCCCCCC(C)C)OC(=O)CCCCCCCCCCCCCCCC(C)C,1339.843,1339.843,0
78,[H][C@@](COC(=O)CCCCCCC)(COC(=O)CCCCCCCCCCCCCCCCCCCCC(C)C)OC(=O)CCCCCCCCCCCCCC(C)C,[H][C@](COC(=O)CCCCCCCCCCCCCC(C)C)(COC(=O)CCCCCCCCCCCC(C)C)OC(=O)CCCCCCCCCCCCC(C)CC,821.366,821.366,2.27E-13
79,[H][C@](O)(COP(O)(=O)OC[C@@]([H])(COC(=O)CCCCCCCCCCCC)OC(=O)CCCCCCCCCCCCC)COP(O)(=O)OC[C@@]([H])(COC(=O)CCCCCCCCCCCCC)OC(=O)CCCCCCCCCCCCCCCCC(C)CC,[H][C@](O)(COP(O)(=O)OC[C@@]([H])(COC(=O)CCCCCCCCCC)OC(=O)CCCCCCCCCCCC)COP(O)(=O)OC[C@@]([H])(COC(=O)CCCCCCCCC(C)CC)OC(=O)CCCCCCCCCCCCCCCCCCCCCCCC,1325.816,1325.816,4.55E-13
80,[H][C@@](O)(COP(O)(=O)OC[C@@]([H])(COC(=O)CCCCCCCCCCCCCCCCCC)OC(=O)CCCCCCCCCCCCCCCCC(C)CC)COP(O)(=O)OC[C@@]([H])(COC(=O)CCCCCCCCCCC(C)CC)OC(=O)CCCCCCCCCCCCCCC,[H][C@@](O)(COP(O)(=O)OC[C@@]([H])(COC(=O)CCCCCCCCCCCCCCCCCC(C)C)OC(=O)CCCCCCCCCCCCCCCCCCCCCC)COP(O)(=O)OC[C@@]([H])(COC(=O)CCCCCCCCC(C)C)OC(=O)CCCCCCCCCCCCCC,1452.059,1452.059,4.55E-13
81,[H]C(O)(COP(O)(=O)OC[C@@]([H])(COC(=O)CCCCCCCCCC(C)C)OC(=O)CCCCCCCCCCCCCCCCCC(C)C)COP(O)(=O)OC[C@@]([H])(COC(=O)CCCCCCCCCCCCCC(C)C)OC(=O)CCCCCCCCC(C)C,[H]C(O)(COP(O)(=O)OC[C@@]([H])(COC(=O)CCCCCCCCCC(C)C)OC(=O)CCCCCCCCCCCCCCCCC(C)CC)COP(O)(=O)OC[C@@]([H])(COC(=O)CCCCCCCCCC(C)C)OC(=O)CCCCCCCCCCCCC(C)C,1339.843,1339.843,0
82,[H]C(O)(COP(O)(=O)OC[C@@]([H])(COC(=O)CCCCCCCCCCCCCCCCC(C)C)OC(=O)CCCCCCCCCCCCCCCCCCCCC(C)C)COP(O)(=O)OC[C@@]([H])(COC(=O)CCCCCCCCC(C)C)OC(=O)CCCCCCCCCCCCCCCCC(C)C,[H][C@](O)(COP(O)(=O)OC[C@@]([H])(COC(=O)CCCCCCCCCCCC)OC(=O)CCCCCCCCCCCCC(C)CC)COP(O)(=O)OC[C@@]([H])(COC(=O)CCCCCCCCCCCCCCCCCCCCCC)OC(=O)CCCCCCCCCCCCCCCCCCCCCC,1522.194,1522.194,9.09E-13
83,[H][C@](O)(COP(O)(=O)OC[C@@]([H])(COC(=O)CCCCCCCCCCCC)OC(=O)CCCCCCCCCCCCCCCC)COP(O)(=O)OC[C@@]([H])(COC(=O)CCCCCCCCCCCCCCC(C)C)OC(=O)CCCCCCCCCCCCCCCCCCCC,[H][C@@](O)(COP(O)(=O)OC[C@@]([H])(COC(=O)CCCCCCCCCCCCCCCC)OC(=O)CCCCCCCCCCCCCCCCC(C)C)COP(O)(=O)OC[C@@]([H])(COC(=O)CCCCCCCCCCCCC(C)C)OC(=O)CCCCCCCCCCCCC(C)C,1424.005,1424.005,0
84,[H][C@](COC(=O)CCCCCCCCC)(COC(=O)CCCCCCCCC(C)CC)OC(=O)CCCCCCCCCCCCCCCCCCCCC(C)CC,[H][C@](COC(=O)CCCCCCCCCCCCCCC)(COC(=O)CCCCCCCCCCCCCCCCCCCCC)OC(=O)CCCCCCCCC,807.339,807.339,2.27E-13
85,[H][C@](O)(COP(O)(=O)OC[C@@]([H])(COC(=O)CCCCCCCCC(C)CC)OC(=O)CCCCCCCCCCCCCCCCCC(C)C)COP(O)(=O)OC[C@@]([H])(COC(=O)CCCCCCCCCCCC(C)C)OC(=O)CCCCCCCCC(C)CC,[H]C(O)(COP(O)(=O)OC[C@@]([H])(COC(=O)CCCCCCCCCCCCCC(C)C)OC(=O)CCCCCCCCCCCCCCCC(C)C)COP(O)(=O)OC[C@@]([H])(COC(=O)CCCCCCCCCC(C)C)OC(=O)CCCCCCCCCC(C)C,1325.816,1325.816,0
86,[H]C(O)(COP(O)(=O)OC[C@@]([H])(COC(=O)CCCCCCCCCCCCCCCCCCCCC(C)CC)OC(=O)CCCCCCCCCC(C)C)COP(O)(=O)OC[C@@]([H])(COC(=O)CCCCCCCCCCC(C)C)OC(=O)CCCCCCCCC(C)CC,[H][C@@](O)(COP(O)(=O)OC[C@@]([H])(COC(=O)CCCCCCCCCCCCCCCCC(C)C)OC(=O)CCCCCCCCCCC(C)CC)COP(O)(=O)OC[C@@]([H])(COC(=O)CCCCCCCCC(C)CC)OC(=O)CCCCCCCCCCCCCC(C)C,1367.897,1367.897,4.55E-13
87,[H][C@@](O)(COP(O)(=O)OC[C@@]([H])(COC(=O)CCCCCCCCCCCCCCCCCCCC)OC(=O)CCCCCCCCCCCCCCCCCCCC)COP(O)(=O)OC[C@@]([H])(COC(=O)CCCCCCCCCCCCCC)OC(=O)CCCCCCCCCCCC(C)C,[H]C(O)(COP(O)(=O)OC[C@@]([H])(COC(=O)CCCCCCCCCCCCCCCCCCCCC(C)CC)OC(=O)CCCCCCCCCCCCCCCCC(C)C)COP(O)(=O)OC[C@@]([H])(COC(=O)CCCCCCCCCCC(C)C)OC(=O)CCCCCCCCCC(C)C,1466.086,1466.086,0
88,[H][C@](COC(=O)CCCCCCCCCCC\C=C/C\C=C/CCCCC)(COC(=O)CCCCCCC\C=C/C\C=C/C\C=C/CC)OC(=O)CCCCCCC\C=C/C\C=C/CCCCC,[H][C@](COC(=O)CCCCCCCCCCCCCCCCCCCC)(COC(=O)CCCCCCCCCCCCC(C)C)OC(=O)CCCCCCCCCCCCCCCCC(C)C,933.497,933.582,0.085
89,[H][C@](COC(=O)CCCCCCCCC\C=C/CCCCCCCC)(COC(=O)CCCCCC\C=C/C\C=C/C\C=C/C\C=C/CC)OC(=O)CCCCCCC\C=C/C\C=C/CCCCC,[H][C@@](COC(=O)CCCCCCCCCCCCCCCCCC)(COC(=O)CCCCCCCCCCCCCCCCC(C)CC)OC(=O)CCCCCCCCCCCCCCCC,933.497,933.582,0.085
90,[H]C(O)(COP(O)(=O)OC[C@@]([H])(COC(=O)CCCCCCCCCCCCCCCCC(C)C)OC(=O)CCCCCCCCCCCCCCCC(C)C)COP(O)(=O)OC[C@@]([H])(COC(=O)CCCCCCCCCCC(C)C)OC(=O)CCCCCCCCC(C)C,[H][C@@](O)(COP(O)(=O)OC[C@@]([H])(COC(=O)CCCCCCCCCCCCCC)OC(=O)CCCCCCCCCCCCCCCCCCCCC(C)CC)COP(O)(=O)OC[C@@]([H])(COC(=O)CCCCCCCCC(C)C)OC(=O)CCCCCCCCCC(C)C,1367.897,1367.897,0
91,[H][C@@](O)(COP(O)(=O)OC[C@@]([H])(COC(=O)CCCCCCCCCCCCCCCCC)OC(=O)CCCCCCCCCCCCCCCCCCC(C)C)COP(O)(=O)OC[C@@]([H])(COC(=O)CCCCCCCCCCCC(C)C)OC(=O)CCCCCCCCCCCCCCCCC,[H][C@@](O)(COP(O)(=O)OC[C@@]([H])(COC(=O)CCCCCCCCCCCCCCCCCCCCC(C)CC)OC(=O)CCCCCCCCCCCCC(C)C)COP(O)(=O)OC[C@@]([H])(COC(=O)CCCCCCCCC(C)C)OC(=O)CCCCCCCCCCCCCCCCC(C)C,1480.113,1480.113,2.27E-13
92,[H][C@@](O)(COP(O)(=O)OC[C@@]([H])(COC(=O)CCCCCCCCCCCCCCCCC(C)C)OC(=O)CCCCCCCCCCCCCCCCCCCCC(C)C)COP(O)(=O)OC[C@@]([H])(COC(=O)CCCCCCCCCCCC(C)C)OC(=O)CCCCCCCCCCCCCCCCC,[H]C(O)(COP(O)(=O)OC[C@@]([H])(COC(=O)CCCCCCCCCCCCCCCCCCCCC(C)CC)OC(=O)CCCCCCCCCCCCCCCC(C)C)COP(O)(=O)OC[C@@]([H])(COC(=O)CCCCCCCCC(C)C)OC(=O)CCCCCCCCCCCCCCCCCC(C)C,1536.221,1536.221,2.27E-13
93,[H][C@@](O)(COP(O)(=O)OC[C@@]([H])(COC(=O)CCCCCCCCCCCCCCCCC(C)C)OC(=O)CCCCCCCCCCCCCCCCCCCC)COP(O)(=O)OC[C@@]([H])(COC(=O)CCCCCCCCCCC)OC(=O)CCCCCCCCCCC(C)CC,[H][C@](O)(COP(O)(=O)OC[C@@]([H])(COC(=O)CCCCCCCCCCCCC)OC(=O)CCCCCCCCCCCCC)COP(O)(=O)OC[C@@]([H])(COC(=O)CCCCCCCCCCCCCC(C)C)OC(=O)CCCCCCCCCCCCCCCCCCCCCC,1409.978,1409.978,2.27E-13
94,[H][C@@](O)(COP(O)(=O)OC[C@@]([H])(COC(=O)CCCCCCCCCCCCCCCCC)OC(=O)CCCCCCCCCCCCCCCCCCCC)COP(O)(=O)OC[C@@]([H])(COC(=O)CCCCCCCCCCCCC)OC(=O)CCCCCCCCCCCCC(C)C,[H][C@](O)(COP(O)(=O)OC[C@@]([H])(COC(=O)CCCCCCCCCC)OC(=O)CCCCCCCCCCCCCCC)COP(O)(=O)OC[C@@]([H])(COC(=O)CCCCCCCCCCCCC(C)CC)OC(=O)CCCCCCCCCCCCCCCCCCCCC(C)CC,1424.005,1424.005,2.27E-13
95,[H][C@](O)(COP(O)(=O)OC[C@@]([H])(COC(=O)CCCCCCCCCC)OC(=O)CCCCCCCCCCCCCC)COP(O)(=O)OC[C@@]([H])(COC(=O)CCCCCCCCCCCCCCC)OC(=O)CCCCCCCCCCCCCCCCC(C)C,[H][C@@](O)(COP(O)(=O)OC[C@@]([H])(COC(=O)CCCCCCCCC(C)C)OC(=O)CCCCCCCCCCCCCCCCCCCCC(C)CC)COP(O)(=O)OC[C@@]([H])(COC(=O)CCCCCCCCC(C)C)OC(=O)CCCCCCCCC(C)CC,1325.816,1325.816,2.27E-13
96,[H][C@](O)(COP(O)(=O)OC[C@@]([H])(COC(=O)CCCCCCCCC)OC(=O)CCCCCCCCCCC(C)C)COP(O)(=O)OC[C@@]([H])(COC(=O)CCCCCCCCCCC(C)CC)OC(=O)CCCCCCCCCCCCCCCCCCC(C)C,[H][C@@](O)(COP(O)(=O)OC[C@@]([H])(COC(=O)CCCCCCCCCCCCC(C)C)OC(=O)CCCCCCCCCCCCCCCCCC)COP(O)(=O)OC[C@@]([H])(COC(=O)CCCCCCCCCCC)OC(=O)CCCCCCCCCCC(C)C,1311.789,1311.789,9.09E-13
97,[H][C@@](O)(COP(O)(=O)OC[C@@]([H])(COC(=O)CCCCCCCCCCCCCCCCC(C)CC)OC(=O)CCCCCCCCCCCCC(C)CC)COP(O)(=O)OC[C@@]([H])(COC(=O)CCCCCCCCC(C)CC)OC(=O)CCCCCCCCC(C)C,[H][C@@](O)(COP(O)(=O)OC[C@@]([H])(COC(=O)CCCCCCCCCCCCCCC)OC(=O)CCCCCCCCCCCCCCCCCCCC)COP(O)(=O)OC[C@@]([H])(COC(=O)CCCCCCCCCC(C)C)OC(=O)CCCCCCCCCC(C)C,1339.843,1339.843,4.55E-13
98,[H][C@@](O)(COP(O)(=O)OC[C@@]([H])(COC(=O)CCCCCCCCCCCCCCCC(C)C)OC(=O)CCCCCCCCCCCCCCCC(C)C)COP(O)(=O)OC[C@@]([H])(COC(=O)CCCCCCCCCCC)OC(=O)CCCCCCCCCCC(C)CC,[H][C@@](O)(COP(O)(=O)OC[C@@]([H])(COC(=O)CCCCCCCCCCC(C)CC)OC(=O)CCCCCCCCCCCCCCCCCCCCCCC)COP(O)(=O)OC[C@@]([H])(COC(=O)CCCCCCCCC(C)C)OC(=O)CCCCCCCCCCC(C)C,1367.897,1367.897,4.55E-13
99,[H]C(COC(=O)CCC\C=C/C\C=C/C\C=C/C\C=C/C\C=C/CC)(COP(O)(=O)OCCN(C)C)OC(=O)CCCCCCCCCCCCCCCCCCCCC,[H][C@](COC(=O)CCCCCCCCCCCCCCCCCC(C)C)(COC(=O)CCCCCCCCCCCCCC(C)C)OC(=O)CCCCCCCCCCCC,850.216,849.42,0.796
100,[H][C@](COC(=O)CCCCCCCCCCCCC(C)C)(COC(=O)CCCCCCCCCCCCC(C)CC)OC(=O)CCCCCCCCCCCCCCCCC(C)C,[H][C@](COC(=O)CCCCCCCCCCCCCCC)(COC(=O)CCCCCCCCCCCCCC(C)C)OC(=O)CCCCCCCCCCCCCCCCC(C)C,877.474,877.474,0
101,[H][C@](CO)(COC(=O)CCCC\C=C/C\C=C/C\C=C/C\C=C/CC)OC(=O)CCCCCC\C=C/C\C=C/C\C=C/CCCCC,[H][C@](CO)(COC(=O)CCC\C=C/C\C=C/C\C=C/CCCCCCCC)OC(=O)CCCC\C=C/C\C=C/C\C=C/C\C=C/CC,638.974,638.974,2.27E-13
102,[H][C@@](O)(COP(O)(=O)OC[C@@]([H])(COC(=O)CCCCCCCCCCC(C)CC)OC(=O)CCCCCCCCCCCC(C)C)COP(O)(=O)OC[C@@]([H])(COC(=O)CCCCCCCCC(C)C)OC(=O)CCCCCCCCCCC(C)CC,[H][C@](O)(COP(O)(=O)OC[C@@]([H])(COC(=O)CCCCCCCCC(C)CC)OC(=O)CCCCCCCCCCCCCC(C)C)COP(O)(=O)OC[C@@]([H])(COC(=O)CCCCCCCCCCCC(C)C)OC(=O)CCCCCCCCC(C)C,1255.681,1255.681,4.55E-13
103,[H][C@](O)(COP(O)(=O)OC[C@@]([H])(COC(=O)CCCCCCC)OC(=O)CCCCCCCCCCCCCCCCC)COP(O)(=O)OC[C@@]([H])(COC(=O)CCCCCCCCCCCCCCCCC(C)C)OC(=O)CCCCCCCCCCCCCCCCC(C)C,[H][C@](O)(COP(O)(=O)OC[C@@]([H])(COC(=O)CCCCCCC)OC(=O)CCCCCCCCCCCCCCC)COP(O)(=O)OC[C@@]([H])(COC(=O)CCCCCCCCCCCCCC(C)C)OC(=O)CCCCCCCCCCCCCCCCCCCCCCCC,1381.924,1381.924,9.09E-13
104,[H][C@@](O)(COP(O)(=O)OC[C@@]([H])(COC(=O)CCCCCCCCCCCCCCCCCCC(C)C)OC(=O)CCCCCCCCCCCCCCCCCCCCCCCC)COP(O)(=O)OC[C@@]([H])(COC(=O)CCCCCCCCC(C)C)OC(=O)CCCCCCCCCCCCCCC(C)C,[H][C@](O)(COP(O)(=O)OC[C@@]([H])(COC(=O)CCCCCCCCCC)OC(=O)CCCCCCCCCCCCCCCCCC)COP(O)(=O)OC[C@@]([H])(COC(=O)CCCCCCCCCCCCCCCCCCC(C)C)OC(=O)CCCCCCCCCCCCCCCCCCCCC(C)CC,1536.221,1536.221,0
105,[H][C@@](COC(=O)CCCCCCCCCCCCCCCCCCCCC)(COC(=O)CCCCCCCCCCCCCC(C)C)OC(=O)CCCCCCCCCCCCCCCCC,[H][C@](COC(=O)CCCCCCCCCCCCCCCCC(C)CC)(COC(=O)CCCCCCCCC(C)C)OC(=O)CCCCCCCCCCCCCCCCCCCCC(C)C,933.582,933.582,0
106,[H][C@](O)(COP(O)(=O)OC[C@@]([H])(COC(=O)CCCCCCCCC)OC(=O)CCCCCCCCCCCC(C)C)COP(O)(=O)OC[C@@]([H])(COC(=O)CCCCCCCCCCCCCCCCCCC(C)C)OC(=O)CCCCCCCCCCCCCCCCCCCCCCC,[H][C@@](O)(COP(O)(=O)OC[C@@]([H])(COC(=O)CCCCCCCCCCCCCCCCCCCC)OC(=O)CCCCCCCCCCCCCCCCC(C)CC)COP(O)(=O)OC[C@@]([H])(COC(=O)CCCCCCCCCC(C)C)OC(=O)CCCCCCCCCCCCC(C)C,1452.059,1452.059,2.27E-13
107,[H][C@](O)(COP(O)(=O)OC[C@@]([H])(COC(=O)CCCCCCC)OC(=O)CCCCCCCCCCC(C)C)COP(O)(=O)OC[C@@]([H])(COC(=O)CCCCCCCCCCCCCCCCCCCCCC)OC(=O)CCCCCCCCCCCCCCCCCCCCCCC,[H][C@](O)(COP(O)(=O)OC[C@@]([H])(COC(=O)CCCCCCCCCCC)OC(=O)CCCCCCCCCCC)COP(O)(=O)OC[C@@]([H])(COC(=O)CCCCCCCCCCCCCCCCC(C)C)OC(=O)CCCCCCCCCCCCCCCCCCCCCCCC,1424.005,1424.005,2.27E-13
108,[H][C@](O)(COP(O)(=O)OC[C@@]([H])(COC(=O)CCCCCCCCC)OC(=O)CCCCCCCCCCCC(C)C)COP(O)(=O)OC[C@@]([H])(COC(=O)CCCCCCCCCCCCCCCCCCCCCC)OC(=O)CCCCCCCCCCCCCCCCCCCCCCC,[H][C@@](O)(COP(O)(=O)OC[C@@]([H])(COC(=O)CCCCCCCCCCCCCCCCCC)OC(=O)CCCCCCCCCCCCCCCC(C)C)COP(O)(=O)OC[C@@]([H])(COC(=O)CCCCCCCCCCCC(C)C)OC(=O)CCCCCCCCCCCCCCCCCC,1466.086,1466.086,2.27E-13
109,[H][C@](O)(COP(O)(=O)OC[C@@]([H])(COC(=O)CCCCCCCCC)OC(=O)CCCCCCCCCCCCC(C)C)COP(O)(=O)OC[C@@]([H])(COC(=O)CCCCCCCCCCCCCCC(C)C)OC(=O)CCCCCCCCCCCCCCCCCCCCCCCC,[H]C(O)(COP(O)(=O)OC[C@@]([H])(COC(=O)CCCCCCCCCCCCCC(C)C)OC(=O)CCCCCCCCCCCCCCCCCC(C)C)COP(O)(=O)OC[C@@]([H])(COC(=O)CCCCCCCCCCC(C)C)OC(=O)CCCCCCCCCCCCC(C)CC,1424.005,1424.005,2.27E-13
110,[H][C@](O)(COP(O)(=O)OC[C@@]([H])(COC(=O)CCCCCCCCC)OC(=O)CCCCCCCCCCCC)COP(O)(=O)OC[C@@]([H])(COC(=O)CCCCCCCCCCCCCCCCCCCCCC)OC(=O)CCCCCCCCCCCCCCCCCCCCC(C)CC,[H][C@](O)(COP(O)(=O)OC[C@@]([H])(COC(=O)CCCCCCCCCCC)OC(=O)CCCCCCCCCCCCCC)COP(O)(=O)OC[C@@]([H])(COC(=O)CCCCCCCCCCCCCCCC(C)C)OC(=O)CCCCCCCCCCCCCCCCCCCCCCCC,1452.059,1452.059,0
111,[H][C@](COC(=O)CCCCC\C=C/C\C=C/C\C=C/C\C=C/CCCCC)(COC(=O)CCC\C=C/C\C=C/C\C=C/C\C=C/C\C=C/CC)OC(=O)CCCCC\C=C/C\C=C/C\C=C/C\C=C/C\C=C/CC,[H][C@@](COC(=O)CCC\C=C/C\C=C/CC1OC1C\C=C/CCCCC)(COP(O)(=O)OP(O)(=O)OC[C@H]1O[C@H]([C@H](O)[C@@H]1O)N1C=CC(N)=NC1=O)OC(=O)CCCCCCCCCCC(C)CC,1003.547,1004.102,0.555
112,[H][C@@](O)(COP(O)(=O)OC[C@@]([H])(COC(=O)CCCCCCCCCCCCCCCCC(C)CC)OC(=O)CCCCCCCCCCCCCC(C)C)COP(O)(=O)OC[C@@]([H])(COC(=O)CCCCCCCCC(C)CC)OC(=O)CCCCCCCCCCC(C)C,[H][C@@](O)(COP(O)(=O)OC[C@@]([H])(COC(=O)CCCCCCCCCCC(C)CC)OC(=O)CCCCCCCCCC(C)C)COP(O)(=O)OC[C@@]([H])(COC(=O)CCCCCCCCC(C)C)OC(=O)CCCCCCCCCCCCCCCCCCCCC(C)CC,1367.897,1367.897,4.55E-13
113,[H][C@@](O)(COP(O)(=O)OC[C@@]([H])(COC(=O)CCCCCCCCCCCCCCCCC(C)C)OC(=O)CCCCCCCCCCCCCCCCCCCCCCCC)COP(O)(=O)OC[C@@]([H])(COC(=O)CCCCCCCCC(C)C)OC(=O)CCCCCCCCCCC(C)CC,[H][C@@](O)(COP(O)(=O)OC[C@@]([H])(COC(=O)CCCCCCCCCCCCCCCCC(C)C)OC(=O)CCCCCCCCCCCCCCCCCC(C)C)COP(O)(=O)OC[C@@]([H])(COC(=O)CCCCCCCCC(C)C)OC(=O)CCCCCCCCCCCCCCCCCC,1466.086,1466.086,6.82E-13
114,[H][C@](COC(=O)CCCCCCCCCCCCCC)(COC(=O)CCCCCCCCCCCCCCC)OC(=O)CCCCCCCCCCCCCCCCCCCCC(C)C,[H][C@@](COC(=O)CCCCCCCCCCCCCCCCC)(COC(=O)CCCCCCCCCCCCCCC(C)C)OC(=O)CCCCCCCCCCCCCCCC(C)C,905.528,905.528,1.14E-13
115,[H][C@@](O)(COP(O)(=O)OC[C@@]([H])(COC(=O)CCCCCCCCCCCCCCCC)OC(=O)CCCCCCCCCCCCCCCCCCCCC(C)C)COP(O)(=O)OC[C@@]([H])(COC(=O)CCCCCCCCC(C)C)OC(=O)CCCCCCCCCCCCC,[H]C(O)(COP(O)(=O)OC[C@@]([H])(COC(=O)CCCCCCCCCCCC(C)C)OC(=O)CCCCCCCCCCCCCCCCCCCCC(C)C)COP(O)(=O)OC[C@@]([H])(COC(=O)CCCCCCCCCC(C)C)OC(=O)CCCCCCCCCCC(C)CC,1395.951,1395.951,2.27E-13
116,[H][C@](O)(COP(O)(=O)OC[C@@]([H])(COC(=O)CCCCCCCCCCCCCC)OC(=O)CCCCCCCCCCCCCC)COP(O)(=O)OC[C@@]([H])(COC(=O)CCCCCCC\C=C/C=C\CCCCCC)OC(=O)CCCCCCCCCCCCCCCCC(C)CC,[H][C@](O)(COP(O)(=O)OC[C@@]([H])(COC(=O)CCCCCCCCCC(C)C)OC(=O)CCCCCCCCCCCCCCCC)COP(O)(=O)OC[C@@]([H])(COC(=O)CCCCCCC\C=C/C=C\CCCCCC)OC(=O)CCCCCCCCCCCCCCCCCCCC,1419.973,1419.973,2.27E-13
117,[H]C(O)(COP(O)(=O)OC[C@@]([H])(COC(=O)CCCCCCCCCCCCCCCCCC(C)C)OC(=O)CCCCCCCCCCCCCCCCC(C)C)COP(O)(=O)OC[C@@]([H])(COC(=O)CCCCCCCCCC(C)C)OC(=O)CCCCCCCCCCC(C)C,[H][C@@](O)(COP(O)(=O)OC[C@@]([H])(COC(=O)CCCCCCCCCCCCCCC)OC(=O)CCCCCCCCCCCCCCCCCCC(C)C)COP(O)(=O)OC[C@@]([H])(COC(=O)CCCCCCCCCCC(C)CC)OC(=O)CCCCCCCCCCCC(C)C,1409.978,1409.978,2.27E-13
118,[H][C@@](O)(COP(O)(=O)OC[C@@]([H])(COC(=O)CCCCCCCCCCCCCCCCC(C)C)OC(=O)CCCCCCCCCCCCCCCCCCCCC(C)C)COP(O)(=O)OC[C@@]([H])(COC(=O)CCCCCCCCCCC(C)CC)OC(=O)CCCCCCCCCCCCCCCCCC,[H][C@@](O)(COP(O)(=O)OC[C@@]([H])(COC(=O)CCCCCCCCCCCCCCCCCCCCC)OC(=O)CCCCCCCCCCCCCCCCCCCCC(C)CC)COP(O)(=O)OC[C@@]([H])(COC(=O)CCCCCCCCCC(C)C)OC(=O)CCCCCCCCCCCCCCCCC,1550.248,1550.248,2.27E-13
119,[H][C@](O)(COP(O)(=O)OC[C@@]([H])(COC(=O)CCCCCCCCC)OC(=O)CCCCCCCCCCCCCCCCC(C)C)COP(O)(=O)OC[C@@]([H])(COC(=O)CCCCCCCCCCCCCCCCC(C)CC)OC(=O)CCCCCCCCCCCCCCCCCCCCCCCC,[H]C(O)(COP(O)(=O)OC[C@@]([H])(COC(=O)CCCCCCCCCCCCCCCC(C)C)OC(=O)CCCCCCCCCCCCCCCCCCCCC(C)CC)COP(O)(=O)OC[C@@]([H])(COC(=O)CCCCCCCCCC(C)C)OC(=O)CCCCCCCCCCCCCCCC(C)C,1522.194,1522.194,6.82E-13
120,[H][C@@](O)(COP(O)(=O)OC[C@@]([H])(COC(=O)CCCCCCCCC(C)CC)OC(=O)CCCCCCCCCCCCCCCCCCCCC(C)CC)COP(O)(=O)OC[C@@]([H])(COC(=O)CCCCCCCCC(C)C)OC(=O)CCCCCCCCCC(C)C,[H][C@@](O)(COP(O)(=O)OC[C@@]([H])(COC(=O)CCCCCCCCCCCCCC)OC(=O)CCCCCCCCCCCCCCCCCC(C)C)COP(O)(=O)OC[C@@]([H])(COC(=O)CCCCCCCCC(C)C)OC(=O)CCCCCCCCCCCCCC,1339.843,1339.843,2.27E-13
121,[H][C@](COC(=O)CCCCCCCCCCCCC)(COC(=O)CCCCC\C=C/C\C=C/C\C=C/C\C=C/CCCCC)OC(=O)CCCCCCCCCCCCCCCCC,[H][C@](COC(=O)CCCCCCCCCCCCCCCCCCC)(COC(=O)CCC\C=C/C\C=C/C\C=C/CCCCCCCC)OC(=O)CCCCCCC\C=C/CCCC,883.437,883.437,2.27E-13
122,[H][C@@](O)(COP(O)(=O)OC[C@@]([H])(COC(=O)CCCCCCCCCCC(C)CC)OC(=O)CCCCCCCCCCCCCCCCCCCCC)COP(O)(=O)OC[C@@]([H])(COC(=O)CCCCCCCCCC(C)C)OC(=O)CCCCCCCCCC(C)C,[H][C@](O)(COP(O)(=O)OC[C@@]([H])(COC(=O)CCCCCCC)OC(=O)CCCCCCCCCC(C)C)COP(O)(=O)OC[C@@]([H])(COC(=O)CCCCCCCCCCCCCCC(C)C)OC(=O)CCCCCCCCCCCCCCCCCCCCCCC,1339.843,1339.843,1.14E-12
123,[H][C@@](O)(COP(O)(=O)OC[C@@]([H])(COC(=O)CCCCCCCCCCCCCCCCCCC(C)C)OC(=O)CCCCCCCCCCCCCC(C)C)COP(O)(=O)OC[C@@]([H])(COC(=O)CCCCCCCCC(C)C)OC(=O)CCCCCCCCC(C)CC,[H][C@](O)(COP(O)(=O)OC[C@@]([H])(COC(=O)CCCCCCCCC)OC(=O)CCCCCCCCCCCCCCCCC)COP(O)(=O)OC[C@@]([H])(COC(=O)CCCCCCCCCCCCCCC(C)C)OC(=O)CCCCCCCCCCCCCCC(C)C,1353.87,1353.87,4.55E-13
124,CCCCCCCC\C=C/C\C=C/C\C=C/CCCC(=O)O[C@H](COC(=O)CCC\C=C/C[C@@H]1[C@@H](\C=C\[C@@H](O)CCCCC)[C@H](O)CC1=O)COP(O)(=O)OC[C@@H](O)CO,[H][C@](COC(=O)CCCCCCC\C=C/C\C=C/C\C=C/CC)(COC(=O)CCCC\C=C/C\C=C/C\C=C/C\C=C/CC)OC(=O)CCCC\C=C/C\C=C/C\C=C/C\C=C/CC,869.083,869.325,0.242
125,[H][C@@](O)(COP(O)(=O)OC[C@@]([H])(COC(=O)CCCCCCCCCCCCCCCCC(C)CC)OC(=O)CCCCCCCCCCCC(C)C)COP(O)(=O)OC[C@@]([H])(COC(=O)CCCCCCCCC(C)CC)OC(=O)CCCCCCCCCCCC(C)C,[H][C@](O)(COP(O)(=O)OC[C@@]([H])(COC(=O)CCCCCCCCCCC)OC(=O)CCCCCCCCCCCC(C)C)COP(O)(=O)OC[C@@]([H])(COC(=O)CCCCCCCCCCCCCCCC)OC(=O)CCCCCCCCCCCCCCCCCCC,1353.87,1353.87,2.27E-13
126,[H][C@](O)(COP(O)(=O)OC[C@@]([H])(COC(=O)CCCCCCCCCCCC)OC(=O)CCCCCCCCCCCCCCCCCCC)COP(O)(=O)OC[C@@]([H])(COC(=O)CCCCCCCCCCCCCCCCC(C)CC)OC(=O)CCCCCCCCCCCCCCCCC(C)CC,[H][C@](O)(COP(O)(=O)OC[C@@]([H])(COC(=O)CCCCCCCCCCCCCCC)OC(=O)CCCCCCCCCCCCCCC)COP(O)(=O)OC[C@@]([H])(COC(=O)CCCCCCCCCCCCCCC(C)C)OC(=O)CCCCCCCCCCCCCCCCCCCCC(C)CC,1508.167,1508.167,0
127,[H][C@@](O)(COP(O)(=O)OC[C@@]([H])(COC(=O)CCCCCCCCCCC(C)C)OC(=O)CCCCCCCCCCCCC(C)CC)COP(O)(=O)OC[C@@]([H])(COC(=O)CCCCCCCCC(C)C)OC(=O)CCCCCCCCCCCC(C)C,[H][C@](O)(COP(O)(=O)OC[C@@]([H])(COC(=O)CCCCCCC)OC(=O)CCCCCCCCCCC)COP(O)(=O)OC[C@@]([H])(COC(=O)CCCCCCCCCCCCC)OC(=O)CCCCCCCCCCCCCCCCCCCCC(C)C,1269.708,1269.708,4.55E-13
128,[H][C@@](O)(COP(O)(=O)OC[C@@]([H])(COC(=O)CCCCCCCCCCCCCCC(C)C)OC(=O)CCCCCCCCCCCCCCCCCC)COP(O)(=O)OC[C@@]([H])(COC(=O)CCCCCCCCCCCCC)OC(=O)CCCCCCCCCCC(C)CC,[H][C@@](O)(COP(O)(=O)OC[C@@]([H])(COC(=O)CCCCCCCCCCCCCCCCCCC)OC(=O)CCCCCCCCCCCCCCCCC(C)CC)COP(O)(=O)OC[C@@]([H])(COC(=O)CCCCCCCCC(C)C)OC(=O)CCCCCCCCCCCC,1381.924,1381.924,4.55E-13
129,[H][C@](O)(COP(O)(=O)OC[C@@]([H])(COC(=O)CCCCCCCCCCCC)OC(=O)CCCCCCCCCCCCCCC)COP(O)(=O)OC[C@@]([H])(COC(=O)CCCCCCCCCCCCC(C)C)OC(=O)CCCCCCCCCCCCCCCCCCC(C)C,[H][C@@](O)(COP(O)(=O)OC[C@@]([H])(COC(=O)CCCCCCCCCCCCCCC(C)C)OC(=O)CCCCCCCCCCCCCCCCCCCC)COP(O)(=O)OC[C@@]([H])(COC(=O)CCCCCCCCCCC(C)C)OC(=O)CCCCCCCCCCC(C)C,1395.951,1395.951,0
130,[H]C(O)(COP(O)(=O)OC[C@@]([H])(COC(=O)CCCCCCCCCCCCCCCCCCCCC(C)C)OC(=O)CCCCCCCCCCCC(C)C)COP(O)(=O)OC[C@@]([H])(COC(=O)CCCCCCCCCC(C)C)OC(=O)CCCCCCCCCCC(C)C,[H][C@@](O)(COP(O)(=O)OC[C@@]([H])(COC(=O)CCCCCCCCC(C)CC)OC(=O)CCCCCCCCCCCCCCCCCCCCC(C)CC)COP(O)(=O)OC[C@@]([H])(COC(=O)CCCCCCCCC(C)CC)OC(=O)CCCCCCCCCCCC(C)C,1381.924,1381.924,4.55E-13
131,[H][C@](O)(COP(O)(=O)OC[C@@]([H])(COC(=O)CCCCCCCCCCCC)OC(=O)CCCCCCCCCCCCCCCC)COP(O)(=O)OC[C@@]([H])(COC(=O)CCCCCCCCCCCCCCCC(C)C)OC(=O)CCCCCCCCCCCCCCCCCCCCCCCC,[H][C@@](O)(COP(O)(=O)OC[C@@]([H])(COC(=O)CCCCCCCCCCCCCCCCCCCCC)OC(=O)CCCCCCCCCCCCCCCCCCCCC(C)C)COP(O)(=O)OC[C@@]([H])(COC(=O)CCCCCCCCCCCCC)OC(=O)CCCCCCCCCCC(C)C,1494.14,1494.14,0
132,[H][C@](O)(COP(O)(=O)OC[C@@]([H])(COC(=O)CCCCCCCCCC)OC(=O)CCCCCCCCCCCCCCC)COP(O)(=O)OC[C@@]([H])(COC(=O)CCCCCCCCCCCCCCCCCCC)OC(=O)CCCCCCCCCCCCCCCCCCCCCCCC,[H][C@@](O)(COP(O)(=O)OC[C@@]([H])(COC(=O)CCCCCCCCCCCCCCCCCC(C)C)OC(=O)CCCCCCCCCCCCCCCCCCCCCC)COP(O)(=O)OC[C@@]([H])(COC(=O)CCCCCCCCC(C)CC)OC(=O)CCCCCCCCCCCC(C)C,1466.086,1466.086,6.82E-13
133,CCCCC[C@H](O)\C=C\[C@H]1[C@H](O)CC(=O)[C@@H]1C\C=C/CCCC(=O)OC[C@@H](O)CO,C[N+](C)(C)CC(CC([O-])=O)OC(=O)CCCCCC=CCCCCC=CCC(O)=O,426.55,425.566,0.984
134,[H][C@@](O)(COP(O)(=O)OC[C@@]([H])(COC(=O)CCCCCCCCCCCCCCCCCCC)OC(=O)CCCCCCCCCCCCCCCCCCCCC(C)C)COP(O)(=O)OC[C@@]([H])(COC(=O)CCCCCCCCCCC(C)CC)OC(=O)CCCCCCCCCCCCCCCCC,[H][C@@](O)(COP(O)(=O)OC[C@@]([H])(COC(=O)CCCCCCCCCCCCCCCCCCCCCCC)OC(=O)CCCCCCCCCCCCCCCCCCCCC(C)CC)COP(O)(=O)OC[C@@]([H])(COC(=O)CCCCCCCCC(C)CC)OC(=O)CCCCCCCCCCCCCC,1536.221,1536.221,2.27E-13
135,[H][C@](O)(COP(O)(=O)OC[C@@]([H])(COC(=O)CCCCCCC)OC(=O)CCCCCCCCC)COP(O)(=O)OC[C@@]([H])(COC(=O)CCCCCCCCCCCCC(C)C)OC(=O)CCCCCCCCCCCCCCCCCCC(C)C,[H][C@](O)(COP(O)(=O)OC[C@@]([H])(COC(=O)CCCCCCC)OC(=O)CCCCCCCCCCC(C)C)COP(O)(=O)OC[C@@]([H])(COC(=O)CCCCCCCCCCCCCCC)OC(=O)CCCCCCCCCCCCCCCCC,1241.654,1241.654,2.27E-13
136,[H][C@](O)(COP(O)(=O)OC[C@@]([H])(COC(=O)CCCCCCCCCCCC)OC(=O)CCCCCCCCCCCCCCC(C)C)COP(O)(=O)OC[C@@]([H])(COC(=O)CCCCCCCCCCCCCCCCC(C)CC)OC(=O)CCCCCCCCCCCCCCCCCCC(C)C,[H][C@@](O)(COP(O)(=O)OC[C@@]([H])(COC(=O)CCCCCCCCCCCCCCCCCCCCCC)OC(=O)CCCCCCCCCCCCCCCCCCCCCCC)COP(O)(=O)OC[C@@]([H])(COC(=O)CCCCCCCCC(C)C)OC(=O)CCCCCCCCCCCC(C)C,1494.14,1494.14,2.27E-13
137,[H][C@](COC(=O)CCCCCCCCCCCCCCCC)(COC(=O)CCCCCCCCC(C)CC)OC(=O)CCCCCCCCCCCCCCCCCCC(C)C,[H][C@@](COC(=O)CCCCCCCCCCCCCCCCC)(COC(=O)CCCCCCCCCCCC(C)C)OC(=O)CCCCCCCCCCCCCCCCCC,863.447,863.447,1.14E-13
138,[H][C@](O)(COP(O)(=O)OC[C@@]([H])(COC(=O)CCCCCCCCC)OC(=O)CCCCCCCCC)COP(O)(=O)OC[C@@]([H])(COC(=O)CCCCCCCCCCCCCCCCCC(C)C)OC(=O)CCCCCCCCCCCCCCCCCCCCCC,[H]C(O)(COP(O)(=O)OC[C@@]([H])(COC(=O)CCCCCCCCCCCCC(C)CC)OC(=O)CCCCCCCCCCCCCCCCC(C)C)COP(O)(=O)OC[C@@]([H])(COC(=O)CCCCCCCCCCC(C)C)OC(=O)CCCCCCCCCC(C)C,1353.87,1353.87,6.82E-13
139,[H][C@](O)(COP(O)(=O)OC[C@@]([H])(COC(=O)CCCCCCCCCCC)OC(=O)CCCCCCCCCCCCC(C)C)COP(O)(=O)OC[C@@]([H])(COC(=O)CCCCCCCCCCCCCCCCC(C)CC)OC(=O)CCCCCCCCCCCCCCCCCCCCCC,[H]C(O)(COP(O)(=O)OC[C@@]([H])(COC(=O)CCCCCCCCCCCCC(C)CC)OC(=O)CCCCCCCCCCCCCCCCC(C)C)COP(O)(=O)OC[C@@]([H])(COC(=O)CCCCCCCCCC(C)C)OC(=O)CCCCCCCCCCCCCCCCCCC(C)C,1466.086,1466.086,2.27E-13
140,[H][C@@](O)(COP(O)(=O)OC[C@@]([H])(COC(=O)CCCCCCCCCCC(C)CC)OC(=O)CCCCCCCCCCCCCC(C)C)COP(O)(=O)OC[C@@]([H])(COC(=O)CCCCCCCCC(C)C)OC(=O)CCCCCCCCCCCCCCCCC(C)CC,[H][C@@](O)(COP(O)(=O)OC[C@@]([H])(COC(=O)CCCCCCCCCCCCCCCC)OC(=O)CCCCCCCCCCCCCCCC(C)C)COP(O)(=O)OC[C@@]([H])(COC(=O)CCCCCCCCCCC(C)C)OC(=O)CCCCCCCCCCCCCC,1367.897,1367.897,2.27E-13
141,[H][C@@](O)(COP(O)(=O)OC[C@@]([H])(COC(=O)CCCCCCCCCCCCCC)OC(=O)CCCCCCCCCCCCCCCCCCC(C)C)COP(O)(=O)OC[C@@]([H])(COC(=O)CCCCCCCCCCC)OC(=O)CCCCCCCCC(C)CC,[H][C@](O)(COP(O)(=O)OC[C@@]([H])(COC(=O)CCCCCCCCC(C)CC)OC(=O)CCCCCCCCCCC(C)C)COP(O)(=O)OC[C@@]([H])(COC(=O)CCCCCCCCCCCCCCCCCCC(C)C)OC(=O)CCCCCCCCC(C)CC,1325.816,1325.816,2.27E-13
142,[H][C@](COC(=O)CCCCCCCCCCCCC)(COC(=O)CCCCCCCCCCCCCCCCCCCCC(C)C)OC(=O)CCCCCCCCCCCCCCC,[H][C@@](COC(=O)CCCCCCCCCCC)(COC(=O)CCCCCCCCCCCCCC(C)C)OC(=O)CCCCCCCCCCCCCCCCCCCCC(C)CC,891.501,891.501,1.14E-13
143,[H][C@](O)(COP(O)(=O)OC[C@@]([H])(COC(=O)CCCCCCCCCCCC)OC(=O)CCCCCCCCCCCCCCCC)COP(O)(=O)OC[C@@]([H])(COC(=O)CCCCCCCCCCCCCCCCCCC)OC(=O)CCCCCCCCCCCCCCCCCCCCC,[H][C@@](O)(COP(O)(=O)OC[C@@]([H])(COC(=O)CCCCCCCCCCCCCCCCC)OC(=O)CCCCCCCCCCCCCCCCC(C)CC)COP(O)(=O)OC[C@@]([H])(COC(=O)CCCCCCCCCCCC(C)C)OC(=O)CCCCCCCCCCCCCCCCC,1466.086,1466.086,0
144,[H][C@](O)(COP(O)(=O)OC[C@@]([H])(COC(=O)CCCCCCCCC(C)C)OC(=O)CCCCCCCCCCC(C)C)COP(O)(=O)OC[C@@]([H])(COC(=O)CCCCCCCCC(C)CC)OC(=O)CCCCCCCCCCCCCCCCCCCCC(C)CC,[H][C@](O)(COP(O)(=O)OC[C@@]([H])(COC(=O)CCCCCCCCCC)OC(=O)CCCCCCCCCCCCC(C)CC)COP(O)(=O)OC[C@@]([H])(COC(=O)CCCCCCCCCCCCCCC(C)C)OC(=O)CCCCCCCCCCCCCCC(C)C,1353.87,1353.87,9.09E-13
145,[H][C@@](O)(COP(O)(=O)OC[C@@]([H])(COC(=O)CCCCCCCCCCCCCCCCCC(C)C)OC(=O)CCCCCCCCCCCCCCCCCCCCC(C)CC)COP(O)(=O)OC[C@@]([H])(COC(=O)CCCCCCCCCCCCCC)OC(=O)CCCCCCCCCCCCCC(C)C,[H][C@@](O)(COP(O)(=O)OC[C@@]([H])(COC(=O)CCCCCCCCCCCCCCCCC(C)C)OC(=O)CCCCCCCCCCCCCCCCCCCCC(C)CC)COP(O)(=O)OC[C@@]([H])(COC(=O)CCCCCCCCC(C)CC)OC(=O)CCCCCCCCCCCCCCCCCCC,1550.248,1550.248,2.27E-13
146,[H][C@](COC(=O)CCCCCCCCCCCCCCCCCC(C)C)(COC(=O)CCCCCCCCCC(C)C)OC(=O)CCCCCCCCCCC(C)CC,[H][C@](COC(=O)CCCCCCCCCCCCCC)(COC(=O)CCCCCCCCCCCCCCCCC(C)CC)OC(=O)CCCCCCCCCCCC,821.366,821.366,0
147,[H][C@@](O)(COP(O)(=O)OC[C@@]([H])(COC(=O)CCCCCCCCCCCCCCCCC)OC(=O)CCCCCCCCCCCCCCCCCCCCC(C)C)COP(O)(=O)OC[C@@]([H])(COC(=O)CCCCCCCCCCC(C)CC)OC(=O)CCCCCCCCCCC(C)CC,[H][C@@](O)(COP(O)(=O)OC[C@@]([H])(COC(=O)CCCCCCCCCCCCCC(C)C)OC(=O)CCCCCCCCCCCCCCCCCCCCC(C)CC)COP(O)(=O)OC[C@@]([H])(COC(=O)CCCCCCCCCCCCC)OC(=O)CCCCCCCCCCCCC(C)C,1466.086,1466.086,2.27E-13
148,[H][C@@](O)(COP(O)(=O)OC[C@@]([H])(COC(=O)CCCCCCCCCCCCCCCCC(C)CC)OC(=O)CCCCCCCCCCCC(C)C)COP(O)(=O)OC[C@@]([H])(COC(=O)CCCCCCCCC(C)C)OC(=O)CCCCCCCCCCCC(C)C,[H][C@](O)(COP(O)(=O)OC[C@@]([H])(COC(=O)CCCCCCCCC)OC(=O)CCCCCCCCCCCCCC(C)C)COP(O)(=O)OC[C@@]([H])(COC(=O)CCCCCCCCCCCCCCCCC)OC(=O)CCCCCCCCCCCCCCCCC,1339.843,1339.843,2.27E-13
149,CC1=CC=CC(=N1)C(O)=O,OCC(=O)C1=CC=CC=C1,137.138,136.15,0.988
150,[H][C@](COC(=O)CCCCCCCCCCCCCCCCCC(C)C)(COC(=O)CCCCCCCCCC(C)C)OC(=O)CCCCCCCCCCCCCCCCCCCCC,[H][C@@](COC(=O)CCCCCCCCCCCC)(COC(=O)CCCCCCCCCCCCCCCCCCCCC(C)CC)OC(=O)CCCCCCCCCCCCCCCCC,919.555,919.555,1.14E-13
151,[H][C@@](O)(COP(O)(=O)OC[C@@]([H])(COC(=O)CCCCCCCCCCCCCCC(C)C)OC(=O)CCCCCCCCCCCCCCCCCCC(C)C)COP(O)(=O)OC[C@@]([H])(COC(=O)CCCCCCCCCCCCCC)OC(=O)CCCCCCCCCCCCC(C)CC,[H][C@](O)(COP(O)(=O)OC[C@@]([H])(COC(=O)CCCCCCCCCCCC)OC(=O)CCCCCCCCCCCCCCC(C)C)COP(O)(=O)OC[C@@]([H])(COC(=O)CCCCCCCCCCCCCCCCCCC)OC(=O)CCCCCCCCCCCCCCCCCCCC,1466.086,1466.086,2.27E-13
152,[H][C@](O)(COP(O)(=O)OC[C@@]([H])(COC(=O)CCCCCCCCCCC)OC(=O)CCCCCCCCCCCCCCCC(C)C)COP(O)(=O)OC[C@@]([H])(COC(=O)CCCCCCCCCCCCCCCCC(C)C)OC(=O)CCCCCCCCCCCCCCCCCCCCCCCC,[H][C@@](O)(COP(O)(=O)OC[C@@]([H])(COC(=O)CCCCCCCCCCCCCCCCCCCCC(C)CC)OC(=O)CCCCCCCCCCCCC(C)C)COP(O)(=O)OC[C@@]([H])(COC(=O)CCCCCCCCC(C)CC)OC(=O)CCCCCCCCCCCCCCCCCCC(C)C,1522.194,1522.194,2.27E-13
153,[H][C@](O)(COP(O)(=O)OC[C@@]([H])(COC(=O)CCCCCCCCCC)OC(=O)CCCCCCCCCCCCCCCC)COP(O)(=O)OC[C@@]([H])(COC(=O)CCCCCCCCCCCCCCCCCCCCC)OC(=O)CCCCCCCCCCCCCCCCCCCCCC,[H]C(O)(COP(O)(=O)OC[C@@]([H])(COC(=O)CCCCCCCCCCCCCCCCC(C)CC)OC(=O)CCCCCCCCCCC(C)CC)COP(O)(=O)OC[C@@]([H])(COC(=O)CCCCCCCCCC(C)C)OC(=O)CCCCCCCCCCCCCCCCCCCCC(C)C,1480.113,1480.113,0
154,[H][C@@](O)(COP(O)(=O)OC[C@@]([H])(COC(=O)CCCCCCCCCCCCCCCCCCC)OC(=O)CCCCCCCCCCCCCCCCC(C)C)COP(O)(=O)OC[C@@]([H])(COC(=O)CCCCCCCCCCCC(C)C)OC(=O)CCCCCCCCCCCCCC(C)C,[H][C@](O)(COP(O)(=O)OC[C@@]([H])(COC(=O)CCCCCCC)OC(=O)CCCCCCCCCCCCCCCCCC(C)C)COP(O)(=O)OC[C@@]([H])(COC(=O)CCCCCCCCCCCCCCCCCC(C)C)OC(=O)CCCCCCCCCCCCCCCCCCC(C)C,1466.086,1466.086,2.27E-13
155,CCCCC[C@H](O)\C=C\C=C/C\C=C/C=C/[C@H](O)CCCC(=O)OC[C@H](O)COC(=O)CCCCCCCCCCCCCCC(C)C,[H][C@](CO)(COC(=O)CCCCCCCCCCCCCCCCCCCCC)OC(=O)CCCCCCC\C=C/C\C=C/CCCCC,677.02,677.108,0.088
156,[H][C@](O)(COP(O)(=O)OC[C@@]([H])(COC(=O)CCCCCCCCC(C)CC)OC(=O)CCCCCCCCCCCCCCCCCCCCC(C)CC)COP(O)(=O)OC[C@@]([H])(COC(=O)CCCCCCCCCCCC(C)C)OC(=O)CCCCCCCCC(C)C,[H][C@](O)(COP(O)(=O)OC[C@@]([H])(COC(=O)CCCCCCCCCC)OC(=O)CCCCCCCCCCCCCCCC)COP(O)(=O)OC[C@@]([H])(COC(=O)CCCCCCCCCCCCC(C)CC)OC(=O)CCCCCCCCCCCCCCCCC(C)C,1367.897,1367.897,0
157,[H][C@](COC(=O)CCCCCCCCCCCCCCC)(COC(=O)CCCCCCCCCCCC(C)C)OC(=O)CCCCCCCCCCCCCCCC,[H][C@@](COC(=O)CCCCCCCCCCC(C)C)(COC(=O)CCCCCCCCCCC(C)CC)OC(=O)CCCCCCCCCCCCCCCC(C)C,807.339,807.339,0
158,[H][C@](O)(COP(O)(=O)OC[C@@]([H])(COC(=O)CCCCCCCCC)OC(=O)CCCCCCCCCCCCC)COP(O)(=O)OC[C@@]([H])(COC(=O)CCCCCCCCCCCCCCCCCCCC)OC(=O)CCCCCCCCCCCCCCCCCCCCCCCC,[H][C@](O)(COP(O)(=O)OC[C@@]([H])(COC(=O)CCCCCCCCC)OC(=O)CCCCCCCCCC)COP(O)(=O)OC[C@@]([H])(COC(=O)CCCCCCCCCCCCCCCCCCCCC(C)C)OC(=O)CCCCCCCCCCCCCCCCCCCCC(C)CC,1438.032,1438.032,4.55E-13
159,CC=CCC=CCCCCC(=O)SCCNC(=O)CCNC(=O)C(O)C(C)(C)COP(O)(=O)OP(O)(=O)OCC1OC(C(O)C1OP(O)(O)=O)N1C=NC2=C1N=CN=C2N,[H][C@@](COC(=O)CCCCCCCCCCCCCCC)(COP(O)(=O)O[C@H]1C(O)C(O)C(O)[C@@H](OP(O)(O)=O)C1O)OC(=O)CCCCCCC\C=C/CC1OC1CCCCC,931.789,931.044,0.745
160,[H][C@@](O)(COP(O)(=O)OC[C@@]([H])(COC(=O)CCCCCCCCCCCCCCCCC(C)CC)OC(=O)CCCCCCCCCCC(C)C)COP(O)(=O)OC[C@@]([H])(COC(=O)CCCCCCCCC(C)CC)OC(=O)CCCCCCCCCCC(C)CC,[H]C(O)(COP(O)(=O)OC[C@@]([H])(COC(=O)CCCCCCCCC(C)C)OC(=O)CCCCCCCCCCCCCCCCCC(C)C)COP(O)(=O)OC[C@@]([H])(COC(=O)CCCCCCCCC(C)C)OC(=O)CCCCCCCCCCCCCCC(C)C,1339.843,1339.843,2.27E-13
161,CC\C(=C(\C1=CC=C(OCCN(C)C)C=C1)C1=CC=CC(O)=C1)C1=CC=CC=C1,COC1=CC(C)C2CC3OC(=O)CC4C(C)=C(OC)C(=O)C(C34C)C2(C)C1=O,387.523,388.46,0.937
162,CCCCCCCCCCC=CCCCCCCCC(=O)SCCNC(=O)CCNC(=O)C(O)C(C)(C)COP(O)(=O)OP(O)(=O)OCC1OC(C(O)C1OP(O)(O)=O)N1C=NC2=C1N=CN=C2N,[H][C@](O)(COP(O)(=O)OC[C@@]([H])(COC(=O)CCCCCCCCC)OC(=O)CCCCCCCCC)COP(O)(=O)OC[C@@]([H])(COC(=O)CCCCCCCCCC)OC(=O)CCCCCCCCCCC,1060.048,1059.303,0.745
163,[H]C(O)(COP(O)(=O)OC[C@@]([H])(COC(=O)CCCCCCCCCC(C)C)OC(=O)CCCCCCCCCCCCC(C)C)COP(O)(=O)OC[C@@]([H])(COC(=O)CCCCCCCCCCCCC(C)C)OC(=O)CCCCCCCCC(C)CC,[H][C@@](O)(COP(O)(=O)OC[C@@]([H])(COC(=O)CCCCCCCCCCCC(C)C)OC(=O)CCCCCCCCCCCCCCCCC(C)CC)COP(O)(=O)OC[C@@]([H])(COC(=O)CCCCCCCCC)OC(=O)CCCCCCCCC(C)C,1269.708,1269.708,2.27E-13
164,[H][C@](O)(COP(O)(=O)OC[C@@]([H])(COC(=O)CCCCCCC)OC(=O)CCCCCCCCCCCCCC)COP(O)(=O)OC[C@@]([H])(COC(=O)CCCCCCCCCCCCCCCCCCCCCC)OC(=O)CCCCCCCCCCCCCCCCCCCCCCC,[H][C@](O)(COP(O)(=O)OC[C@@]([H])(COC(=O)CCCCCCCCCCCCC)OC(=O)CCCCCCCCCCCCC)COP(O)(=O)OC[C@@]([H])(COC(=O)CCCCCCCCCCCCCCC(C)C)OC(=O)CCCCCCCCCCCCCCCCCCCCC(C)C,1438.032,1438.032,4.55E-13
165,[H][C@@](O)(COP(O)(=O)OC[C@@]([H])(COC(=O)CCCCCCCCCCCCCCC(C)C)OC(=O)CCCCCCCCCCCCCCCCCCCCC)COP(O)(=O)OC[C@@]([H])(COC(=O)CCCCCCCCC(C)C)OC(=O)CCCCCCCCCC(C)C,[H]C(O)(COP(O)(=O)OC[C@@]([H])(COC(=O)CCCCCCCCCC(C)C)OC(=O)CCCCCCCCCCCCCCCCCCCCC(C)C)COP(O)(=O)OC[C@@]([H])(COC(=O)CCCCCCCCCCC(C)CC)OC(=O)CCCCCCCCCC(C)C,1367.897,1367.897,2.27E-13
166,[H][C@@](COC(=O)CCCC(O)C(O)C\C=C/C\C=C/C\C=C/CCCCC)(COP(O)(=O)OCCN)OC(=O)CCCCCC\C=C/C\C=C/C\C=C/C\C=C/CC,[H][C@](COC(=O)CCCCCCCCCCCCCC)(COC(=O)CCCCCCCCCCCCCCCCC(C)C)OC(=O)CCCCCCCCCCC(C)C,822.074,821.366,0.708
167,[H][C@](O)(COP(O)(=O)OC[C@@]([H])(COC(=O)CCCCCCCCCCCC)OC(=O)CCCCCCCCCCCC)COP(O)(=O)OC[C@@]([H])(COC(=O)CCCCCCCCCCCCC)OC(=O)CCCCCCCCCCCCCCCCCC,[H]C(O)(COP(O)(=O)OC[C@@]([H])(COC(=O)CCCCCCCCCC(C)C)OC(=O)CCCCCCCCCCCCCCC(C)C)COP(O)(=O)OC[C@@]([H])(COC(=O)CCCCCCCCC(C)CC)OC(=O)CCCCCCCCCCC(C)CC,1283.735,1283.735,4.55E-13
168,[H][C@@](O)(COP(O)(=O)OC[C@@]([H])(COC(=O)CCCCCCCCCCCCCCCCCC)OC(=O)CCCCCCCCCCCCCCCCCCCCC(C)C)COP(O)(=O)OC[C@@]([H])(COC(=O)CCCCCCCCCC(C)C)OC(=O)CCCCCCCCCCCCCCC(C)C,[H]C(O)(COP(O)(=O)OC[C@@]([H])(COC(=O)CCCCCCCCCCCCCCCCCCCCC(C)CC)OC(=O)CCCCCCCCCCCCCCC(C)C)COP(O)(=O)OC[C@@]([H])(COC(=O)CCCCCCCCCC(C)C)OC(=O)CCCCCCCCCCCCCCC(C)C,1494.14,1494.14,4.55E-13
169,[H][C@](O)(COP(O)(=O)OC[C@@]([H])(COC(=O)CCCCCCCCC(C)CC)OC(=O)CCCCCCCCCCCCCCCC(C)C)COP(O)(=O)OC[C@@]([H])(COC(=O)CCCCCCCCC(C)CC)OC(=O)CCCCCCCCCCC(C)CC,[H][C@@](O)(COP(O)(=O)OC[C@@]([H])(COC(=O)CCCCCCCCCCCCCC(C)C)OC(=O)CCCCCCCCCCCCCCC(C)C)COP(O)(=O)OC[C@@]([H])(COC(=O)CCCCCCCCC(C)CC)OC(=O)CCCCCCCCC(C)C,1297.762,1297.762,0
170,CCCCCCCCCCCCCCCC(=O)CC(O)CCCC,COC(=O)\C=C\C1=CC=C(OC2OC(CO)C(O)C(O)C2O)C=C1,340.592,340.328,0.264
171,NC(CCC(O)=NC(CSC=O)C(O)=NCC(O)=O)C(O)=O,CN(C)(=O)CCCN1C2=CC=CC=C2SC2=C1C=C(Cl)C=C2,335.338,334.872,0.466
172,[H][C@@](O)(COP(O)(=O)OC[C@@]([H])(COC(=O)CCCCCCCCCCCCC(C)C)OC(=O)CCCCCCCCCCC(C)C)COP(O)(=O)OC[C@@]([H])(COC(=O)CCCCCCCCC(C)C)OC(=O)CCCCCCCCCC(C)C,[H][C@](O)(COP(O)(=O)OC[C@@]([H])(COC(=O)CCCCCCC)OC(=O)CCCCCCCCCCCCC)COP(O)(=O)OC[C@@]([H])(COC(=O)CCCCCCCCCCCCC)OC(=O)CCCCCCCCCCCCCCCC(C)C,1227.627,1227.627,2.27E-13
173,[H][C@@](O)(COP(O)(=O)OC[C@@]([H])(COC(=O)CCCCCCCCCCCCCCCCCC)OC(=O)CCCCCCCCCCCCCCCCCCCCCCC)COP(O)(=O)OC[C@@]([H])(COC(=O)CCCCCCCCCCC(C)C)OC(=O)CCCCCCCCCCCCCCCCC,[H]C(O)(COP(O)(=O)OC[C@@]([H])(COC(=O)CCCCCCCCCCC(C)CC)OC(=O)CCCCCCCCCCCCCCCCCCCCC(C)C)COP(O)(=O)OC[C@@]([H])(COC(=O)CCCCCCCCC(C)C)OC(=O)CCCCCCCCCCCCCCCCCCCCC(C)C,1508.167,1508.167,0
174,[H][C@@](O)(COP(O)(=O)OC[C@@]([H])(COC(=O)CCCCCCCCCCCCCCCCCC(C)C)OC(=O)CCCCCCCCCCCCC(C)C)COP(O)(=O)OC[C@@]([H])(COC(=O)CCCCCCCCC(C)C)OC(=O)CCCCCCCCCCCCCCCC(C)C,[H][C@](O)(COP(O)(=O)OC[C@@]([H])(COC(=O)CCCCCCCCC(C)CC)OC(=O)CCCCCCCCCCCCC(C)CC)COP(O)(=O)OC[C@@]([H])(COC(=O)CCCCCCCCCCCCCCCCCCCCC(C)CC)OC(=O)CCCCCCCCCC(C)C,1409.978,1409.978,2.27E-13
175,[H][C@](COC(=O)CCCCCCCCCCC)(COC(=O)CCCCCCCCCCCCCCCCCCC(C)C)OC(=O)CCCCCCCCC(C)C,[H][C@](COC(=O)CCCCCCCCCCCCCCC)(COC(=O)CCCCCCCCCCCCCCCCCCCCC)OC(=O)CCCCCCC,779.285,779.285,2.27E-13
176,[H][C@](COC(=O)CCCCCCCCCCCC)(COC(=O)CCCCCCCCC(C)C)OC(=O)CCCCCCCCC,[H][C@](CO)(COC(=O)CCCCCCCCCCCCCCCC)OC(=O)CCCCCCCCCCCCCCCC(C)C,624.988,625.032,0.044
177,[H][C@@](O)(COP(O)(=O)OC[C@@]([H])(COC(=O)CCCCCCCCCCCCCCCCCCC)OC(=O)CCCCCCCCCCCCCCCCCCCCC)COP(O)(=O)OC[C@@]([H])(COC(=O)CCCCCCCCCCCC(C)C)OC(=O)CCCCCCCCCCCCCCCCCCC,[H][C@@](O)(COP(O)(=O)OC[C@@]([H])(COC(=O)CCCCCCCCCCCCCCCCCCC)OC(=O)CCCCCCCCCCCCCCCCCCCCCCC)COP(O)(=O)OC[C@@]([H])(COC(=O)CCCCCCCCCCCC(C)C)OC(=O)CCCCCCCCCCCCCCC(C)C,1536.221,1536.221,4.55E-13
178,[H][C@](O)(COP(O)(=O)OC[C@@]([H])(COC(=O)CCCCCCC)OC(=O)CCCCCCCCCCCCCCCCC)COP(O)(=O)OC[C@@]([H])(COC(=O)CCCCCCCCCCCCCCC(C)C)OC(=O)CCCCCCCCCCCCCCCCCCCCC(C)C,[H][C@](O)(COP(O)(=O)OC[C@@]([H])(COC(=O)CCCCCCC)OC(=O)CCCCCCCCC)COP(O)(=O)OC[C@@]([H])(COC(=O)CCCCCCCCCCCCCCCCCCCCCCCC)OC(=O)CCCCCCCCCCCCCCCCCCCCCCCC,1409.978,1409.978,2.27E-13
179,COC1=CC(O)=C2C(=O)C(OC3OCC(O)C(O)C3O)=C(OC2=C1)C1=CC(OC2OC(C)C(O)C(O)C2O)=C(O)C=C1,CCCCCCCCCCCC(=O)OC[C@H](O)COC(=O)CCCC(O)C(O)C\C=C/C\C=C/C\C=C/CCCCC,594.522,594.874,0.352
180,[H][C@](N)(COP(O)(=O)OC[C@@]([H])(COC(=O)CCCCCCC\C=C/CCCC)OC(=O)CCCCCCC\C=C/C\C=C/CCCCC)C(O)=O,[H][C@@](COC(=O)CCCC\C=C/C\C=C/C\C=C/C\C=C/CC)(COP(O)(O)=O)OC(=O)CCC\C=C/C\C=C/C\C=C/C=C/CC(O)\C=C/CC,729.933,730.92,0.987
181,[H][C@@](O)(COP(O)(=O)OC[C@@]([H])(COC(=O)CCCCCCCCCCCCCC(C)C)OC(=O)CCCCCCCCCCCCCCCCCC)COP(O)(=O)OC[C@@]([H])(COC(=O)CCCCCCCCCCC(C)CC)OC(=O)CCCCCCCCCCC(C)CC,[H][C@@](O)(COP(O)(=O)OC[C@@]([H])(COC(=O)CCCCCCCCCCCCC(C)C)OC(=O)CCCCCCCCCCCCCCCCCCCCC(C)C)COP(O)(=O)OC[C@@]([H])(COC(=O)CCCCCCCCC(C)C)OC(=O)CCCCCCCCCCC(C)C,1381.924,1381.924,2.27E-13
182,[H]C(O)(COP(O)(=O)OC[C@@]([H])(COC(=O)CCCCCCCCCCCCC(C)CC)OC(=O)CCCCCCCCCCCCCCCCCC(C)C)COP(O)(=O)OC[C@@]([H])(COC(=O)CCCCCCCCCC(C)C)OC(=O)CCCCCCCCCCCC(C)C,[H]C(O)(COP(O)(=O)OC[C@@]([H])(COC(=O)CCCCCCCCCCCC(C)C)OC(=O)CCCCCCCCCCCCCCCCC(C)CC)COP(O)(=O)OC[C@@]([H])(COC(=O)CCCCCCCCCCC(C)C)OC(=O)CCCCCCCCCCCCC(C)C,1381.924,1381.924,0
183,[H][C@](COC(=O)CCCCCCCCCCCCCCCC)(COC(=O)CCCCCCCCCCCCCCCCCCCCC(C)CC)OC(=O)CCCCCCCCCCCCCCCC(C)C,[H][C@@](COC(=O)CCCCCCCCCCC\C=C/C\C=C/CCCCC)(COC(=O)CCCC\C=C/C\C=C/C\C=C/CCCCC)OC(=O)CCCCCCCCCCC\C=C/C\C=C/CCCCC,989.69,989.605,0.085
184,[H][C@@](O)(COP(O)(=O)OC[C@@]([H])(COC(=O)CCCCCCCCCCCCCCCCC)OC(=O)CCCCCCCCCCCCCCCCCCC(C)C)COP(O)(=O)OC[C@@]([H])(COC(=O)CCCCCCCCC)OC(=O)CCCCCCCCC(C)CC,[H][C@@](O)(COP(O)(=O)OC[C@@]([H])(COC(=O)CCCCCCCCCC(C)C)OC(=O)CCCCCCCCCCCCCCCCCCCCC(C)C)COP(O)(=O)OC[C@@]([H])(COC(=O)CCCCCCCCC(C)CC)OC(=O)CCCCCCCCC(C)CC,1339.843,1339.843,2.27E-13
185,[H][C@](O)(COP(O)(=O)OC[C@@]([H])(COC(=O)CCCCCCCCC)OC(=O)CCCCCCCCCCCCC)COP(O)(=O)OC[C@@]([H])(COC(=O)CCCCCCCCCCCCCCCC(C)C)OC(=O)CCCCCCCCCCCCCCCCCCCCC(C)CC,[H][C@](O)(COP(O)(=O)OC[C@@]([H])(COC(=O)CCCCCCCCC)OC(=O)CCCCCCCCCCCCCCC)COP(O)(=O)OC[C@@]([H])(COC(=O)CCCCCCCCCCCCCCC(C)C)OC(=O)CCCCCCCCCCCCCCCCCCCCC(C)C,1409.978,1409.978,2.27E-13
186,[H]C(O)(COP(O)(=O)OC[C@@]([H])(COC(=O)CCCCCCCCCCCCCCCCCC(C)C)OC(=O)CCCCCCCCCCC(C)C)COP(O)(=O)OC[C@@]([H])(COC(=O)CCCCCCCCCCC(C)C)OC(=O)CCCCCCCCCCC(C)C,[H]C(O)(COP(O)(=O)OC[C@@]([H])(COC(=O)CCCCCCCCCC(C)C)OC(=O)CCCCCCCCCCC(C)CC)COP(O)(=O)OC[C@@]([H])(COC(=O)CCCCCCCCC(C)CC)OC(=O)CCCCCCCCCCCCCCCCCCC(C)C,1339.843,1339.843,4.55E-13
187,CCCCCCCCCCCCCCCCCCCCC(=O)OC[C@@H](COC(=O)CCCCCCCCCCCCCCC(C)C)OC(=O)CCCCCCCCCCCCC(C)CC,[H][C@](COC(=O)CCCCCCCCCCCCCCCCCC(C)C)(COC(=O)CCCCCCCCCC(C)C)OC(=O)CCCCCCCCCCCCCCCCCCC(C)C,919.555,919.555,0
188,[H]C(O)(COP(O)(=O)OC[C@@]([H])(COC(=O)CCCCCCCCCCCCCCCCC(C)C)OC(=O)CCCCCCCCCCCCCCCCCC(C)C)COP(O)(=O)OC[C@@]([H])(COC(=O)CCCCCCCCCC(C)C)OC(=O)CCCCCCCCCCC(C)CC,[H][C@@](O)(COP(O)(=O)OC[C@@]([H])(COC(=O)CCCCCCCCCCCCCCCCC(C)CC)OC(=O)CCCCCCCCCCCCCCCCCCCCCCC)COP(O)(=O)OC[C@@]([H])(COC(=O)CCCCCCCCCC)OC(=O)CCCCCCCCC(C)CC,1424.005,1424.005,2.27E-13
189,[H][C@@](O)(COP(O)(=O)OC[C@@]([H])(COC(=O)CCCCCCCCCCCCC(C)C)OC(=O)CCCCCCCCCCCCCCCC(C)C)COP(O)(=O)OC[C@@]([H])(COC(=O)CCCCCCCCCCCC(C)C)OC(=O)CCCCCCCCCCCC(C)C,[H][C@](O)(COP(O)(=O)OC[C@@]([H])(COC(=O)CCCCCCC)OC(=O)CCCCCCCCCCC(C)CC)COP(O)(=O)OC[C@@]([H])(COC(=O)CCCCCCCCCCCCCCCCCC(C)C)OC(=O)CCCCCCCCCCCCCCCCCC(C)C,1367.897,1367.897,0
190,[H][C@](O)(COP(O)(=O)OC[C@@]([H])(COC(=O)CCCCCCCCCC)OC(=O)CCCCCCCCCCC(C)C)COP(O)(=O)OC[C@@]([H])(COC(=O)CCCCCCCCCCCCCCCCCC(C)C)OC(=O)CCCCCCCCCCCCCCCCCCCCC,[H][C@@](O)(COP(O)(=O)OC[C@@]([H])(COC(=O)CCCCCCCCCCCCCC(C)C)OC(=O)CCCCCCCCCCCCCCCC(C)C)COP(O)(=O)OC[C@@]([H])(COC(=O)CCCCCCCCCCC(C)CC)OC(=O)CCCCCCCCCCCCCCCC,1409.978,1409.978,0
191,[H][C@@](O)(COP(O)(=O)OC[C@@]([H])(COC(=O)CCCCCCCCCCC(C)C)OC(=O)CCCCCCCCCCCCCCCCCCCCCCC)COP(O)(=O)OC[C@@]([H])(COC(=O)CCCCCCCCCCCC)OC(=O)CCCCCCCCC(C)CC,[H]C(O)(COP(O)(=O)OC[C@@]([H])(COC(=O)CCCCCCCCCCC(C)C)OC(=O)CCCCCCCCCCCCC(C)C)COP(O)(=O)OC[C@@]([H])(COC(=O)CCCCCCCCCC(C)C)OC(=O)CCCCCCCCCCCCCCCCCC(C)C,1353.87,1353.87,2.27E-13
192,[H]C(O)(COP(O)(=O)OC[C@@]([H])(COC(=O)CCCCCCCCCC(C)C)OC(=O)CCCCCCCCCCCCC(C)C)COP(O)(=O)OC[C@@]([H])(COC(=O)CCCCCCCCC(C)C)OC(=O)CCCCCCCCCCCCCCCCCCC(C)C,[H][C@@](O)(COP(O)(=O)OC[C@@]([H])(COC(=O)CCCCCCCCCCCCC(C)C)OC(=O)CCCCCCCCCCCCCCCCCCCCC(C)C)COP(O)(=O)OC[C@@]([H])(COC(=O)CCCCCCCCC)OC(=O)CCCCCCCCC(C)CC,1339.843,1339.843,4.55E-13
193,[H][C@@](O)(COP(O)(=O)OC[C@@]([H])(COC(=O)CCCCCCCCCCCCCCC)OC(=O)CCCCCCCCCCCCCCCCCCC(C)C)COP(O)(=O)OC[C@@]([H])(COC(=O)CCCCCCCCC(C)CC)OC(=O)CCCCCCCCCCC(C)CC,[H][C@](O)(COP(O)(=O)OC[C@@]([H])(COC(=O)CCCCCCCCCC)OC(=O)CCCCCCCCCCCC(C)C)COP(O)(=O)OC[C@@]([H])(COC(=O)CCCCCCCCCCCCC(C)CC)OC(=O)CCCCCCCCCCCCCCCCCCCCCC,1381.924,1381.924,4.55E-13
194,[H][C@](O)(COP(O)(=O)OC[C@@]([H])(COC(=O)CCCCCCC)OC(=O)CCCCCCCCCC)COP(O)(=O)OC[C@@]([H])(COC(=O)CCCCCCCCCCCCCCCC(C)C)OC(=O)CCCCCCCCCCCCCCCCCCC,[H][C@](O)(COP(O)(=O)OC[C@@]([H])(COC(=O)CCCCCCCCCC)OC(=O)CCCCCCCCCCCCC)COP(O)(=O)OC[C@@]([H])(COC(=O)CCCCCCCCCCCCC(C)C)OC(=O)CCCCCCCCCCCCCCCC,1269.708,1269.708,2.27E-13
195,[H]C(O)(COP(O)(=O)OC[C@@]([H])(COC(=O)CCCCCCCCCCC(C)C)OC(=O)CCCCCCCCCCC(C)CC)COP(O)(=O)OC[C@@]([H])(COC(=O)CCCCCCCCC(C)C)OC(=O)CCCCCCCCCCC(C)C,[H][C@@](O)(COP(O)(=O)OC[C@@]([H])(COC(=O)CCCCCCCCCCCC(C)C)OC(=O)CCCCCCCCCCCCC(C)C)COP(O)(=O)OC[C@@]([H])(COC(=O)CCCCCCCCCC)OC(=O)CCCCCCCCC(C)CC,1227.627,1227.627,4.55E-13
196,[H][C@](O)(COP(O)(=O)OC[C@@]([H])(COC(=O)CCCCCCCCCCC)OC(=O)CCCCCCCCCCC)COP(O)(=O)OC[C@@]([H])(COC(=O)CCCCCCCCC(C)CC)OC(=O)CCCCCCCCCCCCCCCCCCCCC,[H][C@@](O)(COP(O)(=O)OC[C@@]([H])(COC(=O)CCCCCCCCCCCCC(C)C)OC(=O)CCCCCCCCCCCCC(C)CC)COP(O)(=O)OC[C@@]([H])(COC(=O)CCCCCCCCCCCC)OC(=O)CCCCCCCCCC(C)C,1283.735,1283.735,6.82E-13
197,[H][C@](O)(COP(O)(=O)OC[C@@]([H])(COC(=O)CCCCCCCCCCCCC)OC(=O)CCCCCCCCCCCCCCCC)COP(O)(=O)OC[C@@]([H])(COC(=O)CCCCCCCCCCCCCCC(C)C)OC(=O)CCCCCCCCCCCCCCCCCCCCCCCC,[H][C@@](O)(COP(O)(=O)OC[C@@]([H])(COC(=O)CCCCCCCCCCCCCCCCCCCCCC)OC(=O)CCCCCCCCCCCCCCCCCCCCC(C)C)COP(O)(=O)OC[C@@]([H])(COC(=O)CCCCCCCCCC(C)C)OC(=O)CCCCCCCCCCCCC,1494.14,1494.14,0
198,[H][C@](COC(=O)CCCCCCCCCCC)(COC(=O)CCCCCCCCCCCCCCCCC(C)C)OC(=O)CCCCCCCCCCC(C)CC,[H][C@@](COC(=O)CCCCCCCCCCCCCCCCCCCC)(COC(=O)CCCCCCCCCC(C)C)OC(=O)CCCCCCCCC(C)CC,793.312,793.312,0
199,[H][C@](O)(COP(O)(=O)OC[C@@]([H])(COC(=O)CCCCCCCCCCCCCC)OC(=O)CCCCCCCCCCCCCC)COP(O)(=O)OC[C@@]([H])(COC(=O)CCCCCCCCCCCCCC(C)C)OC(=O)CCCCCCCCCCCCCCCCCCCC,[H][C@](O)(COP(O)(=O)OC[C@@]([H])(COC(=O)CCCCCCCCCCCCCC)OC(=O)CCCCCCCCCCCCCCCC)COP(O)(=O)OC[C@@]([H])(COC(=O)CCCCCCCCCCCCC(C)CC)OC(=O)CCCCCCCCCCCCCCCCCC,1409.978,1409.978,0
200,[H][C@@](COC(=O)CCCCCCCCCCCCCCC)(COC(=O)CCCCCCCCCCCCCCCCCC(C)C)OC(=O)CCCCCCCCCCC(C)C,[H][C@@](COC(=O)CCCCCCCCCCCCCCCCCC(C)C)(COC(=O)CCCCCCCCCCC(C)CC)OC(=O)CCCCCCCCCCCC(C)C,849.42,849.42,1.14E-13
201,[H][C@](O)(COP(O)(=O)OC[C@@]([H])(COC(=O)CCCCCCC)OC(=O)CCCCCCCCCCCCCCCCC)COP(O)(=O)OC[C@@]([H])(COC(=O)CCCCCCCCCCCCCCCCCC(C)C)OC(=O)CCCCCCCCCCCCCCCCCCCCC(C)C,[H][C@](O)(COP(O)(=O)OC[C@@]([H])(COC(=O)CCCCCCC\C=C/CCCCCC)OC(=O)CCCCCCC\C=C/CCCCCCCC)COP(O)(=O)OC[C@@]([H])(COC(=O)CCCCCCCCC\C=C/CCCCCC)OC(=O)CCC\C=C/C\C=C/C\C=C/C\C=C/CCCCC,1452.059,1451.974,0.085
202,[H][C@](O)(COP(O)(=O)OC[C@@]([H])(COC(=O)CCCCCCCCC)OC(=O)CCCCCCCCCCC(C)CC)COP(O)(=O)OC[C@@]([H])(COC(=O)CCCCCCCCCCCC(C)C)OC(=O)CCCCCCCCCCCCCCCCC,[H][C@@](O)(COP(O)(=O)OC[C@@]([H])(COC(=O)CCCCCCCCCCCCCC(C)C)OC(=O)CCCCCCCCCCCC(C)C)COP(O)(=O)OC[C@@]([H])(COC(=O)CCCCCCCCC(C)CC)OC(=O)CCCCCCCCCC(C)C,1269.708,1269.708,9.09E-13
203,[H][C@](O)(COP(O)(=O)OC[C@@]([H])(COC(=O)CCCCCCCCC)OC(=O)CCCCCCCCCCCCCC)COP(O)(=O)OC[C@@]([H])(COC(=O)CCCCCCCCCCCC(C)C)OC(=O)CCCCCCCCCCCCC(C)CC,[H]C(O)(COP(O)(=O)OC[C@@]([H])(COC(=O)CCCCCCCCC(C)CC)OC(=O)CCCCCCCCCCCCCCC(C)C)COP(O)(=O)OC[C@@]([H])(COC(=O)CCCCCCCCCC(C)C)OC(=O)CCCCCCCCC(C)CC,1255.681,1255.681,4.55E-13
204,[H][C@@](O)(COP(O)(=O)OC[C@@]([H])(COC(=O)CCCCCCCCCCCCCCCCC(C)CC)OC(=O)CCCCCCCCCCCCC(C)C)COP(O)(=O)OC[C@@]([H])(COC(=O)CCCCCCCCC(C)C)OC(=O)CCCCCCCCCCCC(C)C,[H][C@](O)(COP(O)(=O)OC[C@@]([H])(COC(=O)CCCCCCCCCCC)OC(=O)CCCCCCCCCCCC)COP(O)(=O)OC[C@@]([H])(COC(=O)CCCCCCCCCCCCCCCCC)OC(=O)CCCCCCCCCCCCCCCCCCCC,1353.87,1353.87,0
205,[H][C@](O)(CO)COP(O)(=O)OC[C@@]([H])(COC(=O)CCCCCC\C=C/C\C=C/C\C=C/C\C=C/CC)OC(=O)CCC[C@@H](O)\C=C/C=C/C=C/[C@@H](O)C\C=C/CCCCC,CCCCC[C@H](O)\C=C\[C@H]1OC(O)C[C@H](O)[C@@H]1C\C=C/CCCC(=O)O[C@H](COC(=O)CCCCCCCCCCCCCC(C)C)COP(O)(=O)OC[C@@H](O)CO,851.068,851.065,0.003
206,[H][C@](O)(COP(O)(=O)OC[C@@]([H])(COC(=O)CCCCCCCCCC)OC(=O)CCCCCCCCCCCCCCCC)COP(O)(=O)OC[C@@]([H])(COC(=O)CCCCCCCCCCCCCCCC)OC(=O)CCCCCCCCCCCCCCCCCCC(C)C,[H][C@](O)(COP(O)(=O)OC[C@@]([H])(COC(=O)CCCCCCCCC(C)CC)OC(=O)CCCCCCCCCCCCCC(C)C)COP(O)(=O)OC[C@@]([H])(COC(=O)CCCCCCCCCCCCCCCCCCCCC(C)C)OC(=O)CCCCCCCCC(C)CC,1395.951,1395.951,0
207,[H][C@@](O)(COP(O)(=O)OC[C@@]([H])(COC(=O)CCCCCCCCCCCCCCCCCC(C)C)OC(=O)CCCCCCCCCCCCCCCCCCC(C)C)COP(O)(=O)OC[C@@]([H])(COC(=O)CCCCCCCCC(C)C)OC(=O)CCCCCCCCC(C)C,[H][C@](O)(COP(O)(=O)OC[C@@]([H])(COC(=O)CCCCCCCCCCCC)OC(=O)CCCCCCCCCCCCC(C)CC)COP(O)(=O)OC[C@@]([H])(COC(=O)CCCCCCCCCCCCCC(C)C)OC(=O)CCCCCCCCCCCCCCCCC(C)C,1395.951,1395.951,0
208,[H][C@](O)(COP(O)(=O)OC[C@@]([H])(COC(=O)CCCCCCC)OC(=O)CCCCCCCCCCCCCCCC)COP(O)(=O)OC[C@@]([H])(COC(=O)CCCCCCCCCCCCCCCC)OC(=O)CCCCCCCCCCCCCCCCC(C)CC,[H][C@](O)(COP(O)(=O)OC[C@@]([H])(COC(=O)CCCCCCC)OC(=O)CCCCCCCCCC(C)C)COP(O)(=O)OC[C@@]([H])(COC(=O)CCCCCCCCCCCCCCCCCCCC)OC(=O)CCCCCCCCCCCCCCCCCCCC,1339.843,1339.843,2.27E-13
209,[H][C@@](O)(COP(O)(=O)OC[C@@]([H])(COC(=O)CCCCCCCCCCCCCCCC(C)C)OC(=O)CCCCCCCCCCCCCCCC(C)C)COP(O)(=O)OC[C@@]([H])(COC(=O)CCCCCCCCC(C)CC)OC(=O)CCCCCCCCCCCCC(C)C,[H][C@](O)(COP(O)(=O)OC[C@@]([H])(COC(=O)CCCCCCCCCCCCCC)OC(=O)CCCCCCCCCCCCCCC)COP(O)(=O)OC[C@@]([H])(COC(=O)CCCCCCCCCCCCC(C)CC)OC(=O)CCCCCCCCCCCCCCCCCC,1395.951,1395.951,0
210,[H][C@](O)(COP(O)(=O)OC[C@@]([H])(COC(=O)CCCCCCCCCCCCCC)OC(=O)CCCCCCCCCCCCCCCCC)COP(O)(=O)OC[C@@]([H])(COC(=O)CCCCCCCCCCCCCCCCCCC)OC(=O)CCCCCCCCCCCCCCCCCCCCCCC,[H][C@](O)(COP(O)(=O)OC[C@@]([H])(COC(=O)CCCCCCCCCCCCC)OC(=O)CCCCCCCCCCCCCCCCC)COP(O)(=O)OC[C@@]([H])(COC(=O)CCCCCCCCCCCCCCCCC(C)C)OC(=O)CCCCCCCCCCCCCCCCCCCCC(C)CC,1536.221,1536.221,4.55E-13
211,[H][C@](COC(=O)CCCCCCCCCCCCCCCCCCC)(COC(=O)CCCCCCCCCCCCCCCCCCCCC)OC(=O)CCCCCCCCCC(C)C,[H][C@](COC(=O)CCCCCCCCCCCCC)(COC(=O)CCCCCCCCCCCCCCCC(C)C)OC(=O)CCCCCCCCCCCCCCCCCCCCC,905.528,905.528,0
212,[H][C@@](COC(=O)CCC\C=C/C\C=C/C\C=C/C\C=C/CCCCC)(COP([O-])(=O)OCC[N+](C)(C)C)OC(=O)CCC\C=C/C\C=C/C\C=C/C\C=C/CC[C@H](O)CC,[H][C@@](COC(=O)CCCCCC\C=C/C\C=C/C\C=C/CCCCC)(COP([O-])(=O)OCC[N+](C)(C)C)OC(=O)CCC\C=C/C\C=C/C\C=C/C=C/C(=O)CCCCC,846.14,846.14,1.14E-13
213,[H][C@@](O)(COP(O)(=O)OC[C@@]([H])(COC(=O)CCCCCCCCCCCCCCCCCCC)OC(=O)CCCCCCCCCCCCCCCCCC(C)C)COP(O)(=O)OC[C@@]([H])(COC(=O)CCCCCCCCC(C)C)OC(=O)CCCCCCCCCCCCC(C)C,[H][C@](O)(COP(O)(=O)OC[C@@]([H])(COC(=O)CCCCCCCCCCC)OC(=O)CCCCCCCCCCCCCCC(C)C)COP(O)(=O)OC[C@@]([H])(COC(=O)CCCCCCCCCCCCCCCCCC)OC(=O)CCCCCCCCCCCCCCCCCCC,1424.005,1424.005,2.27E-13
214,[H][C@@](O)(COP(O)(=O)OC[C@@]([H])(COC(=O)CCCCCCCCCCCCCCCCCCCCC(C)C)OC(=O)CCCCCCCCCCCCC(C)C)COP(O)(=O)OC[C@@]([H])(COC(=O)CCCCCCCCC(C)CC)OC(=O)CCCCCCCCCCCC(C)C,[H][C@](O)(COP(O)(=O)OC[C@@]([H])(COC(=O)CCCCCCCCCCCCCC)OC(=O)CCCCCCCCCCCCCCC)COP(O)(=O)OC[C@@]([H])(COC(=O)CCCCCCCCCCCCCC(C)C)OC(=O)CCCCCCCCCCCCCCCCCCC,1409.978,1409.978,4.55E-13
215,[H][C@@](O)(COP(O)(=O)OC[C@@]([H])(COC(=O)CCCCCCCCCCCCCCC)OC(=O)CCCCCCCCCCCCCCCCCCCCC(C)CC)COP(O)(=O)OC[C@@]([H])(COC(=O)CCCCCCCCC(C)CC)OC(=O)CCCCCCCCCCCC(C)C,[H][C@@](O)(COP(O)(=O)OC[C@@]([H])(COC(=O)CCCCCCCCCCCCCC(C)C)OC(=O)CCCCCCCCCCCCCCCCCCCCCC)COP(O)(=O)OC[C@@]([H])(COC(=O)CCCCCCCCCC(C)C)OC(=O)CCCCCCCCCCCCC(C)C,1424.005,1424.005,2.27E-13
216,[H][C@](O)(COP(O)(=O)OC[C@@]([H])(COC(=O)CCCCCCCCCCCC)OC(=O)CCCCCCCCCCCCCCC)COP(O)(=O)OC[C@@]([H])(COC(=O)CCCCCCCCCCCCCCCCC(C)CC)OC(=O)CCCCCCCCCCCCCCCCCCCCC(C)CC,[H][C@@](O)(COP(O)(=O)OC[C@@]([H])(COC(=O)CCCCCCCCCCCCCCCCC(C)C)OC(=O)CCCCCCCCCCCCCCCCCC(C)C)COP(O)(=O)OC[C@@]([H])(COC(=O)CCCCCCCCCCCCCCC)OC(=O)CCCCCCCCCCCCCCC(C)C,1508.167,1508.167,4.55E-13
217,[H][C@@](O)(COP(O)(=O)OC[C@@]([H])(COC(=O)CCCCCCCCCCCCC(C)C)OC(=O)CCCCCCCCCCCCCCCC(C)C)COP(O)(=O)OC[C@@]([H])(COC(=O)CCCCCCCCC(C)CC)OC(=O)CCCCCCCCCCCCCCCCCCC(C)C,[H][C@@](O)(COP(O)(=O)OC[C@@]([H])(COC(=O)CCCCCCCCCCCCCCCCCCCC)OC(=O)CCCCCCCCCCCCCCCCCCCCC(C)C)COP(O)(=O)OC[C@@]([H])(COC(=O)CCCCCCCCC(C)C)OC(=O)CCCCCCCCCCCC,1438.032,1438.032,0
218,[H]C(O)(COP(O)(=O)OC[C@@]([H])(COC(=O)CCCCCCCCCCCCCCCCC(C)CC)OC(=O)CCCCCCCCCCCCCCCCC(C)CC)COP(O)(=O)OC[C@@]([H])(COC(=O)CCCCCCCCCC(C)C)OC(=O)CCCCCCCCCC(C)C,[H][C@@](O)(COP(O)(=O)OC[C@@]([H])(COC(=O)CCCCCCCCCCCCCCCCC(C)CC)OC(=O)CCCCCCCCCCCCCCCCCCCCCCC)COP(O)(=O)OC[C@@]([H])(COC(=O)CCCCCCCCCC)OC(=O)CCCCCCCCC(C)C,1409.978,1409.978,2.27E-13
219,[H]C(O)(COP(O)(=O)OC[C@@]([H])(COC(=O)CCCCCCCCCCCCCCCCC(C)CC)OC(=O)CCCCCCCCCCCC(C)C)COP(O)(=O)OC[C@@]([H])(COC(=O)CCCCCCCCCC(C)C)OC(=O)CCCCCCCCC(C)C,[H][C@@](O)(COP(O)(=O)OC[C@@]([H])(COC(=O)CCCCCCCCCCCCC(C)CC)OC(=O)CCCCCCCCCCC(C)CC)COP(O)(=O)OC[C@@]([H])(COC(=O)CCCCCCCCC(C)C)OC(=O)CCCCCCCCCCCCC(C)CC,1311.789,1311.789,2.27E-13
220,[H][C@@](O)(COP(O)(=O)OC[C@@]([H])(COC(=O)CCCCCCCCCCCCCCCCCCC(C)C)OC(=O)CCCCCCCCCCCCC(C)CC)COP(O)(=O)OC[C@@]([H])(COC(=O)CCCCCCCCC(C)C)OC(=O)CCCCCCCCCCCCCCC(C)C,[H][C@@](O)(COP(O)(=O)OC[C@@]([H])(COC(=O)CCCCCCCCCCCCCCC(C)C)OC(=O)CCCCCCCCCCCCCCCCCC(C)C)COP(O)(=O)OC[C@@]([H])(COC(=O)CCCCCCCCCCC(C)CC)OC(=O)CCCCCCCCCCCC(C)C,1424.005,1424.005,2.27E-13
221,[H][C@@](O)(COP(O)(=O)OC[C@@]([H])(COC(=O)CCCCCCCCCCCCC(C)C)OC(=O)CCCCCCCCCCCCCCCCCCCCCCC)COP(O)(=O)OC[C@@]([H])(COC(=O)CCCCCCCCCCC(C)C)OC(=O)CCCCCCCCCCC(C)CC,[H][C@@](O)(COP(O)(=O)OC[C@@]([H])(COC(=O)CCCCCCCCCCCCCCC(C)C)OC(=O)CCCCCCCCCCCCCCCCCC)COP(O)(=O)OC[C@@]([H])(COC(=O)CCCCCCCCCCC(C)CC)OC(=O)CCCCCCCCCCCCCC(C)C,1424.005,1424.005,0
222,[H][C@](O)(COP(O)(=O)OC[C@@]([H])(COC(=O)CCCCCCCCC(C)CC)OC(=O)CCCCCCCCCC(C)C)COP(O)(=O)OC[C@@]([H])(COC(=O)CCCCCCCCCCC(C)CC)OC(=O)CCCCCCCCC(C)CC,[H][C@](O)(COP(O)(=O)OC[C@@]([H])(COC(=O)CCCCCCCCC)OC(=O)CCCCCCCCCCCCC)COP(O)(=O)OC[C@@]([H])(COC(=O)CCCCCCCCCCCCCC)OC(=O)CCCCCCCCCCCC(C)C,1213.6,1213.6,0
223,[H][C@@](O)(COP(O)(=O)OC[C@@]([H])(COC(=O)CCCCCCCCCCCCC(C)CC)OC(=O)CCCCCCCCCCCCCCCCCCCCCC)COP(O)(=O)OC[C@@]([H])(COC(=O)CCCCCCCCCC(C)C)OC(=O)CCCCCCCCCCCCCC,[H][C@@](O)(COP(O)(=O)OC[C@@]([H])(COC(=O)CCCCCCCCCCCCCCCC)OC(=O)CCCCCCCCCCCCCCCCCCCCCC)COP(O)(=O)OC[C@@]([H])(COC(=O)CCCCCCCCC(C)CC)OC(=O)CCCCCCCCCCC(C)CC,1409.978,1409.978,2.27E-13
224,[H][C@](O)(COP(O)(=O)OC[C@@]([H])(COC(=O)CCCCCCCCCCCCCC)OC(=O)CCCCCCCCCCCCCCC)COP(O)(=O)OC[C@@]([H])(COC(=O)CCCCCCCCCCCCCC(C)C)OC(=O)CCCCCCCCCCCCCCCCCC,[H][C@](O)(COP(O)(=O)OC[C@@]([H])(COC(=O)CCCCCCC)OC(=O)CCCCCCCCCCCCC(C)CC)COP(O)(=O)OC[C@@]([H])(COC(=O)CCCCCCCCCCCCCC(C)C)OC(=O)CCCCCCCCCCCCCCCCCCCCCCCC,1395.951,1395.951,6.82E-13
225,[H][C@@](COC(=O)CCCCCCC[C@@H](O)[C@H](O)C\C=C/CCCCC)(COP(O)(=O)OC[C@H](N)C(O)=O)OC(=O)CCCCCCCCCCCCC,[H][C@](COC(=O)CCCCCCCCCCCCCCCCC(C)C)(COC(=O)CCCCCCCCCCC(C)CC)OC(=O)CCCCCCCCC,765.963,765.258,0.705
226,[H]C(O)(COP(O)(=O)OC[C@@]([H])(COC(=O)CCCCCCCCCCC(C)C)OC(=O)CCCCCCCCCCC(C)CC)COP(O)(=O)OC[C@@]([H])(COC(=O)CCCCCCCCCCC(C)C)OC(=O)CCCCCCCCC(C)CC,[H]C(O)(COP(O)(=O)OC[C@@]([H])(COC(=O)CCCCCCCCCCC(C)C)OC(=O)CCCCCCCCCCCC(C)C)COP(O)(=O)OC[C@@]([H])(COC(=O)CCCCCCCCC(C)C)OC(=O)CCCCCCCCCCC(C)CC,1241.654,1241.654,4.55E-13
227,[H][C@](O)(COP(O)(=O)OC[C@@]([H])(COC(=O)CCCCCCCCCCCCCC)OC(=O)CCCCCCCCCCCCCC)COP(O)(=O)OC[C@@]([H])(COC(=O)CCCCCCCCCCCCCCCC(C)C)OC(=O)CCCCCCCCCCCCCCCCCCC,[H][C@@](O)(COP(O)(=O)OC[C@@]([H])(COC(=O)CCCCCCCCCCCCCCCCCCC(C)C)OC(=O)CCCCCCCCCCCCCCCCCCCCCCCC)COP(O)(=O)OC[C@@]([H])(COC(=O)CCCCCCCCC)OC(=O)CCCCCCCCC(C)C,1424.005,1424.005,0
228,[H][C@@](O)(COP(O)(=O)OC[C@@]([H])(COC(=O)CCCCCCCCCCCCC(C)C)OC(=O)CCCCCCCCCCCCC(C)C)COP(O)(=O)OC[C@@]([H])(COC(=O)CCCCCCCCC(C)C)OC(=O)CCCCCCCCCCCCC(C)CC,[H][C@@](O)(COP(O)(=O)OC[C@@]([H])(COC(=O)CCCCCCCCCCCCC(C)C)OC(=O)CCCCCCCCCCCCC(C)CC)COP(O)(=O)OC[C@@]([H])(COC(=O)CCCCCCCCC(C)CC)OC(=O)CCCCCCCCCCCC(C)C,1311.789,1311.789,0
229,[H][C@@](COC(=O)CCCCCCC)(COC(=O)CCCCCCCCCCCCC(C)C)OC(=O)CCCCCCCCCCCCCCCCCCCCC,[H][C@](COC(=O)CCCCCCCCCCCCCCCCC)(COC(=O)CCCCCCCCCCCCC(C)C)OC(=O)CCCCCCCCCCC,779.285,779.285,4.55E-13
230,[H][C@](O)(COP(O)(=O)OC[C@@]([H])(COC(=O)CCCCCCCCCCC)OC(=O)CCCCCCCCCCCCC)COP(O)(=O)OC[C@@]([H])(COC(=O)CCCCCCCCCCCCCCC(C)C)OC(=O)CCCCCCCCCCCCCCCCCCCCCCCC,[H][C@@](O)(COP(O)(=O)OC[C@@]([H])(COC(=O)CCCCCCCCCCCCCCCCCCCC)OC(=O)CCCCCCCCCCCCCCCCCCCC)COP(O)(=O)OC[C@@]([H])(COC(=O)CCCCCCCCCCC)OC(=O)CCCCCCCCCCC(C)CC,1424.005,1424.005,2.27E-13
231,CCCCC[C@H](O)\C=C\[C@@H]1[C@@H](O)[C@@H](O)[C@H]2OP(O)(=O)OC[C@@H](COC(=O)CC\C=C/C\C=C/C\C=C/C\C=C/C\C=C/C\C=C/CC)OC(=O)CCC\C=C/C[C@@H]([C@@H](O)CC1=O)[C@@H](O)[C@H](O)[C@H]2O,[H][C@@](COCCCCCCCCCCCCCCCCCC)(COC(=O)CCCCCCCCCCCCC\C=C/CCCCCCCC)OC(=O)CCC\C=C/C\C=C/C\C=C/C\C=C/CCCCC,979.151,979.654,0.503
232,[H]C(O)(COP(O)(=O)OC[C@@]([H])(COC(=O)CCCCCCCCCCCCC(C)C)OC(=O)CCCCCCCCCCCCCCCCC(C)C)COP(O)(=O)OC[C@@]([H])(COC(=O)CCCCCCCCCC(C)C)OC(=O)CCCCCCCCCCCCCCCCC(C)CC,[H][C@](O)(COP(O)(=O)OC[C@@]([H])(COC(=O)CCCCCCCCCCCC)OC(=O)CCCCCCCCCCCCC(C)CC)COP(O)(=O)OC[C@@]([H])(COC(=O)CCCCCCCCCCCCCCC(C)C)OC(=O)CCCCCCCCCCCCCCCCCCC(C)C,1438.032,1438.032,0
233,[H][C@](O)(COP(O)(=O)OC[C@@]([H])(COC(=O)CCCCCCCCCC)OC(=O)CCCCCCCCCCCCCC(C)C)COP(O)(=O)OC[C@@]([H])(COC(=O)CCCCCCCCCCCCCCCCCC)OC(=O)CCCCCCCCCCCCCCCCCCCCC,[H][C@](O)(COP(O)(=O)OC[C@@]([H])(COC(=O)CCCCCCC)OC(=O)CCCCCCCCCCCCCCCC)COP(O)(=O)OC[C@@]([H])(COC(=O)CCCCCCCCCCCCCCCCCCCC)OC(=O)CCCCCCCCCCCCCCCCCCCCCC,1424.005,1424.005,2.27E-13
234,[H][C@](COC(=O)CCCCCCCCCCCCCCCCCCCC)(COC(=O)CCCCCCCCCCCCCCC(C)C)OC(=O)CCCCCCCCCCCCC,[H][C@@](COC(=O)CCCCCCCCCCCCCCCCCCC)(COC(=O)CCCCCCCCCCCCC(C)C)OC(=O)CCCCCCCCCCCCCC(C)C,877.474,877.474,1.14E-13
235,[H][C@](COC(=O)CCCCCCCCCCCCCCCCCCCC)(COC(=O)CCCCCCCCCC(C)C)OC(=O)CCCCCCCCCCCCCC(C)C,[H][C@](COC(=O)CCCCCCCCCCCCCCC(C)C)(COC(=O)CCCCCCCCCCCCC(C)C)OC(=O)CCCCCCCCCCCCCC(C)C,849.42,849.42,1.14E-13
236,[H][C@](COC(=O)CCCCCCCCCCCCCCC(C)C)(COC(=O)CCCCCCCCCCC(C)CC)OC(=O)CCCCCCC,[H][C@@](O)(COC(=O)CCCCCCCCCCCCCCCCCCCCC)COC(=O)CCCCCCCCCCCCCCCCC(C)C,709.15,709.194,0.044
237,[H][C@@](O)(COP(O)(=O)OC[C@@]([H])(COC(=O)CCCCCCCCCCCCCCC)OC(=O)CCCCCCCCCCCCCCCCCCCCC)COP(O)(=O)OC[C@@]([H])(COC(=O)CCCCCCCCCC(C)C)OC(=O)CCCCCCCCCCCCCCC,[H][C@](O)(COP(O)(=O)OC[C@@]([H])(COC(=O)CCCCCCCCCCCCC)OC(=O)CCCCCCCCCCCCCCC)COP(O)(=O)OC[C@@]([H])(COC(=O)CCCCCCCCCCCCCCC)OC(=O)CCCCCCCCCCCCCCCCCCCC,1395.951,1395.951,2.27E-13
238,[H][C@](O)(COP(O)(O)=O)COP(O)(=O)OC[C@@]([H])(COC(=O)CCC\C=C/C\C=C/C\C=C/C\C=C/[C@@H](O)CCCC)OC(=O)CCCCCCCCC\C=C/C\C=C/CCCCC,[H][C@](O)(COP(O)(O)=O)COP(O)(=O)OC[C@@]([H])(COC(=O)CCCCCCCCCCCCCCCCC)OC(=O)CC\C=C/C\C=C/C\C=C/C\C=C/CC1OC1C\C=C/CC,919.08,919.08,5.68E-13
239,[H][C@](COC(=O)CCCCCCCCCCCCCCC)(COC(=O)CCCCCCCCCCCCCCC(C)C)OC(=O)CCCCCCCCCCCCCCCCCC(C)C,[H][C@](COC(=O)CCCCCCCCCCCCCC)(COC(=O)CCCCCCCCCCCCCCCCCC)OC(=O)CCCCCCCCCCCCCCCCCC(C)C,905.528,905.528,1.14E-13
240,[H][C@](O)(COP(O)(=O)OC[C@@]([H])(COC(=O)CCCCCCCCCCC)OC(=O)CCCCCCCCCCCCC)COP(O)(=O)OC[C@@]([H])(COC(=O)CCCCCCCCCCCCCCCC(C)C)OC(=O)CCCCCCCCCCCCCCCCCCCCCCC,[H][C@](O)(COP(O)(=O)OC[C@@]([H])(COC(=O)CCCCCCCCC)OC(=O)CCCCCCCCCCCCCCCC(C)C)COP(O)(=O)OC[C@@]([H])(COC(=O)CCCCCCCCCCCCCCCC(C)C)OC(=O)CCCCCCCCCCCCCCCCCC(C)C,1424.005,1424.005,0
241,[H][C@@](O)(COP(O)(=O)OC[C@@]([H])(COC(=O)CCCCCCCCCCCCCCC(C)C)OC(=O)CCCCCCCCCCCCCCCCCC)COP(O)(=O)OC[C@@]([H])(COC(=O)CCCCCCCCCCC(C)C)OC(=O)CCCCCCCCCCCCCCCCC,[H][C@@](O)(COP(O)(=O)OC[C@@]([H])(COC(=O)CCCCCCCCCCCCCCC)OC(=O)CCCCCCC\C=C/C\C=C/CCCCC)COP(O)(=O)OC[C@@]([H])(COC(=O)CCCCCCC\C=C/CCCCCC)OC(=O)CCC\C=C/C\C=C/C\C=C/C\C=C/CCCCC,1424.005,1423.92,0.085
242,[H][C@@](COC(=O)CCCCCCCCCCCCCCCCCCCC)(COC(=O)CCCCCCCCCCCCC(C)CC)OC(=O)CCCCCCCCCCCCCC,[H][C@@](COC(=O)CCCCCCCCCCCCCCCCCCC(C)C)(COC(=O)CCCCCCCCCCCCC(C)C)OC(=O)CCCCCCCCCCC(C)CC,877.474,877.474,0
243,[H]C(O)(COP(O)(=O)OC[C@@]([H])(COC(=O)CCCCCCCCCCC(C)C)OC(=O)CCCCCCCCCCC(C)CC)COP(O)(=O)OC[C@@]([H])(COC(=O)CCCCCCCCC(C)CC)OC(=O)CCCCCCCCCCCCCCCCC(C)C,[H][C@@](O)(COP(O)(=O)OC[C@@]([H])(COC(=O)CCCCCCCCCCCCC(C)C)OC(=O)CCCCCCCCCCCCCC(C)C)COP(O)(=O)OC[C@@]([H])(COC(=O)CCCCCCCCC(C)C)OC(=O)CCCCCCCCCCCCC(C)CC,1325.816,1325.816,4.55E-13
244,[H][C@@](O)(COP(O)(=O)OC[C@@]([H])(COC(=O)CCCCCCCCCC(C)C)OC(=O)CCCCCCCCCCCCCCCCCCCC)COP(O)(=O)OC[C@@]([H])(COC(=O)CCCCCCCCC(C)CC)OC(=O)CCCCCCCCCC(C)C,[H][C@](O)(COP(O)(=O)OC[C@@]([H])(COC(=O)CCCCCCCCC(C)C)OC(=O)CCCCCCCCCCCCCCCCC(C)C)COP(O)(=O)OC[C@@]([H])(COC(=O)CCCCCCCCCCCC(C)C)OC(=O)CCCCCCCCC(C)CC,1297.762,1297.762,2.27E-13
245,[H][C@@](COC(=O)CCC\C=C/CC1OC1C\C=C/C\C=C/CCCCC)(COP(O)(=O)OP(O)(=O)OC[C@H]1O[C@H]([C@H](O)[C@@H]1O)N1C=CC(N)=NC1=O)OC(=O)CCCCCCCCC(C)CC,[H][C@@](COC(=O)CCCCCCCCCCCCCCCCCCCC)(COC(=O)CCCCCCCCCCCCCCCC(C)C)OC(=O)CCCCCCCCCCCCCCCCCCC,976.048,975.663,0.385
246,[H][C@@](O)(COP(O)(=O)OC[C@@]([H])(COC(=O)CCCCCCCCCCCCCCCCC)OC(=O)CCCCCCCCCCCCCCCCC(C)C)COP(O)(=O)OC[C@@]([H])(COC(=O)CCCCCCCCC(C)C)OC(=O)CCCCCCCCCCC(C)C,[H]C(O)(COP(O)(=O)OC[C@@]([H])(COC(=O)CCCCCCCCCCCC(C)C)OC(=O)CCCCCCCCCCCCCCCCC(C)C)COP(O)(=O)OC[C@@]([H])(COC(=O)CCCCCCCCCCC(C)C)OC(=O)CCCCCCCCCCC(C)CC,1353.87,1353.87,0
247,[H][C@](O)(COP(O)(=O)OC[C@@]([H])(COC(=O)CCCCCCCCCC)OC(=O)CCCCCCCCCCCCCCCCC)COP(O)(=O)OC[C@@]([H])(COC(=O)CCCCCCCCCCCCCCCCC(C)C)OC(=O)CCCCCCCCCCCCCCCCCCCCCCC,[H][C@@](O)(COP(O)(=O)OC[C@@]([H])(COC(=O)CCCCCCCCCCCCCCCCCC)OC(=O)CCCCCCCCCCCCCCCCCCCCC(C)C)COP(O)(=O)OC[C@@]([H])(COC(=O)CCCCCCCCC(C)C)OC(=O)CCCCCCCCCCCCCCCCC,1480.113,1480.113,0
248,[H][C@](COC(=O)CCCCCCCCCCCCCCCCCCCC)(COC(=O)CCCCCCCCCCCCCCCCC(C)C)OC(=O)CCCCCCC,[H][C@@](COC(=O)CCCCCCCCCCCCCCCC)(COC(=O)CCCCCCCCCCCC(C)C)OC(=O)CCCCCCCCCCCCCC(C)C,821.366,821.366,1.14E-13
249,[H]C(O)(COP(O)(=O)OC[C@@]([H])(COC(=O)CCCCCCCCC(C)C)OC(=O)CCCCCCCCCCCCCCCCCCCCC(C)C)COP(O)(=O)OC[C@@]([H])(COC(=O)CCCCCCCCCCCCC(C)CC)OC(=O)CCCCCCCCCC(C)C,[H][C@](O)(COP(O)(=O)OC[C@@]([H])(COC(=O)CCCCCCCCC)OC(=O)CCCCCCCCCCCCCC)COP(O)(=O)OC[C@@]([H])(COC(=O)CCCCCCCCCCCCCC(C)C)OC(=O)CCCCCCCCCCCCCCCCCCCCCCC,1381.924,1381.924,4.55E-13
250,[H]C(O)(COP(O)(=O)OC[C@@]([H])(COC(=O)CCCCCCCCCCCCC(C)CC)OC(=O)CCCCCCCCCCC(C)C)COP(O)(=O)OC[C@@]([H])(COC(=O)CCCCCCCCC(C)C)OC(=O)CCCCCCCCCCCCCCCCCCC(C)C,[H][C@@](O)(COP(O)(=O)OC[C@@]([H])(COC(=O)CCCCCCCCCC(C)C)OC(=O)CCCCCCCCCCCCCCCCCCCCC(C)C)COP(O)(=O)OC[C@@]([H])(COC(=O)CCCCCCCCC(C)CC)OC(=O)CCCCCCCCCCCC(C)C,1367.897,1367.897,2.27E-13
251,[H][C@](O)(COP(O)(=O)OC[C@@]([H])(COC(=O)CCCCCCCCC(C)C)OC(=O)CCCCCCCCCCCCCCCC(C)C)COP(O)(=O)OC[C@@]([H])(COC(=O)CCCCCCC\C=C/C=C\CCCCCC)OC(=O)CCCCCCCCC(C)CC,[H][C@](O)(COP(O)(=O)OC[C@@]([H])(COC(=O)CCCCCCC)OC(=O)CCCCCCCCC(C)C)COP(O)(=O)OC[C@@]([H])(COC(=O)CCCCCCC\C=C/C=C\CCCCCC)OC(=O)CCCCCCCCCCCCCCCCCCCCCCC,1321.784,1321.784,9.09E-13
252,CCCCC[C@@H](O)\C=C\[C@H]1[C@H](O)C[C@H](O)[C@H]1C\C=C/CC(=O)OC[C@H](COP(O)(O)=O)OC(=O)CCCCCCCCCCCCCCCCC(C)CC,[H][C@@](COC(=O)CCCCCCCCCCCCCCCCCCC)(COP(O)(O)=O)OC(=O)CCCCCCCCCCCCCCCCCCC(C)C,789.041,789.173,0.132
253,[H][C@](O)(COP(O)(=O)OC[C@@]([H])(COC(=O)CCCCCCCCC)OC(=O)CCCCCCCCCCC(C)CC)COP(O)(=O)OC[C@@]([H])(COC(=O)CCCCCCCCCCCCCCCCC)OC(=O)CCCCCCCCCCCCCCC(C)C,[H][C@@](O)(COP(O)(=O)OC[C@@]([H])(COC(=O)CCCCCCCCCCCCC)OC(=O)CCCCCCCCCCCCCCCCCCC(C)C)COP(O)(=O)OC[C@@]([H])(COC(=O)CCCCCCCCCCC)OC(=O)CCCCCCCCC(C)CC,1311.789,1311.789,0
254,[H][C@](COC(=O)CCCCCCCCCCCCCCC)(COC(=O)CCCCCCCCCCCCCCCC(C)C)OC(=O)CCCCCCCCCCCC,[H][C@](COC(=O)CCCCCCCCCCCCCCCC)(COC(=O)CCCCCCCCCCCCCCCCCCCC)OC(=O)CCCCCCCCC,807.339,807.339,1.14E-13
255,[H][C@@](O)(COP(O)(=O)OC[C@@]([H])(COC(=O)CCCCCCCCCCCCCCCCC(C)C)OC(=O)CCCCCCCCCCCCCC(C)C)COP(O)(=O)OC[C@@]([H])(COC(=O)CCCCCCCCC(C)C)OC(=O)CCCCCCCCCCCCCCCCC(C)CC,[H][C@@](O)(COP(O)(=O)OC[C@@]([H])(COC(=O)CCCCCCCCCCCCCCCCCC)OC(=O)CCCCCCCCCCCCCCCC(C)C)COP(O)(=O)OC[C@@]([H])(COC(=O)CCCCCCCCCC(C)C)OC(=O)CCCCCCCCCCCCCCCCCC,1438.032,1438.032,2.27E-13
256,CC1=CCC(CC1)C(C)(C)OC(=O)C1=CC=CC=C1N,O=N(=O)C1=CC2=C(C=CC3=CC=CC=C23)C2=CC=CC=C12,273.376,273.291,0.085
257,[H][C@](O)(COP(O)(=O)OC[C@@]([H])(COC(=O)CCCCCCC)OC(=O)CCCCCCCCCCCC)COP(O)(=O)OC[C@@]([H])(COC(=O)CCCCCCCCCCCCCCCCC(C)CC)OC(=O)CCCCCCCCCCCCCCCCCCCCCCCC,[H][C@@](O)(COP(O)(=O)OC[C@@]([H])(COC(=O)CCCCCCCCCCCCCCCC(C)C)OC(=O)CCCCCCCCCCCCCCCCCCC)COP(O)(=O)OC[C@@]([H])(COC(=O)CCCCCCCCC(C)C)OC(=O)CCCCCCCCCCCCC(C)C,1395.951,1395.951,6.82E-13
258,[H][C@@](O)(COP(O)(=O)OC[C@@]([H])(COC(=O)CCCCCCCCCCCCCCCCCC)OC(=O)CCCCCCCCCCCCCCCCCCCCC)COP(O)(=O)OC[C@@]([H])(COC(=O)CCCCCCCCCCCCC)OC(=O)CCCCCCCCCCCCC(C)C,[H][C@@](O)(COP(O)(=O)OC[C@@]([H])(COC(=O)CCCCCCCCCCCCCC(C)C)OC(=O)CCCCCCCCCCCCCCCCCCCCC)COP(O)(=O)OC[C@@]([H])(COC(=O)CCCCCCCCCCCC(C)C)OC(=O)CCCCCCCCCCCCCCCC,1452.059,1452.059,2.27E-13
259,[H][C@](O)(COP(O)(=O)OC[C@@]([H])(COC(=O)CCCCCCC\C=C/CCCCCCCC)OC(=O)CCCCCCC\C=C/CCCCCCCC)COP(O)(=O)OC[C@@]([H])(COC(=O)CC\C=C/C\C=C/C\C=C/C\C=C/C\C=C/C\C=C/CC)OC(=O)CCCCCCC\C=C/CCCCCC,[H][C@](O)(COP(O)(=O)OC[C@@]([H])(COC(=O)CCC\C=C/C\C=C/C\C=C/C\C=C/CCCCC)OC(=O)CCCCCCC\C=C/CCCCCCCC)COP(O)(=O)OC[C@@]([H])(COC(=O)CCCCCCCCCCCCCCC)OC(=O)CCC\C=C/C\C=C/C\C=C/C\C=C/CCCCC,1475.996,1475.996,0
260,[H][C@@](COCCCCCCCCCCCCCCCCCC)(COC(=O)CCCCCCCCC\C=C/CCCCCC)OC(=O)CCC\C=C/C\C=C/C\C=C/C\C=C/CCCCC,[H][C@](N)(COP(O)(=O)OC[C@@]([H])(COC(=O)CCCCCCCCCCCCCCCCCCCCC)OC(=O)CCCCC\C=C/C\C=C/C\C=C/C\C=C/CCCCC)C(O)=O,895.492,896.241,0.749
261,[H][C@@](COP([O-])(=O)OCC[N+](C)(C)C)(NC(=O)CCC[C@@H](O)\C=C\C=C/C\C=C/C\C=C/CCCCC)[C@H](O)\C=C\CCCCCCCC\C=C/CCC,[H][C@@](COC(=O)CCCCCCC)(COC(=O)CCCCCCCCCCCCC(C)C)OC(=O)CCCCCCCCCCCCCCCCC(C)CC,765.07,765.258,0.188
262,[H]C(O)(COP(O)(=O)OC[C@@]([H])(COC(=O)CCCCCCCCCC(C)C)OC(=O)CCCCCCCCCCCC(C)C)COP(O)(=O)OC[C@@]([H])(COC(=O)CCCCCCCCCCCCCCCCCCCCC(C)CC)OC(=O)CCCCCCCCC(C)C,[H][C@@](O)(COP(O)(=O)OC[C@@]([H])(COC(=O)CCCCCCCCCCCCCCCCC)OC(=O)CCCCCCCCCCCCCCCC(C)C)COP(O)(=O)OC[C@@]([H])(COC(=O)CCCCCCCCC(C)C)OC(=O)CCCCCCCCCCCCCCC,1367.897,1367.897,2.27E-13
263,[H][C@@](O)(COP(O)(=O)OC[C@@]([H])(COC(=O)CCCCCCCCCCCCC(C)CC)OC(=O)CCCCCCCCCCC(C)CC)COP(O)(=O)OC[C@@]([H])(COC(=O)CCCCCCCCC(C)C)OC(=O)CCCCCCCCCCCCCCCCC(C)CC,[H][C@@](O)(COP(O)(=O)OC[C@@]([H])(COC(=O)CCCCCCCCCCCCCCCC)OC(=O)CCCCCCCCCCCCCCCC(C)C)COP(O)(=O)OC[C@@]([H])(COC(=O)CCCCCCCCC(C)C)OC(=O)CCCCCCCCCCCCCCCC,1367.897,1367.897,2.27E-13
264,[H][C@](O)(COP(O)(=O)OC[C@@]([H])(COC(=O)CCCCCCCCC)OC(=O)CCCCCCCCCCCC)COP(O)(=O)OC[C@@]([H])(COC(=O)CCCCCCCCCCCCCCCCC)OC(=O)CCCCCCCCCCCCCCC(C)C,[H][C@@](O)(COP(O)(=O)OC[C@@]([H])(COC(=O)CCCCCCCCCCCCCC)OC(=O)CCCCCCCCCCCC(C)C)COP(O)(=O)OC[C@@]([H])(COC(=O)CCCCCCCCCCC(C)C)OC(=O)CCCCCCCCCCCCCC,1283.735,1283.735,2.27E-13
265,[H]C(O)(COP(O)(=O)OC[C@@]([H])(COC(=O)CCCCCCCCCC(C)C)OC(=O)CCCCCCCCCCCCCCCCC(C)C)COP(O)(=O)OC[C@@]([H])(COC(=O)CCCCCCCCCC(C)C)OC(=O)CCCCCCCCCCCCCCC(C)C,[H]C(O)(COP(O)(=O)OC[C@@]([H])(COC(=O)CCCCCCCCCC(C)C)OC(=O)CCCCCCCCCCCCC(C)CC)COP(O)(=O)OC[C@@]([H])(COC(=O)CCCCCCCCC(C)C)OC(=O)CCCCCCCCCCCCCCCCCCC(C)C,1353.87,1353.87,4.55E-13
266,[H][C@@](COC(=O)CCCCCCCCC1=C(C)C(C)=C(CCCCC)O1)(COP(O)(=O)OCCN)OC(=O)CCC\C=C/C\C=C/C\C=C/C\C=C/[C@H](O)CCCC,[H][C@@](COC(=O)CCCCCCCCCCCCCCC)(COC(=O)CCCCCCCCCCC(C)CC)OC(=O)CCCCCCCCCCCCCCCCC,822.074,821.366,0.708
267,[H]C(O)(COP(O)(=O)OC[C@@]([H])(COC(=O)CCCCCCCCCC(C)C)OC(=O)CCCCCCCCCCCCCCCCCCCCC(C)CC)COP(O)(=O)OC[C@@]([H])(COC(=O)CCCCCCCCCCC(C)C)OC(=O)CCCCCCCCCC(C)C,[H][C@@](O)(COP(O)(=O)OC[C@@]([H])(COC(=O)CCCCCCCCCCCCCCCCCCC(C)C)OC(=O)CCCCCCCCCCCCC(C)C)COP(O)(=O)OC[C@@]([H])(COC(=O)CCCCCCCCC(C)C)OC(=O)CCCCCCCCCCC(C)CC,1367.897,1367.897,2.27E-13
268,[H][C@@](COC(=O)CCCCCCCCCCCCC(C)C)(COC(=O)CCCCCCCCCC(C)C)OC(=O)CCCCCCCCCCCCCCCCC(C)CC,[H][C@](COC(=O)CCCCCCCCCCCCCCC)(COC(=O)CCCCCCCCCCCCCCCC(C)C)OC(=O)CCCCCCCCCCC(C)CC,835.393,835.393,3.41E-13
269,[H][C@@](O)(COP(O)(=O)OC[C@@]([H])(COC(=O)CCCCCCCCCCCCCCCCCC(C)C)OC(=O)CCCCCCCCCCCCCCCCCCCCC(C)C)COP(O)(=O)OC[C@@]([H])(COC(=O)CCCCCCCCCCC)OC(=O)CCCCCCCCCC(C)C,[H][C@@](O)(COP(O)(=O)OC[C@@]([H])(COC(=O)CCCCCCCCCCCCC(C)C)OC(=O)CCCCCCCCCCCCCCCCCCCCC(C)C)COP(O)(=O)OC[C@@]([H])(COC(=O)CCCCCCCCCCCCC)OC(=O)CCCCCCCCCCCCC(C)C,1438.032,1438.032,2.27E-13
270,[H][C@@](O)(COP(O)(=O)OC[C@@]([H])(COC(=O)CCCCCCCCCCCCC(C)C)OC(=O)CCCCCCCCCCCCCCC(C)C)COP(O)(=O)OC[C@@]([H])(COC(=O)CCCCCCCCC(C)CC)OC(=O)CCCCCCCCCCC(C)CC,[H][C@](O)(COP(O)(=O)OC[C@@]([H])(COC(=O)CCCCCCCCC)OC(=O)CCCCCCCCCC(C)C)COP(O)(=O)OC[C@@]([H])(COC(=O)CCCCCCCCCCCCCCCCCC)OC(=O)CCCCCCCCCCCCCCCCC(C)C,1325.816,1325.816,2.27E-13
271,[H][C@](COC(=O)CCCCCCCCCCCCCC)(COC(=O)CCCCCCCCCCCC(C)C)OC(=O)CCCCCCCCCCCC(C)C,[H][C@](COC(=O)CCCCCCCCCCCCCCC(C)C)(COC(=O)CCCCCCCCCCC(C)C)OC(=O)CCCCCCCCCC(C)C,765.258,765.258,1.14E-13
272,[H]C(O)(COP(O)(=O)OC[C@@]([H])(COC(=O)CCCCCCCCCCCCCCC(C)C)OC(=O)CCCCCCCCCCCCC(C)C)COP(O)(=O)OC[C@@]([H])(COC(=O)CCCCCCCCCC(C)C)OC(=O)CCCCCCCCCCC(C)CC,[H][C@](O)(COP(O)(=O)OC[C@@]([H])(COC(=O)CCCCCCCCC)OC(=O)CCCCCCCCCCCCC)COP(O)(=O)OC[C@@]([H])(COC(=O)CCCCCCCCCCCCC)OC(=O)CCCCCCCCCCCCCCCCCCCCCCC,1325.816,1325.816,9.09E-13
273,[H][C@@](O)(COP(O)(=O)OC[C@@]([H])(COC(=O)CCCCCCCCCCCCCCCCCCCCC)OC(=O)CCCCCCCCCCCCCCCCCCCCC)COP(O)(=O)OC[C@@]([H])(COC(=O)CCCCCCCCC(C)CC)OC(=O)CCCCCCCCCCCCCCCC,[H][C@@](O)(COP(O)(=O)OC[C@@]([H])(COC(=O)CCCCCCCCCCCCCCCCCC(C)C)OC(=O)CCCCCCCCCCCCCCCCC(C)CC)COP(O)(=O)OC[C@@]([H])(COC(=O)CCCCCCCCC(C)CC)OC(=O)CCCCCCCCCCCCCCCC(C)C,1494.14,1494.14,0
274,[H][C@](O)(COP(O)(=O)OC[C@@]([H])(COC(=O)CCCCCCC)OC(=O)CCCCCCCCCCCC)COP(O)(=O)OC[C@@]([H])(COC(=O)CCCCCCCCCCCCCCCCCCC)OC(=O)CCCCCCCCCCCCCCCCCCCCCCC,[H][C@](O)(COP(O)(=O)OC[C@@]([H])(COC(=O)CCCCCCCCC)OC(=O)CCCCCCCCC)COP(O)(=O)OC[C@@]([H])(COC(=O)CCCCCCCCCCCCCCCCC(C)C)OC(=O)CCCCCCCCCCCCCCCCCCCCCCCC,1367.897,1367.897,0
275,[H][C@@](O)(COP(O)(=O)OC[C@@]([H])(COC(=O)CCCCCCCCCCCCCCCCCC(C)C)OC(=O)CCCCCCCCCCCCCCCCCCC(C)C)COP(O)(=O)OC[C@@]([H])(COC(=O)CCCCCCCCCC)OC(=O)CCCCCCCCC(C)C,[H][C@@](O)(COP(O)(=O)OC[C@@]([H])(COC(=O)CCCCCCCCCCCCC(C)C)OC(=O)CCCCCCCCCCCCCCCCCCCCC(C)C)COP(O)(=O)OC[C@@]([H])(COC(=O)CCCCCCCCCCC)OC(=O)CCCCCCCCCCC(C)C,1381.924,1381.924,0
276,CC1(C)CCC2(CCC3(C)C(C2C1)C(=O)C=C1C2(C)C=C(C#N)C(=O)C(C)(C)C2CCC31C)C(=O)N1C=CN=C1,[H][C@](CO)(COC(=O)CCCCCCCCCCCCC(C)CC)OC(=O)CCCCCCCCCC(C)C,541.736,540.87,0.866
277,[H]C(O)(COP(O)(=O)OC[C@@]([H])(COC(=O)CCCCCCCCCCCCCCCCCCCCC(C)C)OC(=O)CCCCCCCCCCCCCCCCCCCCC(C)CC)COP(O)(=O)OC[C@@]([H])(COC(=O)CCCCCCCCC(C)C)OC(=O)CCCCCCCCCCCCCCCCCC(C)C,[H][C@@](O)(COP(O)(=O)OC[C@@]([H])(COC(=O)CCCCCCCCCCCCCCCCCCCCC(C)C)OC(=O)CCCCCCCCCCCCCCCCCCCCC(C)C)COP(O)(=O)OC[C@@]([H])(COC(=O)CCCCCCCCC(C)CC)OC(=O)CCCCCCCCCCCCCCCCCCCC,1606.356,1606.356,4.55E-13
278,[H][C@@](O)(COP(O)(=O)OC[C@@]([H])(COC(=O)CCCCCCCCCCCCCCCC)OC(=O)CCCCCCCCCCCCCCCCCCC)COP(O)(=O)OC[C@@]([H])(COC(=O)CCCCCCCCCCCCC)OC(=O)CCCCCCCCCCCCC(C)C,[H][C@@](O)(COP(O)(=O)OC[C@@]([H])(COC(=O)CCCCCCCCCCCCCCC)OC(=O)CCCCCCCCCCCCCCCCCCCC)COP(O)(=O)OC[C@@]([H])(COC(=O)CCCCCCCCCCCC(C)C)OC(=O)CCCCCCCCCCCC(C)C,1395.951,1395.951,2.27E-13
279,CCC(C1CCC(C)C(O1)C(C)C(O)C(C)C(=O)C(CC)C1OC2(OC3(CCC(C)(O3)C3CCC(O)(CC)C(C)O3)C(O)C=C2)C(C)CC1C)C(O)=O,[H][C@](COC(=O)CCCCCCCCCCCCC(C)C)(COC(=O)CCCCCCCCCCCC(C)C)OC(=O)CCCCCCCCCC(C)C,751.011,751.231,0.22
280,[H][C@](O)(COP(O)(=O)OC[C@@]([H])(COC(=O)CCCCCCCCCCCC)OC(=O)CCCCCCCCCCCCCCC)COP(O)(=O)OC[C@@]([H])(COC(=O)CCCCCCCCCCCCCCCCC(C)C)OC(=O)CCCCCCCCCCCCCCCCCCCCC(C)C,[H][C@@](O)(COP(O)(=O)OC[C@@]([H])(COC(=O)CCCCCCCCCCCCCCCCC(C)C)OC(=O)CCCCCCCCCCCCCCCCCCCCC(C)CC)COP(O)(=O)OC[C@@]([H])(COC(=O)CCCCCCCCCCCCC)OC(=O)CCCCCCCCCCC(C)C,1480.113,1480.113,0
281,[H][C@](O)(COP(O)(=O)OC[C@@]([H])(COC(=O)CCCCCCCCCCCC)OC(=O)CCCCCCCCCCCCCCCCCC(C)C)COP(O)(=O)OC[C@@]([H])(COC(=O)CCCCCCCCCCCCCCCCCCCCC)OC(=O)CCCCCCCCCCCCCCCCCCCCC(C)C,[H][C@](O)(COP(O)(=O)OC[C@@]([H])(COC(=O)CCCCCCCCCCCCCCC)OC(=O)CCCCCCCCCCCCCCCCC(C)CC)COP(O)(=O)OC[C@@]([H])(COC(=O)CCCCCCCCCCCCCCCCCC(C)C)OC(=O)CCCCCCCCCCCCCCCCCCC(C)C,1578.302,1578.302,2.27E-13
282,[H]C(O)(COP(O)(=O)OC[C@@]([H])(COC(=O)CCCCCCCCCCCCCCCCCCC(C)C)OC(=O)CCCCCCCCCCCCC(C)CC)COP(O)(=O)OC[C@@]([H])(COC(=O)CCCCCCCCCCC(C)C)OC(=O)CCCCCCCCC(C)C,[H]C(O)(COP(O)(=O)OC[C@@]([H])(COC(=O)CCCCCCCCCCCCCC(C)C)OC(=O)CCCCCCCCCCCCCCCCCC(C)C)COP(O)(=O)OC[C@@]([H])(COC(=O)CCCCCCCCCC(C)C)OC(=O)CCCCCCCCCCC(C)C,1367.897,1367.897,2.27E-13
283,[H][C@](COC(=O)CCCCCCCCCCCCCCCC(C)C)(COC(=O)CCCCCCCCCCC(C)C)OC(=O)CCCCCCCCCCC,[H][C@](COC(=O)CCCCCCCCCCCCC(C)C)(COC(=O)CCCCCCCCC(C)C)OC(=O)CCCCCCCCCCCCCCCC,765.258,765.258,2.27E-13
284,[H][C@@](O)(COP(O)(=O)OC[C@@]([H])(COC(=O)CCCCCCCCCCCCCCCCCC(C)C)OC(=O)CCCCCCCCCCCCCCCCCCCCC(C)C)COP(O)(=O)OC[C@@]([H])(COC(=O)CCCCCCCCC(C)C)OC(=O)CCCCCCCCCCCCCCC,[H][C@@](O)(COP(O)(=O)OC[C@@]([H])(COC(=O)CCCCCCCCCCCCCCCCCCC)OC(=O)CCCCCCCCCCCCCCCCCCCCC(C)C)COP(O)(=O)OC[C@@]([H])(COC(=O)CCCCCCCCCC(C)C)OC(=O)CCCCCCCCCCCCCCC,1480.113,1480.113,0
285,[H][C@](COC(=O)CCCCCCCCCCCCCCCCCC)(COC(=O)CCCCCCCCCCCCCCCC(C)C)OC(=O)CCCCCCCCCCCCCCC(C)C,[H][C@@](COC(=O)CCCCCCCCCCCCCCCC)(COC(=O)CCCCCCCCCCCCCCCCCCC(C)C)OC(=O)CCCCCCCCCCCCCC(C)C,919.555,919.555,0
286,[H][C@@](O)(COP(O)(=O)OC[C@@]([H])(COC(=O)CCCCCCCCCCCCC)OC(=O)CCCCCCCCCCCCCCCCCCC)COP(O)(=O)OC[C@@]([H])(COC(=O)CCCCCCCCCCC)OC(=O)CCCCCCCCCC(C)C,[H][C@](O)(COP(O)(=O)OC[C@@]([H])(COC(=O)CCCCCCC)OC(=O)CCCCCCCCC(C)C)COP(O)(=O)OC[C@@]([H])(COC(=O)CCCCCCCCCCCCCCC(C)C)OC(=O)CCCCCCCCCCCCCCCCCC(C)C,1283.735,1283.735,6.82E-13
287,[H][C@](COC(=O)CCCCCCC\C=C/CCCCCCCC)(COC(=O)CCCC\C=C/C\C=C/C\C=C/C\C=C/CC)OC(=O)CCCCCCC\C=C/C\C=C/CCCCC,[H][C@@](COC(=O)CCCCCCCCCCC\C=C/C\C=C/CCCCC)(COP([O-])(=O)OCC[N+](C)(C)C)OC(=O)CCC\C=C/C\C=C/C\C=C/C=C/[C@@H](O)CCCCC,877.389,878.226,0.837
288,[H][C@](O)(COP(O)(=O)OC[C@@]([H])(COC(=O)CCCCCCC)OC(=O)CCCCCCCCCC(C)C)COP(O)(=O)OC[C@@]([H])(COC(=O)CCCCCCCCCCCCCCCCC(C)C)OC(=O)CCCCCCCCCCCCCCCCCCC(C)C,[H][C@](O)(COP(O)(=O)OC[C@@]([H])(COC(=O)CCCCCCCCCCC)OC(=O)CCCCCCCCCCCC)COP(O)(=O)OC[C@@]([H])(COC(=O)CCCCCCCCCCCCC(C)C)OC(=O)CCCCCCCCCCCCCCCCCCC(C)C,1339.843,1339.843,0
289,[H][C@](O)(COP(O)(=O)OC[C@@]([H])(COC(=O)CCCCCCCCCC)OC(=O)CCCCCCCCCCCCCC(C)C)COP(O)(=O)OC[C@@]([H])(COC(=O)CCCCCCCCCCCCCCCCCC)OC(=O)CCCCCCCCCCCCCCCCC(C)CC,[H]C(O)(COP(O)(=O)OC[C@@]([H])(COC(=O)CCCCCCCCCCCCC(C)CC)OC(=O)CCCCCCCCCCCCCCCCCCCCC(C)C)COP(O)(=O)OC[C@@]([H])(COC(=O)CCCCCCCCCC(C)C)OC(=O)CCCCCCCCCCC(C)C,1409.978,1409.978,2.27E-13
290,[H][C@@](COC(=O)CCCCCCCCCCCCCCCCCCCC)(COC(=O)CCCCCCCCCCC(C)C)OC(=O)CCCCCCCCCCCCCCC(C)C,[H][C@@](COC(=O)CCCCCCCCCCCCCCCCCC)(COC(=O)CCCCCCCCCCCCCCCCCCCC)OC(=O)CCCCCCCCC(C)CC,877.474,877.474,1.14E-13
291,[H][C@@](O)(COP(O)(=O)OC[C@@]([H])(COC(=O)CCCCCCCCCCC(C)CC)OC(=O)CCCCCCCCCCCCCCC(C)C)COP(O)(=O)OC[C@@]([H])(COC(=O)CCCCCCCCC(C)CC)OC(=O)CCCCCCCCC(C)CC,[H]C(O)(COP(O)(=O)OC[C@@]([H])(COC(=O)CCCCCCCCCCC(C)C)OC(=O)CCCCCCCCCCCCC(C)CC)COP(O)(=O)OC[C@@]([H])(COC(=O)CCCCCCCCCCCCC(C)C)OC(=O)CCCCCCCCC(C)C,1283.735,1283.735,0
292,[H][C@@](O)(COP(O)(=O)OC[C@@]([H])(COC(=O)CCCCCCCCCCCC(C)C)OC(=O)CCCCCCCCCCCCC(C)C)COP(O)(=O)OC[C@@]([H])(COC(=O)CCCCCCCCC(C)C)OC(=O)CCCCCCCCCCCCCCCC(C)C,[H][C@@](O)(COP(O)(=O)OC[C@@]([H])(COC(=O)CCCCCCCCC(C)C)OC(=O)CCCCCCCCCCCCC(C)CC)COP(O)(=O)OC[C@@]([H])(COC(=O)CCCCCCCCC(C)CC)OC(=O)CCCCCCCCCCCCCCCCC(C)C,1325.816,1325.816,2.27E-13
293,[H][C@](COC(=O)CCCCCCCCC\C=C/C\C=C/CCCCC)(COC(=O)CC\C=C/C\C=C/C\C=C/C\C=C/C\C=C/C\C=C/CC)OC(=O)CCCCCCCCCCCCC\C=C/CCCCCCCC,[H][C@](COC(=O)CCCCCC\C=C/C\C=C/C\C=C/CCCCC)(COC(=O)CC\C=C/C\C=C/C\C=C/C\C=C/C\C=C/C\C=C/CC)OC(=O)CCCCCCCCCCCCCCCCCCCCCCC,1041.681,1041.681,2.27E-13
294,[H][C@@](O)(COP(O)(=O)OC[C@@]([H])(COC(=O)CCCCCCCCCCCCCC(C)C)OC(=O)CCCCCCCCCCCCCCCCC(C)CC)COP(O)(=O)OC[C@@]([H])(COC(=O)CCCCCCCCCCC)OC(=O)CCCCCCCCC(C)CC,[H][C@](O)(COP(O)(=O)OC[C@@]([H])(COC(=O)CCCCCCCCCCC)OC(=O)CCCCCCCCCCCCC(C)C)COP(O)(=O)OC[C@@]([H])(COC(=O)CCCCCCCCCCCCCCCC)OC(=O)CCCCCCCCCCCCCCCCC,1339.843,1339.843,2.27E-13
295,[H][C@](O)(COP(O)(=O)OC[C@@]([H])(COC(=O)CCCCCCCCCCC)OC(=O)CCCCCCCCCCC)COP(O)(=O)OC[C@@]([H])(COC(=O)CCCCCCCCCC(C)C)OC(=O)CCCCCCCCCCCCCCCCCCCCC(C)CC,[H][C@](O)(COP(O)(=O)OC[C@@]([H])(COC(=O)CCCCCCCCC(C)C)OC(=O)CCCCCCCCCCCCCCCCCCCCC(C)CC)COP(O)(=O)OC[C@@]([H])(COC(=O)CCCCCCCCC(C)C)OC(=O)CCCCCCCCC(C)CC,1325.816,1325.816,6.82E-13
296,[H][C@](O)(COP(O)(=O)OC[C@@]([H])(COC(=O)CCCCCCCCC)OC(=O)CCCCCCCCCCCC)COP(O)(=O)OC[C@@]([H])(COC(=O)CCCCCCCCCCCC)OC(=O)CCCCCCCCC(C)CC,[H][C@](O)(COP(O)(=O)OC[C@@]([H])(COC(=O)CCCCCCCCCC)OC(=O)CCCCCCCCCC)COP(O)(=O)OC[C@@]([H])(COC(=O)CCCCCCCCCC)OC(=O)CCCCCCCCCCCCC(C)C,1143.465,1143.465,0
297,[H][C@@](COC(=O)CCCCCCCCCCC)(COC(=O)CCCCCCCCCCCCCCCCC)OC(=O)CCCCCCCCCCC(C)C,[H][C@@](COC(=O)CCCCCC\C=C/C\C=C/C\C=C/CCCCC)(COP(O)(O)=O)OC(=O)CCCCCCCCC\C=C/C\C=C/CCCCC,751.231,751.039,0.192
298,[H][C@](O)(COP(O)(=O)OC[C@@]([H])(COC(=O)CCCCCCCCCCC)OC(=O)CCCCCCCCCCCCCCC(C)C)COP(O)(=O)OC[C@@]([H])(COC(=O)CCCCCCCCCCCCCCCCCC)OC(=O)CCCCCCCCCCCCCCCCCCCCCCCC,[H][C@@](O)(COP(O)(=O)OC[C@@]([H])(COC(=O)CCCCCCCCCCCCCCCCC)OC(=O)CCCCCCCCCCCCCCCCCCCCC(C)C)COP(O)(=O)OC[C@@]([H])(COC(=O)CCCCCCCCCCCCCCC)OC(=O)CCCCCCCCCCCCC(C)C,1494.14,1494.14,4.55E-13
299,[H][C@@](O)(COP(O)(=O)OC[C@@]([H])(COC(=O)CCCCCCCCCCCCCC(C)C)OC(=O)CCCCCCCCCCCCCCCCCC(C)C)COP(O)(=O)OC[C@@]([H])(COC(=O)CCCCCCCCCCCCC(C)C)OC(=O)CCCCCCCCCCCCC(C)C,[H][C@](O)(COP(O)(=O)OC[C@@]([H])(COC(=O)CCCCCCCCCCC)OC(=O)CCCCCCCCCCCCCC(C)C)COP(O)(=O)OC[C@@]([H])(COC(=O)CCCCCCCCCCCCCC(C)C)OC(=O)CCCCCCCCCCCCCCCCCCCCCCC,1438.032,1438.032,2.27E-13
300,[H]C(O)(COP(O)(=O)OC[C@@]([H])(COC(=O)CCCCCCCCCC(C)C)OC(=O)CCCCCCCCCCCCCCCCCCC(C)C)COP(O)(=O)OC[C@@]([H])(COC(=O)CCCCCCCCCC(C)C)OC(=O)CCCCCCCCCCCCCCCC(C)C,[H][C@@](O)(COP(O)(=O)OC[C@@]([H])(COC(=O)CCCCCCCCCCCCCC(C)C)OC(=O)CCCCCCCCCCCCCC(C)C)COP(O)(=O)OC[C@@]([H])(COC(=O)CCCCCCCCCCCCC(C)C)OC(=O)CCCCCCCCCCCCCC(C)C,1395.951,1395.951,0
301,[H][C@@](O)(COP(O)(=O)OC[C@@]([H])(COC(=O)CCCCCCCCCCCCC(C)C)OC(=O)CCCCCCCCCCCC(C)C)COP(O)(=O)OC[C@@]([H])(COC(=O)CCCCCCCCC(C)C)OC(=O)CCCCCCCCCCCCCCCCC(C)C,[H][C@@](O)(COP(O)(=O)OC[C@@]([H])(COC(=O)CCCCCCCCCCCCC(C)CC)OC(=O)CCCCCCCCCCCCC(C)C)COP(O)(=O)OC[C@@]([H])(COC(=O)CCCCCCCCC(C)CC)OC(=O)CCCCCCCCCCCCC(C)CC,1339.843,1339.843,2.27E-13
302,[H][C@@](O)(COP(O)(=O)OC[C@@]([H])(COC(=O)CCCCCCCCCCCCCCCCCC)OC(=O)CCCCCCCCCCCCCCCCCCCCCCC)COP(O)(=O)OC[C@@]([H])(COC(=O)CCCCCCCCCCC(C)CC)OC(=O)CCCCCCCCCCCCCCCCCC,[H][C@](O)(COP(O)(=O)OC[C@@]([H])(COC(=O)CCCCCCCCCC)OC(=O)CCCCCCCCCCCCCCCCCCCC)COP(O)(=O)OC[C@@]([H])(COC(=O)CCCCCCCCCCCCCCCCCC(C)C)OC(=O)CCCCCCCCCCCCCCCCCCCCCCC,1536.221,1536.221,0
303,[H][C@](O)(COP(O)(=O)OC[C@@]([H])(COC(=O)CCCCCCCCCCCC)OC(=O)CCCCCCCCCCCCCCCCC(C)C)COP(O)(=O)OC[C@@]([H])(COC(=O)CCCCCCCCCCCCCCCCCCCC)OC(=O)CCCCCCCCCCCCCCCCCCCCCCCC,[H][C@@](O)(COP(O)(=O)OC[C@@]([H])(COC(=O)CCCCCCCCCCCCCCCCCCC(C)C)OC(=O)CCCCCCCCCCCCCCCCCCCCCCC)COP(O)(=O)OC[C@@]([H])(COC(=O)CCCCCCCCC(C)CC)OC(=O)CCCCCCCCCCCCCCCCCCC,1564.275,1564.275,4.55E-13
304,[H][C@@](COC(=O)CCCCCCCCCCCCCC)(COC(=O)CCCCCCCCCCCCCCCCC)OC(=O)CCCCCCCCCCC(C)CC,[H][C@@](COC(=O)CCCCCCC)(COC(=O)CCCCCCCCCCCCCCCCCCCCC)OC(=O)CCCCCCCCCCCCCCC(C)C,807.339,807.339,1.14E-13
305,[H]C(O)(COP(O)(=O)OC[C@@]([H])(COC(=O)CCCCCCCCCCCCCCCCCCCCC(C)C)OC(=O)CCCCCCCCCCCCCCC(C)C)COP(O)(=O)OC[C@@]([H])(COC(=O)CCCCCCCCCC(C)C)OC(=O)CCCCCCCCCCCCCCCCC(C)C,[H][C@](O)(COP(O)(=O)OC[C@@]([H])(COC(=O)CCCCCCCCCCC)OC(=O)CCCCCCCCCCCCCCC(C)C)COP(O)(=O)OC[C@@]([H])(COC(=O)CCCCCCCCCCCCCCCCCCCC)OC(=O)CCCCCCCCCCCCCCCCCCCCCCC,1508.167,1508.167,2.27E-13
306,[H][C@](O)(COP(O)(=O)OC[C@@]([H])(COC(=O)CCCCCCCCC)OC(=O)CCCCCCCCCCCCCCCC)COP(O)(=O)OC[C@@]([H])(COC(=O)CCCCCCCCCCCCCCCCC(C)CC)OC(=O)CCCCCCCCCCCCCCCCCCCCC(C)CC,[H][C@@](O)(COP(O)(=O)OC[C@@]([H])(COC(=O)CCCCCCCCCCCCCCCC)OC(=O)CCCCCCCCCCCCCCCCCCCCC(C)CC)COP(O)(=O)OC[C@@]([H])(COC(=O)CCCCCCCCCCCCCC)OC(=O)CCCCCCCCCCCCC(C)C,1480.113,1480.113,2.27E-13
307,[H][C@](O)(COP(O)(=O)OC[C@@]([H])(COC(=O)CCCCCCCCC)OC(=O)CCCCCCCCCCCCC(C)C)COP(O)(=O)OC[C@@]([H])(COC(=O)CCCCCCCCCCCCCCCCCCCCCC)OC(=O)CCCCCCCCCCCCCCCCCCCCC(C)C,[H][C@](O)(COP(O)(=O)OC[C@@]([H])(COC(=O)CCCCCCCCCCC)OC(=O)CCCCCCCCCCCC(C)C)COP(O)(=O)OC[C@@]([H])(COC(=O)CCCCCCCCCCCCCCCCCCC(C)C)OC(=O)CCCCCCCCCCCCCCCCCCCCCCC,1480.113,1480.113,0
308,[H][C@@](O)(COP(O)(=O)OC[C@@]([H])(COC(=O)CCCCCCCCCCCCCCCCCC(C)C)OC(=O)CCCCCCCCCCCCCCCCCC(C)C)COP(O)(=O)OC[C@@]([H])(COC(=O)CCCCCCCCCCC(C)CC)OC(=O)CCCCCCCCCCC(C)CC,[H][C@@](O)(COP(O)(=O)OC[C@@]([H])(COC(=O)CCCCCCCCCCCCCCCCC(C)C)OC(=O)CCCCCCCCCCCCCCCCCCCCCCC)COP(O)(=O)OC[C@@]([H])(COC(=O)CCCCCCCCCCCC)OC(=O)CCCCCCCCCCCC(C)C,1466.086,1466.086,2.27E-13
309,[H][C@](COC(=O)CCCCCCCCCCCCCCCCCC)(COC(=O)CCCCCCCCCCCCCCCCCCCCC(C)CC)OC(=O)CCCCCCCCCCCCCCC,[H][C@@](COC(=O)CCCCCCCCCCCCCCCCCCCCC)(COC(=O)CCCCCCCCCCCCCCC(C)C)OC(=O)CCCCCCCCCCCCCCCCC(C)C,975.663,975.663,1.14E-13
310,[H][C@](O)(COP(O)(=O)OC[C@@]([H])(COC(=O)CCCCCCCCCC(C)C)OC(=O)CCCCCCCCCCCCC(C)C)COP(O)(=O)OC[C@@]([H])(COC(=O)CCCCCCC\C=C/C=C\CCCCCC)OC(=O)CCCCCCCCCCCCCCCCCC,[H]C(O)(COP(O)(=O)OC[C@@]([H])(COC(=O)CCCCCCCCC(C)C)OC(=O)CCCCCCCCCCCCCCCCCCCCC(C)C)COP(O)(=O)OC[C@@]([H])(COC(=O)CCCCCCC\C=C/C=C\CCCCCC)OC(=O)CCCCCCCCC(C)C,1377.892,1377.892,4.55E-13
311,[H][C@@](O)(COP(O)(=O)OC[C@@]([H])(COC(=O)CCCCCCCCCCCCCCCCC)OC(=O)CCCCCCCCCCCCCCCCCCCCC(C)CC)COP(O)(=O)OC[C@@]([H])(COC(=O)CCCCCCCCCCCCCC)OC(=O)CCCCCCCCCCCCC(C)CC,[H][C@@](O)(COP(O)(=O)OC[C@@]([H])(COC(=O)CCCCCCCCCCCCCCCCCC)OC(=O)CCCCCCCCCCCCCCCCCCCCCCCC)COP(O)(=O)OC[C@@]([H])(COC(=O)CCCCCCCCCCC(C)CC)OC(=O)CCCCCCCCCCCCCCC,1508.167,1508.167,2.27E-13
312,[H][C@](O)(COP(O)(=O)OC[C@@]([H])(COC(=O)CCCCCCCCCCCCCCC)OC(=O)CCCCCCCCCCCCCCC)COP(O)(=O)OC[C@@]([H])(COC(=O)CCCCCCCCCCCCCCCCCCC(C)C)OC(=O)CCCCCCCCCCCCCCCCCCCCCCCC,[H][C@@](O)(COP(O)(=O)OC[C@@]([H])(COC(=O)CCCCCCCCCCCCCCCCCCCCC(C)C)OC(=O)CCCCCCCCCCCCCCCCCCCCC(C)C)COP(O)(=O)OC[C@@]([H])(COC(=O)CCCCCCCCC(C)C)OC(=O)CCCCCCCCCCCCCCCCCC,1564.275,1564.275,0
313,[O-][N+](=O)\N=C1/NCCN1CC1=CC=C(Cl)N=C1,OC1=CC(O)=C2C(=O)C3=CC=CC=C3C(=O)C2=C1O,255.665,256.213,0.548
314,[H][C@](O)(COP(O)(=O)OC[C@@]([H])(COC(=O)CCCCCCCCCC)OC(=O)CCCCCCCCCCCCCCC)COP(O)(=O)OC[C@@]([H])(COC(=O)CCCCCCCCCCCCCCCCCCCC)OC(=O)CCCCCCCCCCCCCCCCCCCCCCC,[H][C@@](O)(COP(O)(=O)OC[C@@]([H])(COC(=O)CCCCCCCCCCCCCC(C)C)OC(=O)CCCCCCCCCCCCCCCCCCCCC(C)C)COP(O)(=O)OC[C@@]([H])(COC(=O)CCCCCCCCCCCCCC)OC(=O)CCCCCCCCCCCCC(C)C,1466.086,1466.086,0
315,[H]C(O)(COP(O)(=O)OC[C@@]([H])(COC(=O)CCCCCCCCCCCCCCCCCCCCC(C)CC)OC(=O)CCCCCCCCCCCC(C)C)COP(O)(=O)OC[C@@]([H])(COC(=O)CCCCCCCCCC(C)C)OC(=O)CCCCCCCCCC(C)C,[H][C@@](O)(COP(O)(=O)OC[C@@]([H])(COC(=O)CCCCCCCCCCC(C)CC)OC(=O)CCCCCCCCCCCCCCCCCCCCCC)COP(O)(=O)OC[C@@]([H])(COC(=O)CCCCCCCCCC(C)C)OC(=O)CCCCCCCCCCCCCC,1381.924,1381.924,4.55E-13
316,CC1C2C(CC3C4CCC5CC(CCC5(C)C4CCC23C)OC2OC(CO)C(OC3OC(CO)C(O)C(OC4OCC(O)C(O)C4O)C3O)C(O)C2O)OC11CCC(C)CO1,CCCCC[C@@H](O)\C=C\[C@H]1[C@H](O)C[C@H](O)[C@H]1C\C=C/CC(=O)OC[C@H](COP(O)(=O)OC[C@@H](O)COP(O)(O)=O)OC(=O)CCCCCCCCCCCCC(C)C,873.043,872.964,0.079
317,[H][C@](O)(COP(O)(=O)OC[C@@]([H])(COC(=O)CCCCCCCCC)OC(=O)CCCCCCCCCCCCCC(C)C)COP(O)(=O)OC[C@@]([H])(COC(=O)CCCCCCCCCCCCCCCCCC)OC(=O)CCCCCCCCCCCCCCCCCCCCC,[H][C@](O)(COP(O)(=O)OC[C@@]([H])(COC(=O)CCCCCCCCCCC)OC(=O)CCCCCCCCCCCC(C)C)COP(O)(=O)OC[C@@]([H])(COC(=O)CCCCCCCCCCCCCCC)OC(=O)CCCCCCCCCCCCCCCCCCCCCCCC,1409.978,1409.978,0
318,[H][C@@](O)(COP(O)(=O)OC[C@@]([H])(COC(=O)CCCCCCCCC(C)CC)OC(=O)CCCCCCCCCCCCCCCCCCC(C)C)COP(O)(=O)OC[C@@]([H])(COC(=O)CCCCCCCCC(C)CC)OC(=O)CCCCCCCCCCCCCCCCC(C)CC,[H][C@@](O)(COP(O)(=O)OC[C@@]([H])(COC(=O)CCCCCCCCCCCCCCCCC(C)C)OC(=O)CCCCCCCCCCCCCCCCCCCCC(C)C)COP(O)(=O)OC[C@@]([H])(COC(=O)CCCCCCCCC(C)C)OC(=O)CCCCCCCCCCCC,1424.005,1424.005,2.27E-13
319,[H][C@@](O)(COP(O)(=O)OC[C@@]([H])(COC(=O)CCCCCCCCCCCCCCCCCCC(C)C)OC(=O)CCCCCCCCCCCCCCCCCCCCC(C)C)COP(O)(=O)OC[C@@]([H])(COC(=O)CCCCCCCCCC)OC(=O)CCCCCCCCC(C)CC,[H][C@@](O)(COP(O)(=O)OC[C@@]([H])(COC(=O)CCCCCCCCCCCCCCCCCCC)OC(=O)CCCCCCCCCCCCCCCCCCC)COP(O)(=O)OC[C@@]([H])(COC(=O)CCCCCCCCC(C)CC)OC(=O)CCCCCCCCCCCCCCCC,1438.032,1438.032,2.27E-13
320,[H][C@@](O)(COP(O)(=O)OC[C@@]([H])(COC(=O)CCCCCCCCCCCCCCCCCCC(C)C)OC(=O)CCCCCCCCCCCCCCCCC(C)C)COP(O)(=O)OC[C@@]([H])(COC(=O)CCCCCCCCC(C)CC)OC(=O)CCCCCCCCC(C)CC,[H][C@](O)(COP(O)(=O)OC[C@@]([H])(COC(=O)CCCCCCCCCC)OC(=O)CCCCCCCCCCCCC(C)C)COP(O)(=O)OC[C@@]([H])(COC(=O)CCCCCCCCCCCCCCCCCC)OC(=O)CCCCCCCCCCCCCCCCCCCCC,1409.978,1409.978,4.55E-13
321,[H][C@@](O)(COP(O)(=O)OC[C@@]([H])(COC(=O)CCCCCCCCCCCCCCCCCCCCC)OC(=O)CCCCCCCCCCCCCCCCCCCCC(C)CC)COP(O)(=O)OC[C@@]([H])(COC(=O)CCCCCCCCCCC(C)C)OC(=O)CCCCCCCCCCCCCC(C)C,[H][C@@](O)(COP(O)(=O)OC[C@@]([H])(COC(=O)CCCCCCCCCCCCCCCCCCCCCCC)OC(=O)CCCCCCCCCCCCCCCCCCCCC(C)CC)COP(O)(=O)OC[C@@]([H])(COC(=O)CCCCCCCCC(C)C)OC(=O)CCCCCCCCCCCCC(C)CC,1550.248,1550.248,2.27E-13
322,[H][C@@](O)(COP(O)(=O)OC[C@@]([H])(COC(=O)CCCCCCCCCCCCCCCCCCCC)OC(=O)CCCCCCCCCCCCCCCCCCCCCC)COP(O)(=O)OC[C@@]([H])(COC(=O)CCCCCCCCC(C)C)OC(=O)CCCCCCCCCCCCCCC,[H][C@](O)(COP(O)(=O)OC[C@@]([H])(COC(=O)CCCCCCCCCCCCC)OC(=O)CCCCCCCCCCCCCCCC)COP(O)(=O)OC[C@@]([H])(COC(=O)CCCCCCCCCCCCCCCCC(C)C)OC(=O)CCCCCCCCCCCCCCCCC(C)CC,1466.086,1466.086,0
323,[H][C@@]12C[C@@H]([C@@H](O)C[C@@]1(C)CCCC2=C)C(C)(C)C,CCC1(C(=O)NC(=O)NC1=O)C1=CCCCC1,236.399,236.271,0.128
324,[H][C@](O)(COP(O)(=O)OC[C@@]([H])(COC(=O)CCCCCCCCC(C)CC)OC(=O)CCCCCCCCCCCCCCCCC(C)C)COP(O)(=O)OC[C@@]([H])(COC(=O)CCCCCCCCCCCCCCC(C)C)OC(=O)CCCCCCCCC(C)CC,[H][C@](O)(COP(O)(=O)OC[C@@]([H])(COC(=O)CCCCCCC)OC(=O)CCCCCCCCCCCCC)COP(O)(=O)OC[C@@]([H])(COC(=O)CCCCCCCCCCCCCCCCC(C)CC)OC(=O)CCCCCCCCCCCCCCCCC(C)CC,1353.87,1353.87,2.27E-13
325,[H][C@](COC(=O)CCCCCCCCCCCC)(COC(=O)CCCCCCCCCCCCCCCCC(C)C)OC(=O)CCCCCCCCCCCCCCC,[H][C@@](COC(=O)CCCCCCCC(=O)\C=C\C=C/CCCCC)(COP([O-])(=O)OCC[N+](C)(C)C)OC(=O)CCC\C=C/C\C=C/C\C=C/CCCCCCCC,821.366,822.118,0.752
326,CC(NC(=O)OC(C)(C)C)C(=O)C(N)=O,CC(CCC(=O)C(C)=C)C1=CC=C(C)C=C1,216.237,216.324,0.087
327,[H][C@@](O)(COP(O)(=O)OC[C@@]([H])(COC(=O)CCCCCCCCCCCCCCCCCCCC)OC(=O)CCCCCCCCCCCCCCCCCCCC)COP(O)(=O)OC[C@@]([H])(COC(=O)CCCCCCCCCCCC)OC(=O)CCCCCCCCCC(C)C,[H][C@@](O)(COP(O)(=O)OC[C@@]([H])(COC(=O)CCCCCCCCCCCCCCCCCC(C)C)OC(=O)CCCCCCCCCCCCCCCCC(C)CC)COP(O)(=O)OC[C@@]([H])(COC(=O)CCCCCCCCC(C)CC)OC(=O)CCCCCCCCCC(C)C,1409.978,1409.978,0
328,[H][C@@](COC(=O)CCCCCCCCCC(C)C)(COP(O)(=O)OP(O)(=O)OC[C@H]1O[C@H]([C@H](O)[C@@H]1O)N1C=CC(N)=NC1=O)OC(=O)CCC[C@@H](O)\C=C\C=C/C\C=C/C\C=C/CCCCC,[H][C@](COC(=O)CCCCC\C=C/C\C=C/C\C=C/C\C=C/CCCCC)(COC(=O)CC\C=C/C\C=C/C\C=C/C\C=C/C\C=C/C\C=C/CC)OC(=O)CCCC\C=C/C\C=C/C\C=C/C\C=C/CC,976.048,975.493,0.555
329,[H][C@@](O)(COP(O)(=O)OC[C@@]([H])(COC(=O)CCCCCCCCCCCCCCCCC)OC(=O)CCCCCCCCCCCCCCCC(C)C)COP(O)(=O)OC[C@@]([H])(COC(=O)CCCCCCCCCCC(C)CC)OC(=O)CCCCCCCCCCCCCCC,[H][C@@](O)(COP(O)(=O)OC[C@@]([H])(COC(=O)CCCCCCCCCCCCCCCCCC)OC(=O)CCCCCCCCCCCCCCCC(C)C)COP(O)(=O)OC[C@@]([H])(COC(=O)CCCCCCCCC(C)CC)OC(=O)CCCCCCCCCCCCC(C)CC,1409.978,1409.978,2.27E-13
330,[H][C@](O)(CO)COP(O)(=O)OC[C@@]([H])(COC(=O)CCC[C@@H](O)\C=C\C=C/C\C=C/C=C/[C@@H](O)CCCCC)OC(=O)CCCCCCC\C=C/C=C\CCCCCC,[H][C@](COC(=O)CCCCCCC\C=C/CCCC)(COC(=O)CCCCCCC\C=C/CCCCCCCC)OC(=O)CCCCCCC\C=C/C\C=C/CCCCC,827.046,827.329,0.283
331,[H][C@@](O)(COP(O)(=O)OC[C@@]([H])(COC(=O)CCCCCCCCCCCCCCCCC(C)C)OC(=O)CCCCCCCCCCCCCCCCCCCCC(C)C)COP(O)(=O)OC[C@@]([H])(COC(=O)CCCCCCCCCCCCCC)OC(=O)CCCCCCCCCCC(C)CC,[H]C(O)(COP(O)(=O)OC[C@@]([H])(COC(=O)CCCCCCCCCCCCCCCCCC(C)C)OC(=O)CCCCCCCCCCCCCCCC(C)C)COP(O)(=O)OC[C@@]([H])(COC(=O)CCCCCCCCCC(C)C)OC(=O)CCCCCCCCCCCCCCCCC(C)CC,1494.14,1494.14,4.55E-13
332,[H][C@@](COC(=O)CCCCCCCCCCCC(C)C)(COC(=O)CCCCCCCCCCC(C)C)OC(=O)CCCCCCCCCCCCCCCCCCCC,[H][C@](COC(=O)CCCCCCCCCCCCCCCC)(COC(=O)CCCCCCCCCCCCCCCCCCC)OC(=O)CCCCCCCCC(C)CC,835.393,835.393,3.41E-13
333,[H][C@@](COC(=O)CCCC\C=C/C\C=C/C\C=C/C\C=C/CC)(COP(O)(O)=O)OC(=O)CCC\C=C/C\C=C/C\C=C/C\C=C/CC[C@H](O)CC,[H][C@](CO)(COC(=O)CCCCCCCCCCCCC\C=C/CCCCCCCC)OC(=O)CCCCCCCCC\C=C/CCCCCCCC,732.936,733.216,0.28
334,[H][C@](O)(COP(O)(=O)OC[C@@]([H])(COC(=O)CCCCCCCCCC)OC(=O)CCCCCCCCCCCCC(C)CC)COP(O)(=O)OC[C@@]([H])(COC(=O)CCCCCCCCCCCCCCC(C)C)OC(=O)CCCCCCCCCCCCCCCCCC,[H][C@@](O)(COP(O)(=O)OC[C@@]([H])(COC(=O)CCCCCCCCCCCCCC(C)C)OC(=O)CCCCCCCCCCCCCCC(C)C)COP(O)(=O)OC[C@@]([H])(COC(=O)CCCCCCCCCCCCC)OC(=O)CCCCCCCCCCCCC(C)C,1367.897,1367.897,0
335,[H][C@](O)(COP(O)(=O)OC[C@@]([H])(COC(=O)CCCCCCCCC(C)C)OC(=O)CCCCCCCCCC(C)C)COP(O)(=O)OC[C@@]([H])(COC(=O)CCCCCCCCC(C)CC)OC(=O)CCCCCCCCC(C)C,[H][C@](O)(COP(O)(=O)OC[C@@]([H])(COC(=O)CCCCCCCCC(C)C)OC(=O)CCCCCCCCCCC(C)C)COP(O)(=O)OC[C@@]([H])(COC(=O)CCCCCCCCC(C)C)OC(=O)CCCCCCCCC(C)C,1157.492,1157.492,0
336,[H][C@@](O)(COP(O)(=O)OC[C@@]([H])(COC(=O)CCCCCCCCCCCCCCCCC)OC(=O)CCCCCCCCCCCCCCCCCC)COP(O)(=O)OC[C@@]([H])(COC(=O)CCCCCCCCCCCC)OC(=O)CCCCCCCCCCC(C)C,[H][C@](O)(COP(O)(=O)OC[C@@]([H])(COC(=O)CCCCCCCCC)OC(=O)CCCCCCCCCCCCC(C)CC)COP(O)(=O)OC[C@@]([H])(COC(=O)CCCCCCCCCCCCCCC(C)C)OC(=O)CCCCCCCCCCCCCCCCCC,1353.87,1353.87,2.27E-13
337,[H][C@@](COC(=O)CCCCCCCCCCC\C=C/C\C=C/CCCCC)(COP(O)(=O)OCCN)OC(=O)CCCCCCCC(=O)\C=C\C=C/CCCCC,[H][C@@](COC(=O)CCCCCCCCCCCCCC)(COP(O)(=O)OC[C@H](N)C(O)=O)OC(=O)CCC(O)\C=C/C=C\C\C=C/C\C=C/C\C=C/C\C=C/CC,810.107,810.019,0.088
338,[H][C@](COC(=O)CCCCCCCCCCCCCCCCCC(C)C)(COC(=O)CCCCCCCCCCC(C)CC)OC(=O)CCCCCCCCCCCCCCCCCCC,[H][C@@](COC(=O)CCC[C@H](O)[C@@H](O)C\C=C/C\C=C/C\C=C/C\C=C/CC)(COP(O)(=O)O[C@H]1[C@H](O)[C@@H](O)[C@H](O)[C@@H](O)[C@H]1O)OC(=O)CCCCCCCCCCCCCCCCC,919.555,919.14,0.415
339,[H][C@@](O)(COP(O)(=O)OC[C@@]([H])(COC(=O)CCCCCCCCCCCCC(C)C)OC(=O)CCCCCCCCCCCCCCCCCCCCCCC)COP(O)(=O)OC[C@@]([H])(COC(=O)CCCCCCCCC(C)CC)OC(=O)CCCCCCCCC(C)CC,[H][C@](O)(COP(O)(=O)OC[C@@]([H])(COC(=O)CCCCCCC)OC(=O)CCCCCCCCCCCC(C)C)COP(O)(=O)OC[C@@]([H])(COC(=O)CCCCCCCCCCCCCCCCCCC)OC(=O)CCCCCCCCCCCCCCCCCCCCCC,1381.924,1381.924,6.82E-13
340,[H][C@@](O)(COP(O)(=O)OC[C@@]([H])(COC(=O)CCCCCCCCCC(C)C)OC(=O)CCCCCCCCCCCCCCCCC(C)C)COP(O)(=O)OC[C@@]([H])(COC(=O)CCCCCCCCC(C)C)OC(=O)CCCCCCCCCCCCC(C)CC,[H][C@@](O)(COP(O)(=O)OC[C@@]([H])(COC(=O)CCCCCCCCCCCCCCCC)OC(=O)CCCCCCCCCCCCCCCC(C)C)COP(O)(=O)OC[C@@]([H])(COC(=O)CCCCCCCCC(C)C)OC(=O)CCCCCCCCCCCCC,1325.816,1325.816,2.27E-13
341,[H][C@@](COC(=O)CCCCCCCCCCCC)(COC(=O)CCCCCCCCCCCCCCCCCCCCC)OC(=O)CCCCCCCCCCCCC,CCCCCCCCCCCCCCCC\C=C/OC[C@]([H])(COP([O-])(=O)OCC[N+](C)(C)C)OC(=O)CCCCC\C=C/C\C=C/C\C=C/C\C=C/CCCCC,821.366,822.206,0.84
342,[H][C@@](O)(COP(O)(=O)OC[C@@]([H])(COC(=O)CCCCCCCCCCCCCCCC)OC(=O)CCCCCCCCCCCCCCCCCCCCC)COP(O)(=O)OC[C@@]([H])(COC(=O)CCCCCCCCCCC(C)C)OC(=O)CCCCCCCCCCCCCCCC,[H][C@@](O)(COP(O)(=O)OC[C@@]([H])(COC(=O)CCCCCCCCCCCCCCCCC)OC(=O)CCCCCCCCCCCCCCCCCCCCCCC)COP(O)(=O)OC[C@@]([H])(COC(=O)CCCCCCCCCC(C)C)OC(=O)CCCCCCCCCCC(C)CC,1438.032,1438.032,4.55E-13
343,[H][C@@](O)(COP(O)(=O)OC[C@@]([H])(COC(=O)CCCCCCCCCCCCCCCC(C)C)OC(=O)CCCCCCCCCCCCCCCCCCCCC(C)C)COP(O)(=O)OC[C@@]([H])(COC(=O)CCCCCCCCC(C)CC)OC(=O)CCCCCCCCCCCCCCCCC(C)CC,[H][C@@](O)(COP(O)(=O)OC[C@@]([H])(COC(=O)CCCCCCCCCCCCCCCCCCC(C)C)OC(=O)CCCCCCCCCCCCCCCCCCCCCC)COP(O)(=O)OC[C@@]([H])(COC(=O)CCCCCCCCC(C)CC)OC(=O)CCCCCCCCCCCCCCCC(C)C,1536.221,1536.221,0
344,[H][C@](O)(COP(O)(=O)OC[C@@]([H])(COC(=O)CCCCCCCCCCC)OC(=O)CCCCCCCCCCCCC)COP(O)(=O)OC[C@@]([H])(COC(=O)CCCCCCCCCCCCCCCC)OC(=O)CCCCCCCCCCCCCCCCC,[H][C@@](O)(COP(O)(=O)OC[C@@]([H])(COC(=O)CCCCCCCCCCCCCCCC)OC(=O)CCCCCCCCCCCCC(C)CC)COP(O)(=O)OC[C@@]([H])(COC(=O)CCCCCCCCCCC)OC(=O)CCCCCCCCCCC(C)CC,1311.789,1311.789,0
345,[H][C@](O)(COP(O)(=O)OC[C@@]([H])(COC(=O)CCCCCCCCCCCC)OC(=O)CCCCCCCCCCCCCC(C)C)COP(O)(=O)OC[C@@]([H])(COC(=O)CCCCCCCCCCCCCCCCCCCCC)OC(=O)CCCCCCCCCCCCCCCCCCCCC,[H][C@](O)(COP(O)(=O)OC[C@@]([H])(COC(=O)CCCCCCCCCC)OC(=O)CCCCCCCCCCCCCCC)COP(O)(=O)OC[C@@]([H])(COC(=O)CCCCCCCCCCCCCCCCCCC(C)C)OC(=O)CCCCCCCCCCCCCCCCCCCCCCCC,1494.14,1494.14,4.55E-13
346,[H][C@@](COC(=O)CCCCCCCCCCCCCCC)(COC(=O)CCCCCCCCCCCC(C)C)OC(=O)CCCCCCCCCCCCCCC,[H][C@@](COC(=O)CCCCCCCCCCCC)(COC(=O)CCCCCCCCCC(C)C)OC(=O)CCCCCCCCCCCCCCCCCCCC,793.312,793.312,4.55E-13
347,[H][C@@](O)(COP(O)(=O)OC[C@@]([H])(COC(=O)CCCCCCCCCCCCCCC(C)C)OC(=O)CCCCCCCCCCCCC(C)CC)COP(O)(=O)OC[C@@]([H])(COC(=O)CCCCCCCCC(C)C)OC(=O)CCCCCCCCCCCCC(C)CC,[H][C@](O)(COP(O)(=O)OC[C@@]([H])(COC(=O)CCCCCCC)OC(=O)CCCCCCCCCCCCCCC)COP(O)(=O)OC[C@@]([H])(COC(=O)CCCCCCCCCCCCCCCCCC)OC(=O)CCCCCCCCCCCCCCCCC(C)CC,1353.87,1353.87,0
348,[H]C(O)(COP(O)(=O)OC[C@@]([H])(COC(=O)CCCCCCCCCCCCC(C)C)OC(=O)CCCCCCCCCCCCCCC(C)C)COP(O)(=O)OC[C@@]([H])(COC(=O)CCCCCCCCCCC(C)C)OC(=O)CCCCCCCCC(C)CC,[H][C@@](O)(COP(O)(=O)OC[C@@]([H])(COC(=O)CCCCCCCCCCCCCCC)OC(=O)CCCCCCCCCCCCCCCCCCCCCC)COP(O)(=O)OC[C@@]([H])(COC(=O)CCCCCCCCC)OC(=O)CCCCCCCCC(C)C,1311.789,1311.789,0
349,[H][C@](COC(=O)CCCCCCCCCCCCC)(COC(=O)CCCCCCCCCCC(C)CC)OC(=O)CCCCCCCCCCCCCCCCCCCC,[H][C@@](COC(=O)CCCCCCCCCCCC)(COC(=O)CCCCCCCCCCCCCCCC(C)C)OC(=O)CCCCCCCCCCCCCCCCC,835.393,835.393,3.41E-13
350,[H][C@](COC(=O)CCCCCCCCCCCCCCCC(C)C)(COC(=O)CCCCCCCCCCCCC(C)CC)OC(=O)CCCCCCCCCCCC,[H][C@](COC(=O)CCCCCCCCCCCCCCCCC(C)C)(COC(=O)CCCCCCCCCCCCC(C)CC)OC(=O)CCCCCCCCC(C)C,821.366,821.366,1.14E-13
351,[H][C@](O)(COP(O)(=O)OC[C@@]([H])(COC(=O)CCCCCCCCCCCCC)OC(=O)CCCCCCCCCCCCCCC)COP(O)(=O)OC[C@@]([H])(COC(=O)CCCCCCCCCCCCCCC)OC(=O)CCCCCCCCCCCCCCCCC(C)C,[H]C(O)(COP(O)(=O)OC[C@@]([H])(COC(=O)CCCCCCCCCC(C)C)OC(=O)CCCCCCCCCCCCCC(C)C)COP(O)(=O)OC[C@@]([H])(COC(=O)CCCCCCCCC(C)C)OC(=O)CCCCCCCCCCCCCCCCCCCCC(C)C,1381.924,1381.924,4.55E-13
352,[N+]C(CSC(CC1=CC=CC=C1)=NO)C(=O)NCC([O-])=O,CCCCCCCCCCCCCCCC=CC=CC(O)=O,308.339,308.506,0.167
353,[H][C@](O)(COP(O)(=O)OC[C@@]([H])(COC(=O)CCCCCCCCCCC)OC(=O)CCCCCCCCCCCC)COP(O)(=O)OC[C@@]([H])(COC(=O)CCCCCCCCCC(C)C)OC(=O)CCCCCCCCCCCCCCCCCC,[H][C@@](O)(COP(O)(=O)OC[C@@]([H])(COC(=O)CCCCCCCCCCC(C)C)OC(=O)CCCCCCCCCCCCCCC)COP(O)(=O)OC[C@@]([H])(COC(=O)CCCCCCCCCCCC)OC(=O)CCCCCCCCCCC(C)C,1255.681,1255.681,9.09E-13
354,[H][C@](O)(COP(O)(=O)OC[C@@]([H])(COC(=O)CCCCCCC)OC(=O)CCCCCCCCCCCCCCC(C)C)COP(O)(=O)OC[C@@]([H])(COC(=O)CCCCCCCCCCCCCCCCCCC)OC(=O)CCCCCCCCCCCCCCCCCC(C)C,[H][C@](O)(COP(O)(=O)OC[C@@]([H])(COC(=O)CCCCCCCCC)OC(=O)CCCCCCCCCCC(C)CC)COP(O)(=O)OC[C@@]([H])(COC(=O)CCCCCCCCCCCCC(C)CC)OC(=O)CCCCCCCCCCCCCCCCCCCCCCCC,1395.951,1395.951,4.55E-13
355,[H]C(O)(COP(O)(=O)OC[C@@]([H])(COC(=O)CCCCCCCCCCCCCCCCCC(C)C)OC(=O)CCCCCCCCCCCCCC(C)C)COP(O)(=O)OC[C@@]([H])(COC(=O)CCCCCCCCCCC(C)C)OC(=O)CCCCCCCCC(C)CC,[H][C@](O)(COP(O)(=O)OC[C@@]([H])(COC(=O)CCCCCCCCC)OC(=O)CCCCCCCCCCC(C)C)COP(O)(=O)OC[C@@]([H])(COC(=O)CCCCCCCCCCCCCCCCC)OC(=O)CCCCCCCCCCCCCCCCCCCCCC,1367.897,1367.897,2.27E-13
356,[H][C@](COC(=O)CCCCCCC\C=C/CCCCCC)(COC(=O)CCCCCCC\C=C/CCCCCCCC)OC(=O)CCCCC\C=C/C\C=C/C\C=C/C\C=C/C\C=C/CC,[H][C@](O)(COP(O)(O)=O)COP(O)(=O)OC[C@@]([H])(COC(=O)CCCC\C=C/C\C=C/C\C=C/CCCCC)OC(=O)CCC[C@@H](O)\C=C/C=C/C=C/[C@@H](O)C\C=C/CCCCC,905.443,905.009,0.434
357,[H][C@@](O)(COP(O)(=O)OC[C@@]([H])(COC(=O)CCCCCCCCCCCCCCCCC(C)CC)OC(=O)CCCCCCCCCCCCCCCCCCCCCC)COP(O)(=O)OC[C@@]([H])(COC(=O)CCCCCCCCCCC(C)CC)OC(=O)CCCCCCCCCCC(C)CC,[H][C@@](O)(COP(O)(=O)OC[C@@]([H])(COC(=O)CCCCCCCCCCCCCCCCCCC)OC(=O)CCCCCCCCCCCCCCCCCCCCC(C)CC)COP(O)(=O)OC[C@@]([H])(COC(=O)CCCCCCCCC(C)C)OC(=O)CCCCCCCCCCCCC(C)CC,1494.14,1494.14,2.27E-13
358,[H][C@@](O)(COP(O)(=O)OC[C@@]([H])(COC(=O)CCCCCCCCCCCCCCCCC)OC(=O)CCCCCCCCCCCCCCC(C)C)COP(O)(=O)OC[C@@]([H])(COC(=O)CCCCCCCCCCC(C)CC)OC(=O)CCCCCCCCCCCCC(C)C,[H][C@](O)(COP(O)(=O)OC[C@@]([H])(COC(=O)CCCCCCCCCC)OC(=O)CCCCCCCCCCCCC(C)C)COP(O)(=O)OC[C@@]([H])(COC(=O)CCCCCCCCCCCCCCCC(C)C)OC(=O)CCCCCCCCCCCCCCCCC(C)CC,1395.951,1395.951,0
359,[H]C(O)(COP(O)(=O)OC[C@@]([H])(COC(=O)CCCCCCCCCCCCCCCCCC(C)C)OC(=O)CCCCCCCCCCCCCCC(C)C)COP(O)(=O)OC[C@@]([H])(COC(=O)CCCCCCCCCC(C)C)OC(=O)CCCCCCCCCCCCCCC(C)C,[H][C@@](O)(COP(O)(=O)OC[C@@]([H])(COC(=O)CCCCCCCCCCCCCCCCCC(C)C)OC(=O)CCCCCCCCCCCCCCCCCCCCCCC)COP(O)(=O)OC[C@@]([H])(COC(=O)CCCCCCCCC(C)C)OC(=O)CCCCCCCCCCCC,1438.032,1438.032,4.55E-13
360,[H][C@@](COC(=O)CCC\C=C/C\C=C/C\C=C/C=C/C(=O)CCCCC)(COP(O)(=O)O[C@H]1[C@H](O)[C@@H](O)[C@H](O)[C@@H](O)[C@H]1O)OC(=O)CCCCCCCCC\C=C/CCCCCCCC,[H][C@](COC(=O)CCCCCCC\C=C/CCCC)(COC(=O)CCCCC\C=C/C\C=C/C\C=C/C\C=C/C\C=C/CC)OC(=O)CCCCC\C=C/C\C=C/C\C=C/C\C=C/CCCCC,927.163,927.449,0.286
361,[H][C@](COC(=O)CCCCCCCCCCCCCC)(COC(=O)CCC\C=C/C\C=C/C\C=C/C\C=C/C\C=C/CC)OC(=O)CCCCCCC\C=C/CCCCCC,[H][C@](O)(CO)COP(O)(=O)OC[C@@]([H])(COC(=O)CCC\C=C/C\C=C/C=C/C(O)C\C=C/C\C=C/CC)OC(=O)CCCCCCCCC\C=C/C\C=C/CCCCC,837.324,837.085,0.239
362,[H][C@](O)(COP(O)(=O)OC[C@@]([H])(COC(=O)CCCCCCC)OC(=O)CCCCCCCCCCC)COP(O)(=O)OC[C@@]([H])(COC(=O)CCCCCCCCCCCCCCC)OC(=O)CCCCCCCCCCCCCCCCCCCCCCCC,[H][C@](O)(COP(O)(=O)OC[C@@]([H])(COC(=O)CCCCCCCCC(C)C)OC(=O)CCCCCCCCCCCCC(C)CC)COP(O)(=O)OC[C@@]([H])(COC(=O)CCCCCCCCC(C)CC)OC(=O)CCCCCCCCCCCCCCCC(C)C,1311.789,1311.789,4.55E-13
363,[H][C@](COC(=O)CCCCCCCCCCCCC)(COC(=O)CC\C=C/C\C=C/C\C=C/C\C=C/C\C=C/C\C=C/CC)OC(=O)CCCCCCCCCCCCCCCCCCC,[H][C@@](COC(=O)CCC\C=C/C\C=C/C\C=C/C=C/CC(O)\C=C/CC)(COP([O-])(=O)OCC[N+](C)(C)C)OC(=O)CCCCCCCCCCCCCCCCCCCCCCC,907.459,908.296,0.837
364,[H][C@](O)(COP(O)(=O)OC[C@@]([H])(COC(=O)CCCCCCCCCC)OC(=O)CCCCCCCCCCCCCC(C)C)COP(O)(=O)OC[C@@]([H])(COC(=O)CCCCCCCCCCCCCCCC(C)C)OC(=O)CCCCCCCCCCCCCCCCCCCCC,[H][C@@](O)(COP(O)(=O)OC[C@@]([H])(COC(=O)CCCCCCCCCCCCCC(C)C)OC(=O)CCCCCCCCCCCCCCCCCCC(C)C)COP(O)(=O)OC[C@@]([H])(COC(=O)CCCCCCCCCCC(C)CC)OC(=O)CCCCCCCCCCC(C)CC,1424.005,1424.005,2.27E-13
365,[H][C@@](COC(=O)CCCCCCCCC)(COC(=O)CCCCCCCCCCCCCCCCCCCCC(C)CC)OC(=O)CCCCCCCCCCCCCCCCCCCCC(C)C,[H][C@@](COC(=O)CCCCCCCCCCCCCCCCCCC)(COC(=O)CCCCCCCCCCCCCCCCCCCCC(C)CC)OC(=O)CCCCCCCCCCC(C)C,961.636,961.636,1.14E-13
366,CCCCCCCC\C=C/CCCCCCCCCCCC(=O)O[C@]([H])(COC(=O)CCCCCCC\C=C/C\C=C/CCCCC)COP([O-])(=O)OCC[N+](C)(C)C,[H][C@](N)(COP(O)(=O)OC[C@@]([H])(COC(=O)CCCCCCCCCCC\C=C/CCCCCCCC)OC(=O)CCCC\C=C/C\C=C/C\C=C/CCCCC)C(O)=O,840.221,840.133,0.088
367,[H][C@](COC(=O)CCCCCCCCCCCCCCCCCCCCC(C)C)(COC(=O)CCCCCCCCCCC(C)CC)OC(=O)CCCCCCCCCCC,[H][C@](COC(=O)CCCCCCCCCCCCCCCCCCC)(COC(=O)CCCCCCCCCCCCC(C)C)OC(=O)CCCCCCCCCCC(C)CC,849.42,849.42,2.27E-13
368,[H]C(O)(COP(O)(=O)OC[C@@]([H])(COC(=O)CCCCCCCCCCCCCCCC(C)C)OC(=O)CCCCCCCCCCCCC(C)CC)COP(O)(=O)OC[C@@]([H])(COC(=O)CCCCCCCCCC(C)C)OC(=O)CCCCCCCCCCCCCCC(C)C,[H][C@](O)(COP(O)(=O)OC[C@@]([H])(COC(=O)CCCCCCCCC)OC(=O)CCCCCCCCCCCCCCC)COP(O)(=O)OC[C@@]([H])(COC(=O)CCCCCCCCCCCCCCCCC(C)C)OC(=O)CCCCCCCCCCCCCCCCCC(C)C,1395.951,1395.951,2.27E-13
369,[H][C@](O)(COP(O)(=O)OC[C@@]([H])(COC(=O)CCCCCCCCCCCCCC)OC(=O)CCCCCCCCCCCCCC)COP(O)(=O)OC[C@@]([H])(COC(=O)CCCCCCCCCCCCCC)OC(=O)CCCCCCCCCCCCCCCCCCCC,[H][C@](O)(COP(O)(=O)OC[C@@]([H])(COC(=O)CCCCCCC)OC(=O)CCCCCCCCCCC(C)CC)COP(O)(=O)OC[C@@]([H])(COC(=O)CCCCCCCCCCCCCCCCCC(C)C)OC(=O)CCCCCCCCCCCCCCCCCCC(C)C,1381.924,1381.924,2.27E-13
370,[H][C@](O)(COP(O)(=O)OC[C@@]([H])(COC(=O)CCCCCCCCC)OC(=O)CCCCCCCCCCC(C)CC)COP(O)(=O)OC[C@@]([H])(COC(=O)CCCCCCCCCCCCCCCCCCCC)OC(=O)CCCCCCCCCCCCCCCCCCCCCCCC,[H][C@@](O)(COP(O)(=O)OC[C@@]([H])(COC(=O)CCCCCCCCCCCCCCCCC(C)CC)OC(=O)CCCCCCCCCCCCCCCCCCCCCCC)COP(O)(=O)OC[C@@]([H])(COC(=O)CCCCCCCCCC)OC(=O)CCCCCCCCCCC(C)CC,1452.059,1452.059,6.82E-13
371,[H][C@@](COC(=O)CCCCCCCCCCCCCCCCC)(COC(=O)CCCCCCCCCCCC(C)C)OC(=O)CCCCCCCCCCCCCCCCC(C)C,CCCCC[C@H](O)\C=C\[C@@H]1[C@@H](C\C=C/CCCC(=O)O[C@H](COC(=O)CCCCCCCCCCC2=C(C)C(C)=C(CCC)O2)COP([O-])(=O)OCC[N+](C)(C)C)C=CC1=O,877.474,878.138,0.664
372,[H][C@@](O)(COP(O)(=O)OC[C@@]([H])(COC(=O)CCCCCCCCCCCCCCCC)OC(=O)CCCCCCCCCCCCCCCCCCCCCCCC)COP(O)(=O)OC[C@@]([H])(COC(=O)CCCCCCCCC(C)C)OC(=O)CCCCCCCCC(C)CC,[H][C@@](O)(COP(O)(=O)OC[C@@]([H])(COC(=O)CCCCCCCCCCCCCCCCC)OC(=O)CCCCCCCCCCCCCCCCC(C)CC)COP(O)(=O)OC[C@@]([H])(COC(=O)CCCCCCCCCC(C)C)OC(=O)CCCCCCCCCCCCCC,1395.951,1395.951,6.82E-13
373,[H][C@@](COC(=O)CCCCCCCCCCCC)(COC(=O)CCCCCCCCCCCCCCC(C)C)OC(=O)CCCCCCCCCCCCCCCCCC(C)C,[H][C@@](COC(=O)CCCCCCCCCCCCCCCCC(C)CC)(COC(=O)CCCCCCCCCCCCCC(C)C)OC(=O)CCCCCCCCCCC(C)C,863.447,863.447,0
374,[H][C@@](COC(=O)CCCCCCCCCCCCCC)(COC(=O)CCCCCCCCCCCCCCCCCCC)OC(=O)CCCCCCCCCCCC(C)C,[H][C@](COC(=O)CCCCCCCCCCCCCCCC)(COC(=O)CCCCCCCCCCCCC(C)CC)OC(=O)CCCCCCCCCCCCCCC,835.393,835.393,0
375,[H][C@@](O)(COP(O)(=O)OC[C@@]([H])(COC(=O)CCCCCCCCCCCCCCCCC)OC(=O)CCCCCCCCCCCCCCC(C)C)COP(O)(=O)OC[C@@]([H])(COC(=O)CCCCCCCCCC(C)C)OC(=O)CCCCCCCCCCC(C)C,[H][C@@](O)(COP(O)(=O)OC[C@@]([H])(COC(=O)CCCCCCCCCCCCCC)OC(=O)CCCCCCCCCCCCCCCCCCCCCC)COP(O)(=O)OC[C@@]([H])(COC(=O)CCCCCCCCC(C)C)OC(=O)CCCCCCCCCC(C)C,1339.843,1339.843,2.27E-13
376,[H][C@](O)(COP(O)(=O)OC[C@@]([H])(COC(=O)CCCCCCCCCCCCCC)OC(=O)CCCCCCCCCCCCCCCCC)COP(O)(=O)OC[C@@]([H])(COC(=O)CCCCCCCCCCCCCCCCC)OC(=O)CCCCCCCCCCCCCCCCCC,[H]C(O)(COP(O)(=O)OC[C@@]([H])(COC(=O)CCCCCCCCCCCCCCCCCCCCC(C)CC)OC(=O)CCCCCCCCCCCCCC(C)C)COP(O)(=O)OC[C@@]([H])(COC(=O)CCCCCCCCCCC(C)C)OC(=O)CCCCCCCCCCC(C)C,1438.032,1438.032,0
377,[H][C@@](O)(COP(O)(=O)OC[C@@]([H])(COC(=O)CCCCCCCCCCCCCCCCCCC)OC(=O)CCCCCCCCCCCCCCCCC(C)C)COP(O)(=O)OC[C@@]([H])(COC(=O)CCCCCCCCCCCCCCC)OC(=O)CCCCCCCCCCCCC(C)C,[H][C@@](O)(COP(O)(=O)OC[C@@]([H])(COC(=O)CCCCCCCCCCCCCCCC)OC(=O)CCCCCCCCCCCCCCCCCCCCC(C)CC)COP(O)(=O)OC[C@@]([H])(COC(=O)CCCCCCCCCCC(C)CC)OC(=O)CCCCCCCCCCCC(C)C,1466.086,1466.086,6.82E-13
378,[H][C@@](O)(COP(O)(=O)OC[C@@]([H])(COC(=O)CCCCCCCCCCCCCCC(C)C)OC(=O)CCCCCCCCCCCCCCC(C)C)COP(O)(=O)OC[C@@]([H])(COC(=O)CCCCCCCCC(C)CC)OC(=O)CCCCCCCCCCCCCCCCCCC(C)C,[H]C(O)(COP(O)(=O)OC[C@@]([H])(COC(=O)CCCCCCCCCCCCCCCCCC(C)C)OC(=O)CCCCCCCCCCCCCC(C)C)COP(O)(=O)OC[C@@]([H])(COC(=O)CCCCCCCCCC(C)C)OC(=O)CCCCCCCCCCCCCCCCC(C)C,1452.059,1452.059,2.27E-13
379,[H][C@](O)(COP(O)(=O)OC[C@@]([H])(COC(=O)CCCCCCCCCCCCC)OC(=O)CCCCCCCCCCCCCCC)COP(O)(=O)OC[C@@]([H])(COC(=O)CCCCCCCCCCCCCCCCCC)OC(=O)CCCCCCCCCCCCCCCCCCCCCCCC,[H][C@@](O)(COP(O)(=O)OC[C@@]([H])(COC(=O)CCCCCCCCCCCCCCCCCC)OC(=O)CCCCCCCCCCCCCCCCCCCCCCCC)COP(O)(=O)OC[C@@]([H])(COC(=O)CCCCCCCCCCCCC)OC(=O)CCCCCCCCCCCCC(C)C,1494.14,1494.14,4.55E-13
380,[H][C@@](O)(COP(O)(=O)OC[C@@]([H])(COC(=O)CCCCCCCCCCCCCCC(C)C)OC(=O)CCCCCCCCCCCCCCCCCCCCCCCC)COP(O)(=O)OC[C@@]([H])(COC(=O)CCCCCCCCCCCC)OC(=O)CCCCCCCCCCC(C)CC,[H][C@](O)(COP(O)(=O)OC[C@@]([H])(COC(=O)CCCCCCCCCCCC)OC(=O)CCCCCCCCCCCCC)COP(O)(=O)OC[C@@]([H])(COC(=O)CCCCCCCCCCCCCCCCCCCC)OC(=O)CCCCCCCCCCCCCCCCCCCCCC,1452.059,1452.059,4.55E-13
381,[H][C@](O)(COP(O)(=O)OC[C@@]([H])(COC(=O)CCCCCCCCCCC)OC(=O)CCCCCCCCCCCCC(C)C)COP(O)(=O)OC[C@@]([H])(COC(=O)CCCCCCCCCCCCCCCC(C)C)OC(=O)CCCCCCCCCCCCCCCCCCC(C)C,[H][C@@](O)(COP(O)(=O)OC[C@@]([H])(COC(=O)CCCCCCCCCCCCCCCCCC(C)C)OC(=O)CCCCCCCCCCCCCCCCC(C)CC)COP(O)(=O)OC[C@@]([H])(COC(=O)CCCCCCCCC(C)CC)OC(=O)CCCCCCCCCCC(C)C,1424.005,1424.005,0
382,[H][C@@](O)(COP(O)(=O)OC[C@@]([H])(COC(=O)CCCCCCCCCCCCCCCCCC)OC(=O)CCCCCCCCCCCCCCCC(C)C)COP(O)(=O)OC[C@@]([H])(COC(=O)CCCCCCCCCCCC(C)C)OC(=O)CCCCCCCCCCCCCCC,[H][C@@](O)(COP(O)(=O)OC[C@@]([H])(COC(=O)CCCCCCCCCCCCCCCC(C)C)OC(=O)CCCCCCCCCCCCCCCC(C)C)COP(O)(=O)OC[C@@]([H])(COC(=O)CCCCCCCCCCCC(C)C)OC(=O)CCCCCCCCCCCCC(C)C,1424.005,1424.005,2.27E-13
383,[H][C@@](COC(=O)CCCCCCCCCCCCCCCCCCCCC(C)CC)(COC(=O)CCCCCCCCCCC(C)C)OC(=O)CCCCCCCCCCCCCCCCCCC,[H][C@@](COC(=O)CCCCCCCCCCCCCCC(C)C)(COC(=O)CCCCCCCCCCCCCC(C)C)OC(=O)CCCCCCCCCCCCCCCCCCCCC(C)C,961.636,961.636,1.14E-13
384,CC\C(C)=C\C(=O)OC1CC(C(C)C)C2C(CC(=O)\C2=C\C)C1=C,OCCCC1=CC(OC2OC(CO)C(O)C(O)C2O)=C(O)C=C1,330.468,330.333,0.135
385,[H][C@](O)(COP(O)(=O)OC[C@@]([H])(COC(=O)CCCCCCCCCCC)OC(=O)CCCCCCCCCCCC)COP(O)(=O)OC[C@@]([H])(COC(=O)CCCCCCCCCCCCCCCC)OC(=O)CCCCCCCCCCCCCCCC(C)C,[H][C@](O)(COP(O)(=O)OC[C@@]([H])(COC(=O)CCCCCCCCCCC)OC(=O)CCCCCCCCCCCCC)COP(O)(=O)OC[C@@]([H])(COC(=O)CCCCCCCCCCCCCC)OC(=O)CCCCCCCCCCCCCCCCC(C)C,1311.789,1311.789,2.27E-13
386,[H]C(O)(COP(O)(=O)OC[C@@]([H])(COC(=O)CCCCCCCCCC(C)C)OC(=O)CCCCCCCCCCCCCC(C)C)COP(O)(=O)OC[C@@]([H])(COC(=O)CCCCCCCCCCCCCC(C)C)OC(=O)CCCCCCCCCCC(C)CC,[H][C@](O)(COP(O)(=O)OC[C@@]([H])(COC(=O)CCCCCCC)OC(=O)CCCCCCCCC)COP(O)(=O)OC[C@@]([H])(COC(=O)CCCCCCCCCCCCCCCCC(C)C)OC(=O)CCCCCCCCCCCCCCCCCCCCC(C)C,1325.816,1325.816,6.82E-13
387,[H][C@@](O)(COP(O)(=O)OC[C@@]([H])(COC(=O)CCCCCCCCCCC(C)C)OC(=O)CCCCCCCCCCCCCCCCCCC(C)C)COP(O)(=O)OC[C@@]([H])(COC(=O)CCCCCCCCC(C)CC)OC(=O)CCCCCCCCCCCCCCCCCCCCC(C)CC,[H][C@@](O)(COP(O)(=O)OC[C@@]([H])(COC(=O)CCCCCCCCCCCCCCCCC(C)CC)OC(=O)CCCCCCCCCCCCCCCCCCC(C)C)COP(O)(=O)OC[C@@]([H])(COC(=O)CCCCCCCCC(C)CC)OC(=O)CCCCCCCCCCCCCCC(C)C,1494.14,1494.14,0
388,[H][C@](O)(COP(O)(=O)OC[C@@]([H])(COC(=O)CCCCCCC)OC(=O)CCCCCCC)COP(O)(=O)OC[C@@]([H])(COC(=O)CCCCCCCCCCCCCCCC)OC(=O)CCCCCCCCCCCCCCCCCC(C)C,[H][C@@](O)(COP(O)(=O)OC[C@@]([H])(COC(=O)CCCCCCCCCCC(C)CC)OC(=O)CCCCCCCCCCC(C)CC)COP(O)(=O)OC[C@@]([H])(COC(=O)CCCCCCCCCC)OC(=O)CCCCCCCCCC(C)C,1213.6,1213.6,2.27E-13
389,[H][C@](O)(COP(O)(=O)OC[C@@]([H])(COC(=O)CCCCCCCCC)OC(=O)CCCCCCCCCCCCCCCCCC)COP(O)(=O)OC[C@@]([H])(COC(=O)CCCCCCCCCCCCCCCCC(C)C)OC(=O)CCCCCCCCCCCCCCCCCCCCCCCC,[H][C@@](O)(COP(O)(=O)OC[C@@]([H])(COC(=O)CCCCCCCCCCCCCCCCCCCCCCCC)OC(=O)CCCCCCCCCCCCCCCCCCCCC(C)CC)COP(O)(=O)OC[C@@]([H])(COC(=O)CCCCCCCCCCC)OC(=O)CCCCCCCCC(C)C,1494.14,1494.14,4.55E-13
390,[H][C@](O)(CO)COP(O)(=O)OC[C@@]([H])(COC(=O)CCCC1OC1C\C=C/C\C=C/C\C=C/CCCCC)OC(=O)CCC\C=C/C\C=C/C\C=C/C\C=C/CCCCC,[H][C@@](COC(=O)CCCCCCCCCCCCCCCCCCCCC(C)C)(COC(=O)CCCCCCCCC(C)C)OC(=O)CCCCCCCCCCCCC,835.069,835.393,0.324
391,[H][C@@](COC(=O)CCCCCCCCCCCCC)(COC(=O)CCCCCCCCCCCCCCCCCCC(C)C)OC(=O)CCCCCCCCCCCCCCCCCCC(C)C,[H][C@@](COC(=O)CCCCCCCCCCCCCCCCC)(COC(=O)CCCCCCCCCCCCCCCCC(C)CC)OC(=O)CCCCCCCCCCCCCCCCCC,947.609,947.609,1.14E-13
392,[H]C(O)(COP(O)(=O)OC[C@@]([H])(COC(=O)CCCCCCCCCCCCCCCCCC(C)C)OC(=O)CCCCCCCCCCCCCCC(C)C)COP(O)(=O)OC[C@@]([H])(COC(=O)CCCCCCCCC(C)C)OC(=O)CCCCCCCCCCCCCCCCCCC(C)C,[H][C@@](O)(COP(O)(=O)OC[C@@]([H])(COC(=O)CCCCCCCCCCCCCCCCCCCCC(C)CC)OC(=O)CCCCCCCCCCCCCCCCCCC(C)C)COP(O)(=O)OC[C@@]([H])(COC(=O)CCCCCCCCC(C)CC)OC(=O)CCCCCCCCC(C)CC,1480.113,1480.113,2.27E-13
393,[H][C@@](COC(=O)CCCCCCCCCCCCC)(COC(=O)CCCCCCCCCCCCCCC(C)C)OC(=O)CCCCCCCCCCCCCCCCCCC,[H][C@@](COC(=O)CCCCCCCCC1=C(C)C(C)=C(CCCCC)O1)(COP([O-])(=O)OCC[N+](C)(C)C)OC(=O)CCC\C=C\C=C/C(O)C\C=C/C\C=C/CCCCC,863.447,864.155,0.708
394,CCCCCCCC\C=C/CCCCCCCCCCCC(=O)OC[C@]([H])(COP([O-])(=O)OCC[N+](C)(C)C)OC(=O)CCCCCCCCCCC\C=C/C\C=C/CCCCC,[H][C@](O)(CO)COP(O)(=O)OC[C@@]([H])(COC(=O)CCCCCCCCCCCCCCCCC(C)CC)OC(=O)CC\C=C/C\C=C/C[C@@H](O)\C=C\C=C/C=C/[C@@H](O)C\C=C/CC,896.329,897.181,0.852
395,[H][C@](O)(COP(O)(=O)OC[C@@]([H])(COC(=O)CCCCCCCCCCCC)OC(=O)CCCCCCCCCCCCCC(C)C)COP(O)(=O)OC[C@@]([H])(COC(=O)CCCCCCCCCCCCCCCCCCCC)OC(=O)CCCCCCCCCCCCCCCCCCC(C)C,[H][C@@](O)(COP(O)(=O)OC[C@@]([H])(COC(=O)CCCCCCCCCCCCCCCCCCCC)OC(=O)CCCCCCCCCCCCCCCCCCCCCCCC)COP(O)(=O)OC[C@@]([H])(COC(=O)CCCCCCCCC(C)C)OC(=O)CCCCCCCCCCCCCC,1480.113,1480.113,4.55E-13
396,[H][C@](O)(COP(O)(=O)OC[C@@]([H])(COC(=O)CCCCCCCCCCC)OC(=O)CCCCCCCCCCCC)COP(O)(=O)OC[C@@]([H])(COC(=O)CCCCCCCCCCCC(C)C)OC(=O)CCCCCCCCCCCCCCCC(C)C,[H]C(O)(COP(O)(=O)OC[C@@]([H])(COC(=O)CCCCCCCCCC(C)C)OC(=O)CCCCCCCCCCCCC(C)C)COP(O)(=O)OC[C@@]([H])(COC(=O)CCCCCCCCC(C)C)OC(=O)CCCCCCCCCCCCCCC(C)C,1283.735,1283.735,2.27E-13
397,[H][C@@](O)(COP(O)(=O)OC[C@@]([H])(COC(=O)CCCCCCCCCCCCCCCCC)OC(=O)CCCCCCCCCCCCCCCCCCCCC(C)C)COP(O)(=O)OC[C@@]([H])(COC(=O)CCCCCCCCC(C)C)OC(=O)CCCCCCCCC(C)C,[H][C@@](O)(COP(O)(=O)OC[C@@]([H])(COC(=O)CCCCCCCCCCCCCCCCC)OC(=O)CCCCCCCCCCCCCCC(C)C)COP(O)(=O)OC[C@@]([H])(COC(=O)CCCCCCCCCCC(C)CC)OC(=O)CCCCCCCCCCC(C)CC,1381.924,1381.924,2.27E-13
398,[H][C@](O)(COP(O)(=O)OC[C@@]([H])(COC(=O)CCCCCCCCCCCCCCC)OC(=O)CCCCCCCCCCCCCCC)COP(O)(=O)OC[C@@]([H])(COC(=O)CCCCCCCCCCCCCCCCCC)OC(=O)CCCCCCCCCCCCCCCCCCC,[H][C@](O)(COP(O)(=O)OC[C@@]([H])(COC(=O)CCCCCCCCCCCC)OC(=O)CCCCCCCCCCCCCCCCC)COP(O)(=O)OC[C@@]([H])(COC(=O)CCCCCCCCCCCCCCCCC)OC(=O)CCCCCCCCCCCCCCCCCCC(C)C,1452.059,1452.059,2.27E-13
399,[H][C@@](O)(COP(O)(=O)OC[C@@]([H])(COC(=O)CCCCCCCCCCCCCCCCCCC)OC(=O)CCCCCCCCCCCCCCCCCCCCC)COP(O)(=O)OC[C@@]([H])(COC(=O)CCCCCCCCCCCC(C)C)OC(=O)CCCCCCCCCCCCCCCC,[H][C@](O)(COP(O)(=O)OC[C@@]([H])(COC(=O)CCCCCCCCCC)OC(=O)CCCCCCCCCCCC(C)C)COP(O)(=O)OC[C@@]([H])(COC(=O)CCCCCCCCCCCCCCCCCCCCCCC)OC(=O)CCCCCCCCCCCCCCCCCCCCCCC,1494.14,1494.14,4.55E-13
400,[H][C@](O)(COP(O)(=O)OC[C@@]([H])(COC(=O)CCCCCCC)OC(=O)CCCCCCCCCCC(C)C)COP(O)(=O)OC[C@@]([H])(COC(=O)CCCCCCCCCCCCCCCCC(C)C)OC(=O)CCCCCCCCCCCCCCCCCCCCCCC,[H][C@](O)(COP(O)(=O)OC[C@@]([H])(COC(=O)CCCCCCCCC)OC(=O)CCCCCCCCCCC(C)C)COP(O)(=O)OC[C@@]([H])(COC(=O)CCCCCCCCCCCCCCCCCCCC)OC(=O)CCCCCCCCCCCCCCCCCC(C)C,1381.924,1381.924,4.55E-13
401,OC[C@H]1O[C@@H](O[C@@H](C#N)C2=CC=CC=C2)[C@H](O)[C@@H](O)[C@@H]1O,OC(=O)C1=CC=NC2=C1NC(=O)C1=CC=CN=C1N2C1CC1,295.291,296.286,0.995
402,[H][C@@](O)(COP(O)(=O)OC[C@@]([H])(COC(=O)CCCCCCCCCCCCCCCCCCCCC(C)C)OC(=O)CCCCCCCCCCCCCCCCCCCCC(C)CC)COP(O)(=O)OC[C@@]([H])(COC(=O)CCCCCCCCC(C)CC)OC(=O)CCCCCCCCCCCCCCCCCCCCC(C)C,[H][C@](O)(COP(O)(=O)OC[C@@]([H])(COC(=O)CCCCCCCCCCCCCCC)OC(=O)CCCCCCCCCCCCCCCCCCCCCC)COP(O)(=O)OC[C@@]([H])(COC(=O)CCCCCCCCCCCCCCCCCCCCCC)OC(=O)CCCCCCCCCCCCCCCCCCCCC(C)C,1662.464,1662.464,4.55E-13
403,[H][C@@](COC(=O)CCCCCCCCCCCCCCC)(COC(=O)CCCCCCCCCCC(C)C)OC(=O)CCCCCCCCCC(C)C,[H][C@](COC(=O)CCCCCCCCCCCCCCCC)(COC(=O)CCCCCCCCCCCCCCC(C)C)OC(=O)CCCCCCC,737.204,737.204,1.14E-13
404,[H][C@@](COC(=O)CCCCCCCCCCCCC1=C(C)C(C)=C(CCCCC)O1)(COP([O-])(=O)OCC[N+](C)(C)C)OC(=O)CCC[C@@H](O)\C=C\C=C/C\C=C/C\C=C/CCCCC,[H][C@@](COC(=O)CCCCCCCCCCCCCCCCC)(COC(=O)CCCCCCCCCCCCCCCCC(C)CC)OC(=O)CCCCCCCCCCCCCC(C)C,920.263,919.555,0.708
405,[H][C@](O)(COP(O)(=O)OC[C@@]([H])(COC(=O)CCCCCCCCC(C)C)OC(=O)CCCCCCCCCCCCC(C)C)COP(O)(=O)OC[C@@]([H])(COC(=O)CCCCCCCCC(C)CC)OC(=O)CCCCCCCCCC(C)C,[H][C@](O)(COP(O)(=O)OC[C@@]([H])(COC(=O)CCCCCCCCC)OC(=O)CCCCCCCCCCC(C)C)COP(O)(=O)OC[C@@]([H])(COC(=O)CCCCCCCCCCC(C)CC)OC(=O)CCCCCCCCCCCC(C)C,1213.6,1213.6,2.27E-13
406,[H][C@@](COC(=O)CCCCCCCCCCCCCCCC(C)C)(COC(=O)CCCCCCCCCCC(C)C)OC(=O)CCCCCCCCCCCCCCC(C)C,[H][C@](COC(=O)CCCCCCCCCCC)(COC(=O)CCCCCCCCCCCCCCCCCCC(C)C)OC(=O)CCCCCCCCCCCCC(C)CC,849.42,849.42,1.14E-13
407,[H][C@@](O)(COP(O)(=O)OC[C@@]([H])(COC(=O)CCCCCCCCCCCCC(C)CC)OC(=O)CCCCCCCCCCCCCCCCC(C)C)COP(O)(=O)OC[C@@]([H])(COC(=O)CCCCCCCCCCCC(C)C)OC(=O)CCCCCCCCCCCCCCCC,[H][C@](O)(COP(O)(=O)OC[C@@]([H])(COC(=O)CCCCCCCCCCCCC)OC(=O)CCCCCCCCCCCCCCC)COP(O)(=O)OC[C@@]([H])(COC(=O)CCCCCCCCCCCCCCCCCC)OC(=O)CCCCCCCCCCCCCCCCCCC,1424.005,1424.005,0
408,[H][C@](COC(=O)CCCCCCCCCCCCC(C)C)(COC(=O)CCCCCCCCCCC(C)CC)OC(=O)CCCCCCCCCCCCC,[H][C@](COC(=O)CCCCCCC)(COC(=O)CCCCCCCCCCCCCCCCCCC)OC(=O)CCCCCCCCCCCCCCCC,765.258,765.258,0
409,[H][C@](O)(COP(O)(=O)OC[C@@]([H])(COC(=O)CCCCCCCCCC)OC(=O)CCCCCCCCCCC(C)CC)COP(O)(=O)OC[C@@]([H])(COC(=O)CCCCCCCCCCCCCCCCCCCC)OC(=O)CCCCCCCCCCCCCCCCCCC(C)C,[H][C@@](O)(COP(O)(=O)OC[C@@]([H])(COC(=O)CCCCCCCCCCCCCCCCCC(C)C)OC(=O)CCCCCCCCCCCCCCCCCC(C)C)COP(O)(=O)OC[C@@]([H])(COC(=O)CCCCCCCCCCC)OC(=O)CCCCCCCCCCC(C)CC,1424.005,1424.005,0
410,[H][C@](O)(COP(O)(=O)OC[C@@]([H])(COC(=O)CCCCCCCCCCCCCC)OC(=O)CCCCCCCCCCCCCCCCC)COP(O)(=O)OC[C@@]([H])(COC(=O)CCCCCCCCCCCCCCCCC(C)C)OC(=O)CCCCCCCCCCCCCCCCCC(C)C,[H][C@@](O)(COP(O)(=O)OC[C@@]([H])(COC(=O)CCCCCCCCCCCCCCCC(C)C)OC(=O)CCCCCCCCCCCCCCCCCC(C)C)COP(O)(=O)OC[C@@]([H])(COC(=O)CCCCCCCCCCCC(C)C)OC(=O)CCCCCCCCCCCCCCCCCC,1494.14,1494.14,4.55E-13
411,[H][C@](O)(COP(O)(=O)OC[C@@]([H])(COC(=O)CCCCCCCCC)OC(=O)CCCCCCCCCCCCC(C)CC)COP(O)(=O)OC[C@@]([H])(COC(=O)CCCCCCCCCCCCCCCCC(C)CC)OC(=O)CCCCCCCCCCCCCCCCCCCCCC,[H][C@@](O)(COP(O)(=O)OC[C@@]([H])(COC(=O)CCCCCCCCCCCCCCCC(C)C)OC(=O)CCCCCCCCCCCCCCCCC(C)C)COP(O)(=O)OC[C@@]([H])(COC(=O)CCCCCCCCCCCC(C)C)OC(=O)CCCCCCCCCCCCCCCC,1452.059,1452.059,0
412,[H][C@@](O)(COP(O)(=O)OC[C@@]([H])(COC(=O)CCCCCCCCCCCCCCCCCC(C)C)OC(=O)CCCCCCCCCCCCC(C)C)COP(O)(=O)OC[C@@]([H])(COC(=O)CCCCCCCCC(C)CC)OC(=O)CCCCCCCCCCCCCCCC(C)C,[H][C@](O)(COP(O)(=O)OC[C@@]([H])(COC(=O)CCCCCCC\C=C/CCCCCC)OC(=O)CCCCCCCCCCCCCCC)COP(O)(=O)OC[C@@]([H])(COC(=O)CCC\C=C/C\C=C/C\C=C/C\C=C/CCCCC)OC(=O)CCCCCCC\C=C/C=C\CCCCCC,1424.005,1423.92,0.085
413,[H][C@](O)(COP(O)(=O)OC[C@@]([H])(COC(=O)CCCCCCC)OC(=O)CCCCCCCCCCCCCCCC)COP(O)(=O)OC[C@@]([H])(COC(=O)CCCCCCCCCCCCCCCCC)OC(=O)CCCCCCCCCCCCCCCCCCCCC(C)CC,[H][C@](O)(COP(O)(=O)OC[C@@]([H])(COC(=O)CCCCCCC)OC(=O)CCCCCCCCCCCCCCCC(C)C)COP(O)(=O)OC[C@@]([H])(COC(=O)CCCCCCCCCCCCCCCCCCC)OC(=O)CCCCCCCCCCCCCCCCCC(C)C,1409.978,1409.978,2.27E-13
414,ClC1=CC=C(C=C1)C1CCC2=C(O1)C=CC(Cl)=C2,OC1CN(CC2=CC=CC=C2Cl)CC2=C1SC=C2,279.166,279.792,0.626
415,[H][C@@](O)(COP(O)(=O)OC[C@@]([H])(COC(=O)CCCCCCCCCCCCCCCCCCCC)OC(=O)CCCCCCCCCCCCCCCCCCCCCC)COP(O)(=O)OC[C@@]([H])(COC(=O)CCCCCCCCC(C)C)OC(=O)CCCCCCCCCCCC(C)C,[H][C@](O)(COP(O)(=O)OC[C@@]([H])(COC(=O)CCCCCCCCCCCC)OC(=O)CCCCCCCCCCCCCCC(C)C)COP(O)(=O)OC[C@@]([H])(COC(=O)CCCCCCCCCCCCCCCC(C)C)OC(=O)CCCCCCCCCCCCCCCCCC(C)C,1452.059,1452.059,4.55E-13
416,[H][C@@](O)(COP(O)(=O)OC[C@@]([H])(COC(=O)CCCCCCCCCCCCCCC(C)C)OC(=O)CCCCCCCCCCCCCCCCCCCCC(C)C)COP(O)(=O)OC[C@@]([H])(COC(=O)CCCCCCCCCCC(C)CC)OC(=O)CCCCCCCCCCCC(C)C,[H][C@](O)(COP(O)(=O)OC[C@@]([H])(COC(=O)CCCCCCCCCCCCC)OC(=O)CCCCCCCCCCCCCCCC)COP(O)(=O)OC[C@@]([H])(COC(=O)CCCCCCCCCCCCCCCCCCC)OC(=O)CCCCCCCCCCCCCCCCCC(C)C,1466.086,1466.086,2.27E-13
417,CC12CCC3C(CCC4CC(O)CCC34C)C1CCC2OC1OC(C(O)C(O)C1O)C(O)=O,CC(CCC(=C)C(C)C(O)=O)C1CCC2C3=C(C(=O)CC12C)C1(C)CCC(=O)C(C)C1CC3=O,468.587,468.634,0.047
418,[H][C@@](O)(COP(O)(=O)OC[C@@]([H])(COC(=O)CCCCCCCCCCCCCCCCCC)OC(=O)CCCCCCCCCCCCCCCCCCC)COP(O)(=O)OC[C@@]([H])(COC(=O)CCCCCCCCCCCCC(C)C)OC(=O)CCCCCCCCCCCCC(C)CC,[H][C@@](O)(COP(O)(=O)OC[C@@]([H])(COC(=O)CCCCCCCCCCCCCCCC)OC(=O)CCCCCCCCCCCCCCCCCCCCCCCC)COP(O)(=O)OC[C@@]([H])(COC(=O)CCCCCCCCCCC(C)CC)OC(=O)CCCCCCCCCCC(C)CC,1466.086,1466.086,4.55E-13
419,[H][C@](O)(COP(O)(=O)OC[C@@]([H])(COC(=O)CCCCCCCCC)OC(=O)CCCCCCCCC)COP(O)(=O)OC[C@@]([H])(COC(=O)CCCCCCCCCCC(C)C)OC(=O)CCCCCCCCCCCCCC(C)C,[H][C@](O)(COP(O)(=O)OC[C@@]([H])(COC(=O)CCCCCCC)OC(=O)CCCCCCCCCC(C)C)COP(O)(=O)OC[C@@]([H])(COC(=O)CCCCCCCCCCCCCC)OC(=O)CCCCCCCCCCCCCC,1171.519,1171.519,2.27E-13
420,[H][C@@](O)(COP(O)(=O)OC[C@@]([H])(COC(=O)CCCCCCCCCCCC(C)C)OC(=O)CCCCCCCCCCCCCCCCCCC)COP(O)(=O)OC[C@@]([H])(COC(=O)CCCCCCCCC(C)CC)OC(=O)CCCCCCCCCCCCC,[H][C@@](O)(COP(O)(=O)OC[C@@]([H])(COC(=O)CCCCCCCCCCCCCCCCC)OC(=O)CCCCCCCCCCCCCCCCCCC)COP(O)(=O)OC[C@@]([H])(COC(=O)CCCCCCCCCC)OC(=O)CCCCCCCCCC(C)C,1325.816,1325.816,0
421,[H][C@](COC(=O)CCCCCCCCCCC)(COC(=O)CCCCCCCCCCCCCCCCCC(C)C)OC(=O)CCCCCCCCCCCCCCCCCCCCC(C)C,[H][C@](COC(=O)CCCCCCCCCCCCCCCCC)(COC(=O)CCCCCCCCCCCCCCCCC(C)CC)OC(=O)CCCCCCCCCCCCCCCCC,933.582,933.582,1.14E-13
422,[H]C(O)(COP(O)(=O)OC[C@@]([H])(COC(=O)CCCCCCCCCC(C)C)OC(=O)CCCCCCCCCCCC(C)C)COP(O)(=O)OC[C@@]([H])(COC(=O)CCCCCCCCCC(C)C)OC(=O)CCCCCCCCCCC(C)C,[H][C@@](O)(COP(O)(=O)OC[C@@]([H])(COC(=O)CCCCCCCCCCCCC)OC(=O)CCCCCCCCCCCCCC)COP(O)(=O)OC[C@@]([H])(COC(=O)CCCCCCCCCCCC)OC(=O)CCCCCCCCCC(C)C,1227.627,1227.627,4.55E-13
423,[H][C@@](COC(=O)CCC\C=C/C\C=C/C\C=C/CC1OC1CCCCC)(COP([O-])(=O)OCC[N+](C)(C)C)OC(=O)CCCCCC\C=C/C\C=C/C\C=C/CCCCC,[H][C@@](COCCCCCCCCCCCCCCCCCC)(COC(=O)CCCCCCCCCCCCC)OC(=O)CCCCCCCCC\C=C/CCCCCCCC,848.156,847.448,0.708
424,[H][C@](O)(COP(O)(=O)OC[C@@]([H])(COC(=O)CCCCCCC)OC(=O)CCCCCCCCCCCCCCCC)COP(O)(=O)OC[C@@]([H])(COC(=O)CCCCCCCCCCCCC(C)CC)OC(=O)CCCCCCCCCCCCCCCCCCCCCCCC,[H][C@](O)(COP(O)(=O)OC[C@@]([H])(COC(=O)CCCCCCCCCC)OC(=O)CCCCCCCCCCCCCC)COP(O)(=O)OC[C@@]([H])(COC(=O)CCCCCCCCCCCCCC(C)C)OC(=O)CCCCCCCCCCCCCCCCCCCCCCC,1395.951,1395.951,0
425,[H][C@@](O)(COP(O)(=O)OC[C@@]([H])(COC(=O)CCCCCCCCCCCCCCCCCC)OC(=O)CCCCCCCCCCCCCCCCCCCC)COP(O)(=O)OC[C@@]([H])(COC(=O)CCCCCCCCCC(C)C)OC(=O)CCCCCCCCCCCCC(C)C,[H][C@](O)(COP(O)(=O)OC[C@@]([H])(COC(=O)CCCCCCCCC(C)CC)OC(=O)CCCCCCCCCCCCCCCCCCC(C)C)COP(O)(=O)OC[C@@]([H])(COC(=O)CCCCCCCCCCCCCCCCCCC(C)C)OC(=O)CCCCCCCCC(C)C,1424.005,1424.005,0
426,[H][C@](O)(COP(O)(=O)OC[C@@]([H])(COC(=O)CCCCCCCCC)OC(=O)CCCCCCCCCC(C)C)COP(O)(=O)OC[C@@]([H])(COC(=O)CCCCCCCCCCCCC(C)CC)OC(=O)CCCCCCCCCCCCCCCCC(C)C,[H]C(O)(COP(O)(=O)OC[C@@]([H])(COC(=O)CCCCCCCCC(C)C)OC(=O)CCCCCCCCCCCCCCCCCC(C)C)COP(O)(=O)OC[C@@]([H])(COC(=O)CCCCCCCCCCCC(C)C)OC(=O)CCCCCCCCC(C)C,1297.762,1297.762,6.82E-13
427,[H][C@](COC(=O)CCCCCCCCCCCCCCCCCCCCC)(COC(=O)CCCCCCCCCCCCCCCCCCCCCCC)OCCCCCCCCCCCCCCCCCC,[H][C@@](COC(=O)CCCCCCCCCCCCC\C=C/CCCCCCCC)(COC(=O)CCCCCCCCC\C=C/CCCCCCCC)OC(=O)CCC\C=C/C\C=C/C\C=C/C\C=C/C\C=C/CC,1017.788,1017.659,0.129
428,[H][C@@](COC(=O)CCCCCCCCCCCCCC)(COC(=O)CCCCCCCCCCCCCCCCCCCCC)OC(=O)CCCCCCCCCCCCCC(C)C,[H][C@@](COC(=O)CCCCCCCCCCCCC)(COC(=O)CCCCCCCCCCCCCCCCCCCC)OC(=O)CCCCCCCCCCCCCCCC(C)C,891.501,891.501,0
429,[H][C@@](O)(COP(O)(=O)OC[C@@]([H])(COC(=O)CCCCCCCCCCCCC(C)CC)OC(=O)CCCCCCCCCCCCCCCCCC(C)C)COP(O)(=O)OC[C@@]([H])(COC(=O)CCCCCCCCCCC(C)CC)OC(=O)CCCCCCCCCCCCC(C)C,[H][C@@](O)(COP(O)(=O)OC[C@@]([H])(COC(=O)CCCCCCCCCCCCCCCCCC)OC(=O)CCCCCCCCCCCCCCCCCCCCC)COP(O)(=O)OC[C@@]([H])(COC(=O)CCCCCCCCC(C)CC)OC(=O)CCCCCCCCCCC(C)CC,1424.005,1424.005,0
430,[H][C@](O)(COP(O)(=O)OC[C@@]([H])(COC(=O)CCCCCCC)OC(=O)CCCCCCCCCCCCCCCCC)COP(O)(=O)OC[C@@]([H])(COC(=O)CCCCCCCCCCCCCCCCCC(C)C)OC(=O)CCCCCCCCCCCCCCCCCCCCCC,[H][C@](O)(COP(O)(=O)OC[C@@]([H])(COC(=O)CCCCCCCCCC)OC(=O)CCCCCCCCCCCCCCCC)COP(O)(=O)OC[C@@]([H])(COC(=O)CCCCCCCCCCCCCCCCC(C)C)OC(=O)CCCCCCCCCCCCCCCCCCC(C)C,1438.032,1438.032,2.27E-13
431,[H][C@](O)(COP(O)(O)=O)COP(O)(=O)OC[C@@]([H])(COC(=O)CCCCCCCCCCCCCCCCC(C)CC)OC(=O)CCC\C=C/C\C=C/C\C=C/CC1OC1CCCCC,CC(CCC(O)=O)CC(C)C(=O)SCCNC(=O)CCNC(=O)C(O)C(C)(C)COP(O)(=O)OP(O)(=O)OCC1OC(C(O)C1OP(O)(O)=O)N1C=NC2=C1N=CN=C2N,937.139,937.749,0.61
432,[H][C@@](O)(COP(O)(=O)OC[C@@]([H])(COC(=O)CCCCCCCCCCCCC(C)CC)OC(=O)CCCCCCCCCCCCCCCCCCCCC(C)C)COP(O)(=O)OC[C@@]([H])(COC(=O)CCCCCCCCCC)OC(=O)CCCCCCCCCC(C)C,[H][C@](O)(COP(O)(=O)OC[C@@]([H])(COC(=O)CCCCCCCCCCCCC)OC(=O)CCCCCCCCCCCCC)COP(O)(=O)OC[C@@]([H])(COC(=O)CCCCCCCCCCCC(C)C)OC(=O)CCCCCCCCCCCCCCCCCCCCC,1367.897,1367.897,2.27E-13
433,CCCCC[C@H](O)\C=C\[C@@H]1[C@@H](CCCCCCC(=O)OC[C@@H](O)COC(=O)CCCCCCCCCCC(C)CC)[C@@H](O)CC1=O,[H][C@](COC(=O)CCCCCCCCC)(COC(=O)CCCCCCCCCCC(C)C)OC(=O)CCCCCCCCCCCC,652.954,653.042,0.088
434,[H][C@@](COC(=O)CCCCCCCCCCC1=C(C)C(C)=C(CCC)O1)(COP(O)(=O)OCCN)OC(=O)CCC\C=C/C\C=C/C\C=C/CC1OC1CCCCC,[H][C@](O)(CO)COP(O)(=O)OC[C@@]([H])(COC(=O)CCC\C=C/C\C=C/C\C=C/C\C=C/CCCCC)OC(=O)CCC\C=C/C\C=C/C\C=C/CCCCCCCC,822.074,821.086,0.988
435,[H][C@](O)(COP(O)(=O)OC[C@@]([H])(COC(=O)CCCCCCCCC)OC(=O)CCCCCCCCCCCCCCCCCCCCC)COP(O)(=O)OC[C@@]([H])(COC(=O)CCCCCCCCCCCCCCCCCCCCC)OC(=O)CCCCCCCCCCCCCCCCCCCCCCC,[H][C@](O)(COP(O)(=O)OC[C@@]([H])(COC(=O)CCCCCCCCCCCCCCCCC)OC(=O)CC\C=C/C\C=C/C\C=C/C\C=C/C\C=C/C\C=C/CC)COP(O)(=O)OC[C@@]([H])(COC(=O)CCCCCCC\C=C/C\C=C/CCCCC)OC(=O)CC\C=C/C\C=C/C\C=C/C\C=C/C\C=C/C\C=C/CC,1550.248,1550.078,0.17
436,[H][C@](COC(=O)CCCCCCCCCCCCCCCCCCCCC(C)C)(COC(=O)CCCCCCCCCCCC(C)C)OC(=O)CCCCCCCCCCCCC,[H][C@](COC(=O)CCCCCCCCCCCCCCCCCC)(COC(=O)CCCCCCCCC(C)CC)OC(=O)CCCCCCCCCCCCCCCCCC(C)C,877.474,877.474,1.14E-13
437,[H]C(O)(COP(O)(=O)OC[C@@]([H])(COC(=O)CCCCCCCCCCCCCC)OC(=O)CCCCCCCCCCCCCCCCC)COP(O)(=O)OC[C@@]([H])(COC(=O)CCCCCCCCCCCCCCCCC)OC(=O)CCCCCCCCCCCCCCCCCCCCC,[H][C@](O)(COP(O)(=O)OC[C@@]([H])(COC(=O)CCCCCCCCCC)OC(=O)CCCCCCCCCCCCCCCCC(C)C)COP(O)(=O)OC[C@@]([H])(COC(=O)CCCCCCCCCCCCCCCCC(C)C)OC(=O)CCCCCCCCCCCCCCCCCCC(C)C,1480.113,1480.113,2.27E-13
438,[H][C@@](O)(COP(O)(=O)OC[C@@]([H])(COC(=O)CCCCCCCCCCCCC(C)C)OC(=O)CCCCCCCCCCCCCCC(C)C)COP(O)(=O)OC[C@@]([H])(COC(=O)CCCCCCCCCCCCCC)OC(=O)CCCCCCCCCCCCC(C)C,[H][C@@](O)(COP(O)(=O)OC[C@@]([H])(COC(=O)CCCCCCCCCCCCCC(C)C)OC(=O)CCCCCCCCCCCCCCCCC)COP(O)(=O)OC[C@@]([H])(COC(=O)CCCCCCCCCCCC(C)C)OC(=O)CCCCCCCCCCCC(C)C,1367.897,1367.897,4.55E-13
439,[H][C@@](O)(COP(O)(=O)OC[C@@]([H])(COC(=O)CCCCCCCCCC(C)C)OC(=O)CCCCCCCCCCCC(C)C)COP(O)(=O)OC[C@@]([H])(COC(=O)CCCCCCCCC(C)C)OC(=O)CCCCCCCCCCCCC(C)CC,[H][C@](O)(COP(O)(=O)OC[C@@]([H])(COC(=O)CCCCCCCCC(C)C)OC(=O)CCCCCCCCCCCCC(C)CC)COP(O)(=O)OC[C@@]([H])(COC(=O)CCCCCCCCCCC(C)CC)OC(=O)CCCCCCCCC(C)CC,1255.681,1255.681,4.55E-13
440,[H][C@](O)(COP(O)(=O)OC[C@@]([H])(COC(=O)CCCCCCCCC)OC(=O)CCCCCCCCCCCC(C)C)COP(O)(=O)OC[C@@]([H])(COC(=O)CCCCCCCCCCCCCCCC(C)C)OC(=O)CCCCCCCCCCCCCCCCCCCCC(C)C,[H][C@](O)(COP(O)(=O)OC[C@@]([H])(COC(=O)CCCCCCC)OC(=O)CCCCCCCCCCCCCCCCC)COP(O)(=O)OC[C@@]([H])(COC(=O)CCCCCCCCCCCCCCCCC(C)CC)OC(=O)CCCCCCCCCCCCCCCCCC(C)C,1409.978,1409.978,2.27E-13
441,[H]C(O)(COP(O)(=O)OC[C@@]([H])(COC(=O)CCCCCCCCCC(C)C)OC(=O)CCCCCCCCCCCCCCCCCCCCC(C)CC)COP(O)(=O)OC[C@@]([H])(COC(=O)CCCCCCCCC(C)CC)OC(=O)CCCCCCCCCCC(C)C,[H][C@](O)(COP(O)(=O)OC[C@@]([H])(COC(=O)CCCCCCCCC(C)CC)OC(=O)CCCCCCCCCCCCCCCCCCCCC(C)CC)COP(O)(=O)OC[C@@]([H])(COC(=O)CCCCCCCCCCC(C)CC)OC(=O)CCCCCCCCC(C)C,1367.897,1367.897,0
442,[H][C@@](CO)(NC(=O)CCC[C@@H](O)[C@H](O)\C=C/C=C\C=C\C=C\[C@@H](O)C\C=C/CC)[C@H](O)[C@@H](O)CCCCCCCCCCCCCC,CC\C=C\CC(O)\C=C\C=C\CCCCCCCC(=O)O[C@@H](CO)COC(=O)CCCCCCCCCCCCCCCC(C)C,649.954,649.01,0.944
443,[H][C@@](O)(COP(O)(=O)OC[C@@]([H])(COC(=O)CCCCCCCCCCCCCCCCCC(C)C)OC(=O)CCCCCCCCCCCCCCCCCCCCC(C)CC)COP(O)(=O)OC[C@@]([H])(COC(=O)CCCCCCCCCC(C)C)OC(=O)CCCCCCCCCCCCCCCCC,[H][C@@](O)(COP(O)(=O)OC[C@@]([H])(COC(=O)CCCCCCCCCCCCCCCCC(C)CC)OC(=O)CCCCCCCCCCCCCCCCCCCCC)COP(O)(=O)OC[C@@]([H])(COC(=O)CCCCCCCCC(C)CC)OC(=O)CCCCCCCCCCCCCCCCCCCC,1536.221,1536.221,0
444,[H][C@@](O)(COP(O)(=O)OC[C@@]([H])(COC(=O)CCCCCCCCCCCCCC(C)C)OC(=O)CCCCCCCCCCCCCCCC(C)C)COP(O)(=O)OC[C@@]([H])(COC(=O)CCCCCCCCCCCCCC)OC(=O)CCCCCCCCCCCCC(C)C,[H][C@](O)(COP(O)(=O)OC[C@@]([H])(COC(=O)CCCCCCCCCC)OC(=O)CCCCCCCCCCCCCC)COP(O)(=O)OC[C@@]([H])(COC(=O)CCCCCCCCCCCCCCCC)OC(=O)CCCCCCCCCCCCCCCCCCCCC(C)C,1395.951,1395.951,2.27E-13
445,[H][C@@](O)(COP(O)(=O)OC[C@@]([H])(COC(=O)CCCCCCCCCCCCCC(C)C)OC(=O)CCCCCCCCCCCCCCCCCCCC)COP(O)(=O)OC[C@@]([H])(COC(=O)CCCCCCCCC(C)CC)OC(=O)CCCCCCCCCCCCCC,[H][C@](O)(COP(O)(=O)OC[C@@]([H])(COC(=O)CCCCCCCCC)OC(=O)CCCCCCCCCCC(C)CC)COP(O)(=O)OC[C@@]([H])(COC(=O)CCCCCCCCCCCCCCCCCC)OC(=O)CCCCCCCCCCCCCCCCCCC(C)C,1381.924,1381.924,2.27E-13
446,[H][C@](O)(COP(O)(=O)OC[C@@]([H])(COC(=O)CCCCCCCCCCC)OC(=O)CCCCCCCCCCCC(C)C)COP(O)(=O)OC[C@@]([H])(COC(=O)CCCCCCCCCCCCCCCC(C)C)OC(=O)CCCCCCCCCCCCCCCC(C)C,[H][C@](O)(COP(O)(=O)OC[C@@]([H])(COC(=O)CCCCCCCCC(C)CC)OC(=O)CCCCCCCCCCCC(C)C)COP(O)(=O)OC[C@@]([H])(COC(=O)CCCCCCCCCCCCCCCCCCCCC(C)C)OC(=O)CCCCCCCCC(C)CC,1367.897,1367.897,0
447,CCCCC\C=C/C\C=C/C\C=C/C\C=C/CCCCCC(=O)O[C@H](COC(=O)CCC\C=C/C[C@H]1C=CC(=O)[C@@H]1\C=C\[C@@H](O)CCCCC)COP(O)(O)=O,CCCCC[C@H](O)\C=C\[C@@H]1[C@@H](CCCCCCC(=O)O[C@H](COC(=O)CCCCCCCCCCCCCCCCC(C)C)COP(O)(O)=O)[C@@H](O)CC1=O,803.027,803.068,0.041
448,[H][C@](O)(COP(O)(=O)OC[C@@]([H])(COC(=O)CCCCCCCCCC)OC(=O)CCCCCCCCCCCC)COP(O)(=O)OC[C@@]([H])(COC(=O)CCCCCCCCCCCCC(C)CC)OC(=O)CCCCCCCCCCCCCCCCC(C)C,[H]C(O)(COP(O)(=O)OC[C@@]([H])(COC(=O)CCCCCCCCCCCCCC(C)C)OC(=O)CCCCCCCCCCCC(C)C)COP(O)(=O)OC[C@@]([H])(COC(=O)CCCCCCCCCC(C)C)OC(=O)CCCCCCCCCCCCC(C)C,1311.789,1311.789,4.55E-13
449,[H][C@@](O)(COP(O)(=O)OC[C@@]([H])(COC(=O)CCCCCCCCCCCCCC(C)C)OC(=O)CCCCCCCCCCCCCCCC(C)C)COP(O)(=O)OC[C@@]([H])(COC(=O)CCCCCCCCC(C)C)OC(=O)CCCCCCCCCCCCCCCCC(C)CC,[H][C@@](O)(COP(O)(=O)OC[C@@]([H])(COC(=O)CCCCCCCCCCCCCCCCCCCC)OC(=O)CCCCCCCCCCCCCCCCCCCCC)COP(O)(=O)OC[C@@]([H])(COC(=O)CCCCCCCCCCCC)OC(=O)CCCCCCCCC(C)CC,1424.005,1424.005,0
450,[H][C@@](O)(COP(O)(=O)OC[C@@]([H])(COC(=O)CCCCCCCCCCCCCCCCCCCC)OC(=O)CCCCCCCCCCCCCCCCCCCCCCCC)COP(O)(=O)OC[C@@]([H])(COC(=O)CCCCCCCCC(C)C)OC(=O)CCCCCCCCCCCCCC(C)C,[H][C@@](O)(COP(O)(=O)OC[C@@]([H])(COC(=O)CCCCCCCCCCCCCCCCCCCCCCC)OC(=O)CCCCCCCCCCCCCCCCCCCCC(C)C)COP(O)(=O)OC[C@@]([H])(COC(=O)CCCCCCCCC(C)C)OC(=O)CCCCCCCCCCCC(C)C,1508.167,1508.167,0
451,[H][C@@](O)(COP(O)(=O)OC[C@@]([H])(COC(=O)CCCCCCCCCCCCCCCC(C)C)OC(=O)CCCCCCCCCCCCCCCCCCC(C)C)COP(O)(=O)OC[C@@]([H])(COC(=O)CCCCCCCCC(C)C)OC(=O)CCCCCCCCCCCCCCCCCC,[H]C(O)(COP(O)(=O)OC[C@@]([H])(COC(=O)CCCCCCCCCCCCCCCCCCCCC(C)C)OC(=O)CCCCCCCCCCC(C)CC)COP(O)(=O)OC[C@@]([H])(COC(=O)CCCCCCCCCC(C)C)OC(=O)CCCCCCCCCCCCCCCCC(C)C,1466.086,1466.086,2.27E-13
452,[H][C@](O)(COP(O)(=O)OC[C@@]([H])(COC(=O)CCCCCCCCCC)OC(=O)CCCCCCCCCCC)COP(O)(=O)OC[C@@]([H])(COC(=O)CCCCCCCCCCC(C)CC)OC(=O)CCCCCCCCCCCCCCC(C)C,[H][C@](O)(COP(O)(=O)OC[C@@]([H])(COC(=O)CCCCCCC)OC(=O)CCCCCCCCCC)COP(O)(=O)OC[C@@]([H])(COC(=O)CCCCCCCCCCCC)OC(=O)CCCCCCCCCCCCCCCCCCCCC(C)C,1241.654,1241.654,0
453,[H][C@@](COC(=O)CCCCCCCCCCCCCCCCCCCCC(C)C)(COC(=O)CCCCCCCCCCCCC(C)CC)OC(=O)CCCCCCCCCCCCCCCCC(C)C,[H][C@](COC(=O)CCCCCCCCCCCCCCCCCCCCC(C)CC)(COC(=O)CCCCCCCCCCCCCCCCCC(C)C)OC(=O)CCCCCCCCCCC(C)CC,989.69,989.69,0
454,[H][C@@](COC(=O)CCCCCCCCCCCCC)(COC(=O)CCCCCCCCCCCCC(C)CC)OC(=O)CCCCCCCCCCCCCCC(C)C,[H][C@@](COC(=O)CCCCCCCCCCC\C=C/C\C=C/CCCCC)(COP(O)(=O)OCCN)OC(=O)CCCCCC\C=C/C\C=C/C\C=C/CCCCC,821.366,822.162,0.796
455,[H]C(O)(COP(O)(=O)OC[C@@]([H])(COC(=O)CCCCCCCCCCCCCCCCCCC(C)C)OC(=O)CCCCCCCCCCC(C)CC)COP(O)(=O)OC[C@@]([H])(COC(=O)CCCCCCCCCC(C)C)OC(=O)CCCCCCCCCCCCC(C)C,[H]C(O)(COP(O)(=O)OC[C@@]([H])(COC(=O)CCCCCCCCCCCCC(C)CC)OC(=O)CCCCCCCCCCCCCCCCCCC(C)C)COP(O)(=O)OC[C@@]([H])(COC(=O)CCCCCCCCCCC(C)C)OC(=O)CCCCCCCCCC(C)C,1381.924,1381.924,2.27E-13
456,[H][C@@](O)(COP(O)(=O)OC[C@@]([H])(COC(=O)CCCCCCCCCCCCCC(C)C)OC(=O)CCCCCCCCCCCCCCCCCCC(C)C)COP(O)(=O)OC[C@@]([H])(COC(=O)CCCCCCCCCCCCC(C)C)OC(=O)CCCCCCCCCCCCC(C)C,[H][C@@](O)(COP(O)(=O)OC[C@@]([H])(COC(=O)CCCCCCCCCCCCCCCCC(C)C)OC(=O)CCCCCCCCCCCCCCCCCCCCCC)COP(O)(=O)OC[C@@]([H])(COC(=O)CCCCCCCCCC(C)C)OC(=O)CCCCCCCCCCCCCC,1452.059,1452.059,0
457,[H][C@](O)(COP(O)(=O)OC[C@@]([H])(COC(=O)CCCCCCCCC)OC(=O)CCCCCCCCCCCCCCC(C)C)COP(O)(=O)OC[C@@]([H])(COC(=O)CCCCCCCCCCCCCCCC(C)C)OC(=O)CCCCCCCCCCCCCCCCCCCCC(C)CC,[H][C@@](O)(COP(O)(=O)OC[C@@]([H])(COC(=O)CCCCCCCCCCCCCCCC(C)C)OC(=O)CCCCCCCCCCCCCCCCCCCCCCC)COP(O)(=O)OC[C@@]([H])(COC(=O)CCCCCCCCCCCC)OC(=O)CCCCCCCCCCCCC(C)C,1466.086,1466.086,2.27E-13
458,[H]C(O)(COP(O)(=O)OC[C@@]([H])(COC(=O)CCCCCCCCCC(C)C)OC(=O)CCCCCCCCCCCCCCCCCCC(C)C)COP(O)(=O)OC[C@@]([H])(COC(=O)CCCCCCCCCC(C)C)OC(=O)CCCCCCCCCCCCCC(C)C,[H][C@@](O)(COP(O)(=O)OC[C@@]([H])(COC(=O)CCCCCCCCCCCCCCCC)OC(=O)CCCCCCCCCCCCCCCCCC(C)C)COP(O)(=O)OC[C@@]([H])(COC(=O)CCCCCCCCCC(C)C)OC(=O)CCCCCCCCCCC(C)C,1367.897,1367.897,0
459,[H]C(O)(COP(O)(=O)OC[C@@]([H])(COC(=O)CCCCCCCCCCCCCCCCCCCCC(C)C)OC(=O)CCCCCCCCCCCCCC(C)C)COP(O)(=O)OC[C@@]([H])(COC(=O)CCCCCCCCCC(C)C)OC(=O)CCCCCCCCCC(C)C,[H][C@](O)(COP(O)(=O)OC[C@@]([H])(COC(=O)CCCCCCCCCCCC)OC(=O)CCCCCCCCCCCCCCCC)COP(O)(=O)OC[C@@]([H])(COC(=O)CCCCCCCCCCCCCCCC)OC(=O)CCCCCCCCCCCCCCCCCCC,1395.951,1395.951,2.27E-13
460,[H][C@](O)(COP(O)(=O)OC[C@@]([H])(COC(=O)CCCCCCCCCCCCCC)OC(=O)CCCCCCCCCCCCCCC)COP(O)(=O)OC[C@@]([H])(COC(=O)CCCCCCCCCCCCC(C)C)OC(=O)CCCCCCCCCCCCCCCCC(C)C,[H][C@@](O)(COP(O)(=O)OC[C@@]([H])(COC(=O)CCCCCCCCCCCCCCCC)OC(=O)CCCCCCCCCCCCCCC(C)C)COP(O)(=O)OC[C@@]([H])(COC(=O)CCCCCCCCCCCCCCC)OC(=O)CCCCCCCCCCCCC(C)C,1395.951,1395.951,4.55E-13
461,[H][C@@](COC(=O)CCCCCC\C=C/C\C=C/C\C=C/C\C=C/CC)(COP(O)(=O)OCCN)OC(=O)CCC\C=C\C=C/C(O)C\C=C/C\C=C/CCCCC,[H][C@@](COC(=O)CCCCCC\C=C/C\C=C/C\C=C/CCCCC)(COP(O)(=O)OCCN)OC(=O)CCC\C=C/C\C=C/C\C=C/C=C/C(=O)CCCCC,804.059,804.059,0
462,[H][C@@](COC(=O)CC\C=C/C\C=C/C\C=C/C\C=C/C\C=C/CCCCC)(COP(O)(=O)OC[C@H](N)C(O)=O)OC(=O)CCC\C=C/C\C=C/C\C=C/CC1OC1CCCCC,[H][C@@](COCCCCCCCCCCCCCCCCCC)(COC(=O)CCCCCCC\C=C/CCCCCCCC)OC(=O)CCCCCCCCC\C=C/CCCCCC,874.106,873.486,0.62
463,[H][C@](O)(COP(O)(=O)OC[C@@]([H])(COC(=O)CCCCCCCCC(C)CC)OC(=O)CCCCCCCCCCCCCCCC(C)C)COP(O)(=O)OC[C@@]([H])(COC(=O)CCCCCCCCC(C)CC)OC(=O)CCCCCCCCCCCCC(C)CC,[H][C@@](O)(COP(O)(=O)OC[C@@]([H])(COC(=O)CCCCCCCCCCCC(C)C)OC(=O)CCCCCCCCCCCCCCCC(C)C)COP(O)(=O)OC[C@@]([H])(COC(=O)CCCCCCCCC(C)C)OC(=O)CCCCCCCCCCCCC(C)C,1325.816,1325.816,0
464,[H]C(O)(COP(O)(=O)OC[C@@]([H])(COC(=O)CCCCCCCCCCCCCCCCCC(C)C)OC(=O)CCCCCCCCCCCCCCC(C)C)COP(O)(=O)OC[C@@]([H])(COC(=O)CCCCCCCCC(C)C)OC(=O)CCCCCCCCCCCCCCCCCCCCC(C)C,[H][C@](O)(COP(O)(=O)OC[C@@]([H])(COC(=O)CCCCCCCCCC)OC(=O)CCCCCCCCCCCCC(C)C)COP(O)(=O)OC[C@@]([H])(COC(=O)CCCCCCCCCCCCCCCCCCCCC(C)C)OC(=O)CCCCCCCCCCCCCCCCCCCCC(C)C,1508.167,1508.167,2.27E-13
465,[H][C@](O)(COP(O)(=O)OC[C@@]([H])(COC(=O)CCCCCCCCCC)OC(=O)CCCCCCCCCCCCCCCCCC(C)C)COP(O)(=O)OC[C@@]([H])(COC(=O)CCCCCCCCCCCCCCCCCC(C)C)OC(=O)CCCCCCCCCCCCCCCCCCCCC(C)C,[H][C@](O)(COP(O)(=O)OC[C@@]([H])(COC(=O)CCCCCCCCCCCCC)OC(=O)CCCCCCCCCCCCCC(C)C)COP(O)(=O)OC[C@@]([H])(COC(=O)CCCCCCCCCCCCCCCCCCCCC)OC(=O)CCCCCCCCCCCCCCCCCCCCCCC,1536.221,1536.221,4.55E-13
466,[H][C@@](O)(COP(O)(=O)OC[C@@]([H])(COC(=O)CCCCCCCCCCCCCCCCC)OC(=O)CCCCCCCCCCCCCCCCC)COP(O)(=O)OC[C@@]([H])(COC(=O)CCCCCCCCCCC(C)CC)OC(=O)CCCCCCCCCCCCCC(C)C,[H]C(O)(COP(O)(=O)OC[C@@]([H])(COC(=O)CCCCCCCCCCCCCCCCCC(C)C)OC(=O)CCCCCCCCCCCCCCCCC(C)C)COP(O)(=O)OC[C@@]([H])(COC(=O)CCCCCCCCCCC(C)C)OC(=O)CCCCCCCCC(C)CC,1409.978,1409.978,4.55E-13
467,[H][C@](COC(=O)CCCCCCCCCCCCC)(COC(=O)CCCCC\C=C/C\C=C/C\C=C/C\C=C/C\C=C/CC)OC(=O)CCCCCCCCCCC\C=C/C\C=C/CCCCC,[H][C@](COC(=O)CCCCCCCCC\C=C/C\C=C/CCCCC)(COC(=O)CCCCC\C=C/C\C=C/C\C=C/C\C=C/C\C=C/CC)OC(=O)CCCCCCCCCCCCCCC,933.497,933.497,1.14E-13
468,[H][C@@](O)(COP(O)(=O)OC[C@@]([H])(COC(=O)CCCCCCCCCCCCCCCCCCCCC(C)CC)OC(=O)CCCCCCCCCCCCCCCCCCCCC(C)CC)COP(O)(=O)OC[C@@]([H])(COC(=O)CCCCCCCCC(C)C)OC(=O)CCCCCCCCCCCCCCC(C)C,[H][C@](O)(COP(O)(=O)OC[C@@]([H])(COC(=O)CCCCCCCCCCCCCCC)OC(=O)CCCCCCCCCCCCCCCC(C)C)COP(O)(=O)OC[C@@]([H])(COC(=O)CCCCCCCCCCCCCCCCCCC(C)C)OC(=O)CCCCCCCCCCCCCCCCCCCCCC,1578.302,1578.302,6.82E-13
469,NCCCC[C@H](NC(=O)[C@@H]1CCCN1C(=O)[C@@H]1CSSC[C@H](NC(=O)CNC(=O)CNC(=O)CN)C(=O)N[C@@H](CC2=CC=C(O)C=C2)C(=O)N[C@@H](CC2=CC=CC=C2)C(=O)N[C@@H](CCC(N)=O)C(=O)N[C@@H](CC(N)=O)C(=O)N1)C(=O)NCC(N)=O,[H][C@](O)(COP(O)(=O)OC[C@@]([H])(COC(=O)CCCCCCC)OC(=O)CCCCCCCCCC)COP(O)(=O)OC[C@@]([H])(COC(=O)CCCCCCCCCCCCC(C)C)OC(=O)CCCCCCCCCCCCCCCCC(C)C,1227.395,1227.627,0.232
470,[H][C@](O)(COP(O)(=O)OC[C@@]([H])(COC(=O)CCCCCCCCC)OC(=O)CCCCCCCCCCCC)COP(O)(=O)OC[C@@]([H])(COC(=O)CCCCCCCCCC(C)C)OC(=O)CCCCCCCCCCCCCCCC(C)C,[H][C@@](O)(COP(O)(=O)OC[C@@]([H])(COC(=O)CCCCCCCCCCC(C)CC)OC(=O)CCCCCCCCCCCC(C)C)COP(O)(=O)OC[C@@]([H])(COC(=O)CCCCCCCCC(C)C)OC(=O)CCCCCCCCCC(C)C,1227.627,1227.627,2.27E-13
471,[H][C@](O)(CO)COP(O)(=O)OC[C@@]([H])(COC(=O)CCCCCCC\C=C/C=C\CCCCCC)OC(=O)CCCCCCCC1OC1C\C=C/CCCCC,[H][C@](N)(COP(O)(=O)OC[C@@]([H])(COC(=O)CCCCCCCCCCCCCCC)OC(=O)CCCCCC\C=C/C\C=C/C\C=C/CCCCC)C(O)=O,787.025,786.041,0.984
472,[H][C@@](O)(COP(O)(=O)OC[C@@]([H])(COC(=O)CCCCCCCCCCCCCCC)OC(=O)CCCCCCCCCCCCCC(C)C)COP(O)(=O)OC[C@@]([H])(COC(=O)CCCCCCCCCCCC)OC(=O)CCCCCCCCCCC(C)CC,[H]C(O)(COP(O)(=O)OC[C@@]([H])(COC(=O)CCCCCCCCC(C)C)OC(=O)CCCCCCCCCCCCCCCCCC(C)C)COP(O)(=O)OC[C@@]([H])(COC(=O)CCCCCCCCCCCC(C)C)OC(=O)CCCCCCCCC(C)CC,1311.789,1311.789,2.27E-13
473,[H][C@@](O)(COP(O)(=O)OC[C@@]([H])(COC(=O)CCCCCCCCCCCCCCCCCCCCC(C)C)OC(=O)CCCCCCCCCCCCCCCCCCCCCCCC)COP(O)(=O)OC[C@@]([H])(COC(=O)CCCCCCCCCCCC(C)C)OC(=O)CCCCCCCCCCCC(C)C,[H]C(O)(COP(O)(=O)OC[C@@]([H])(COC(=O)CCCCCCCCCCCCCCCCCCCCC(C)CC)OC(=O)CCCCCCCCCCCCCCCCCCCCC(C)C)COP(O)(=O)OC[C@@]([H])(COC(=O)CCCCCCCCCC(C)C)OC(=O)CCCCCCCCCCCCC(C)CC,1564.275,1564.275,0
474,[H][C@](O)(COP(O)(=O)OC[C@@]([H])(COC(=O)CCCCCCCCC)OC(=O)CCCCCCCCCCCCC(C)C)COP(O)(=O)OC[C@@]([H])(COC(=O)CCCCCCCCCCCCCC(C)C)OC(=O)CCCCCCCCCCCCCCCCC(C)CC,[H]C(O)(COP(O)(=O)OC[C@@]([H])(COC(=O)CCCCCCCCCCC(C)C)OC(=O)CCCCCCCCCCCCCCCCC(C)C)COP(O)(=O)OC[C@@]([H])(COC(=O)CCCCCCCCCC(C)C)OC(=O)CCCCCCCCCCCCCC(C)C,1353.87,1353.87,2.27E-13
475,[H][C@](COC(=O)CCCCCCCCCCCCCCC(C)C)(COC(=O)CCCCCCCCCCCC(C)C)OC(=O)CCCCCCC,[H][C@@](COC(=O)CCCCCCC)(COC(=O)CCCCCCCCCCCCCCCC)OC(=O)CCCCCCCCCCCCCCC,709.15,709.15,2.27E-13
476,[H][C@@](COC(=O)CCC[C@@H](O)[C@H](O)\C=C\C=C\C=C/C=C/[C@H](O)CCCCC)(COP(O)(=O)OC[C@H](N)C(O)=O)OC(=O)CCCCC\C=C/C\C=C/C\C=C/C\C=C/C\C=C/CC,[H][C@@](COC(=O)CCCCCCCCCCCCCCCCCCC)(COC(=O)CCCCCCCCCCCCCC(C)C)OC(=O)CCCCCCCCCCCCCCC(C)C,906.104,905.528,0.576
477,OCC1(O)OCC(O)C(O)C1O,CCCC1=NC=CC(=C1)C(S)=N,180.156,180.276,0.12
478,[H][C@](O)(COP(O)(=O)OC[C@@]([H])(COC(=O)CCCCCCCCCCCCC)OC(=O)CCCCCCCCCCCCCC)COP(O)(=O)OC[C@@]([H])(COC(=O)CCCCCCCCCCCCCCCCCCC(C)C)OC(=O)CCCCCCCCCCCCCCCCCCCCCC,[H][C@@](O)(COP(O)(=O)OC[C@@]([H])(COC(=O)CCCCCCCCCCCCCCCCCC(C)C)OC(=O)CCCCCCCCCCCCCCCCCCC(C)C)COP(O)(=O)OC[C@@]([H])(COC(=O)CCCCCCCCCCC(C)C)OC(=O)CCCCCCCCCCCCCCCC,1494.14,1494.14,2.27E-13
479,CC(=O)OC1C2=C(C)C(CC(O)(C(OC(=O)C3=CC=CC=C3)C3C4(COC4C(O)C(O)C3(C)C1=O)OC(C)=O)C2(C)C)OC(=O)C(O)C(NC(=O)C1=CC=CC=C1)C1=CC=CC=C1,[H][C@](O)(COP(O)(O)=O)COP(O)(=O)OC[C@@]([H])(COC(=O)CCCCCCC\C=C/C=C/C(=O)CCCCC)OC(=O)CCCCCCCCCCCCCCCCC,869.917,869.02,0.897
480,[H][C@](O)(COP(O)(=O)OC[C@@]([H])(COC(=O)CCCCCCCCCCCCCC)OC(=O)CCCCCCCCCCCCCCCC)COP(O)(=O)OC[C@@]([H])(COC(=O)CCCCCCCCCCCCCCCCC)OC(=O)CCCCCCCCCCCCCCCCCC(C)C,[H][C@@](O)(COP(O)(=O)OC[C@@]([H])(COC(=O)CCCCCCCCCCCCC(C)C)OC(=O)CCCCCCCCCCCCCCCCCCCCC(C)CC)COP(O)(=O)OC[C@@]([H])(COC(=O)CCCCCCCCCCCC(C)C)OC(=O)CCCCCCCCCCCC(C)C,1452.059,1452.059,0
481,CCCCCCCC\C=C/CCCCCCCC(=O)O[C@@H]1COC(=O)CCCCCC[C@@H]2[C@@H](O)[C@H](O)[C@@H](O)[C@H](OP(O)(=O)OC1)[C@H](OP(O)(O)=O)[C@H](O)[C@@H](\C=C\[C@@H](O)CCCCC)[C@H](O)CC2=O,[H]C(COC(=O)CCCCCCCCCCC\C=C/C\C=C/CCCCC)(COC(=O)CCCCCCCCCCC\C=C/C\C=C/CCCCC)OC(=O)CCC\C=C/C\C=C/C\C=C/C\C=C/CCCCC,1015.118,1015.643,0.525
482,[H][C@@]1(CC2=C(O)C=C(O)C=C2O[C@]1([H])C1=CC(O)=C(O)C=C1)O[C@]1([H])O[C@]([H])(C(O)=O)[C@@]([H])(O)[C@]([H])(O)[C@@]1([H])O,CC\C=C/C[C@H](O)\C=C\C=C\C=C/C=C\[C@@H](O)[C@H](O)CCCC(=O)O[C@@H](CO)COC(C)=O,466.395,466.571,0.176
483,[H][C@@](O)(COP(O)(=O)OC[C@@]([H])(COC(=O)CCCCCCCCCCCCCCCCCC(C)C)OC(=O)CCCCCCCCCCCCCCCCCCCCCC)COP(O)(=O)OC[C@@]([H])(COC(=O)CCCCCCCCCCC(C)CC)OC(=O)CCCCCCCCCCCCCCCC,[H]C(O)(COP(O)(=O)OC[C@@]([H])(COC(=O)CCCCCCCCCCCCCCCCC(C)CC)OC(=O)CCCCCCCCCCCCCCC(C)C)COP(O)(=O)OC[C@@]([H])(COC(=O)CCCCCCCCCC(C)C)OC(=O)CCCCCCCCCCCCCCCCCCCCC(C)C,1522.194,1522.194,4.55E-13
484,[H]C(O)(COP(O)(=O)OC[C@@]([H])(COC(=O)CCCCCCCCCCCCCC(C)C)OC(=O)CCCCCCCCCCCCCC(C)C)COP(O)(=O)OC[C@@]([H])(COC(=O)CCCCCCCCCCC(C)C)OC(=O)CCCCCCCCCCCCC(C)C,[H][C@@](O)(COP(O)(=O)OC[C@@]([H])(COC(=O)CCCCCCCCCCCCCCCCC(C)C)OC(=O)CCCCCCCCCCC(C)C)COP(O)(=O)OC[C@@]([H])(COC(=O)CCCCCCCCC(C)CC)OC(=O)CCCCCCCCCCCCC(C)CC,1353.87,1353.87,0
485,[H][C@@](COC(=O)CCCCCCCCCCCCCCCCC)(COC(=O)CCCCCCCCCCCCCCCCC(C)CC)OC(=O)CCCCCCC,[H][C@](COC(=O)CCCCCCCCCCCCC)(COC(=O)CCCCCCCCCC(C)C)OC(=O)CCCCCCCCCCCCCCCCCCC,793.312,793.312,4.55E-13
486,[H]C(O)(COP(O)(=O)OC[C@@]([H])(COC(=O)CCCCCCCCCCCCC(C)CC)OC(=O)CCCCCCCCCCCCCCCCCCC(C)C)COP(O)(=O)OC[C@@]([H])(COC(=O)CCCCCCCCCCC(C)C)OC(=O)CCCCCCCCCCCCCC(C)C,[H][C@](O)(COP(O)(=O)OC[C@@]([H])(COC(=O)CCCCCCCCC)OC(=O)CCCCCCCCCCCCCCCCCCC)COP(O)(=O)OC[C@@]([H])(COC(=O)CCCCCCCCCCCCCCCCCCC)OC(=O)CCCCCCCCCCCCCCCCC(C)C,1438.032,1438.032,0
487,[H][C@@](O)(COP(O)(=O)OC[C@@]([H])(COC(=O)CCCCCCCCCCCCCCCCCCCCC)OC(=O)CCCCCCCCCCCCCCCCCCCCCCC)COP(O)(=O)OC[C@@]([H])(COC(=O)CCCCCCCCCCC(C)C)OC(=O)CCCCCCCCCCCCCC,[H][C@@](O)(COP(O)(=O)OC[C@@]([H])(COC(=O)CCCCCCCCCCCCCCCCCCCCCC)OC(=O)CCCCCCCCCCCCCCCCCCCCCC)COP(O)(=O)OC[C@@]([H])(COC(=O)CCCCCCCCC(C)C)OC(=O)CCCCCCCCCCCCCC(C)C,1508.167,1508.167,2.27E-13
488,[H][C@](O)(COP(O)(=O)OC[C@@]([H])(COC(=O)CCCCCCCCC)OC(=O)CCCCCCCCC)COP(O)(=O)OC[C@@]([H])(COC(=O)CCCCCCCCCCCCCCCCCC)OC(=O)CCCCCCCCCCCCCCCCCCCCCCC,[H][C@](O)(COP(O)(=O)OC[C@@]([H])(COC(=O)CCCCCCC)OC(=O)CCCCCCCCCCCC(C)C)COP(O)(=O)OC[C@@]([H])(COC(=O)CCCCCCCCCCCCC(C)CC)OC(=O)CCCCCCCCCCCCCCCCCCCCCC,1339.843,1339.843,0
489,[H][C@@](COC(=O)CCCCCCCCCCCCCCCC)(COC(=O)CCCCCCCCCCCCCCCC(C)C)OC(=O)CCCCCCCCCCC(C)C,[H][C@](COC(=O)CCCCCCCCCCCCCCCC)(COC(=O)CCCCCCCCCCCCCCCCCCC)OC(=O)CCCCCCCCCC(C)C,835.393,835.393,1.14E-13
490,[H]C(O)(COP(O)(=O)OC[C@@]([H])(COC(=O)CCCCCCCCCC(C)C)OC(=O)CCCCCCCCCCCCCC(C)C)COP(O)(=O)OC[C@@]([H])(COC(=O)CCCCCCCCCCCCCCCCC(C)CC)OC(=O)CCCCCCCCCC(C)C,[H][C@@](O)(COP(O)(=O)OC[C@@]([H])(COC(=O)CCCCCCCCCCCCC(C)CC)OC(=O)CCCCCCCCCCC(C)C)COP(O)(=O)OC[C@@]([H])(COC(=O)CCCCCCCCC(C)C)OC(=O)CCCCCCCCCCCCCCCCC(C)CC,1353.87,1353.87,2.27E-13
491,[H][C@](O)(COP(O)(=O)OC[C@@]([H])(COC(=O)CCCCCCCCCCC)OC(=O)CCCCCCCCCCCCCCCCCCC)COP(O)(=O)OC[C@@]([H])(COC(=O)CCCCCCCCCCCCCCCCCCCCC)OC(=O)CCCCCCCCCCCCCCCCCCCCC,[H][C@@](O)(COP(O)(=O)OC[C@@]([H])(COC(=O)CCCCCCCCCCCCCCCCC(C)CC)OC(=O)CCCCCCCCCCCCCCCCCCCCC(C)C)COP(O)(=O)OC[C@@]([H])(COC(=O)CCCCCCCCC(C)CC)OC(=O)CCCCCCCCCCCCCCC(C)C,1522.194,1522.194,4.55E-13
492,[H][C@@](O)(COP(O)(=O)OC[C@@]([H])(COC(=O)CCCCCCCCCCCCCCCCCCC)OC(=O)CCCCCCCCCCCCCCCCCCC)COP(O)(=O)OC[C@@]([H])(COC(=O)CCCCCCCCCCCCC(C)C)OC(=O)CCCCCCCCCCCCCCCC,[H][C@](O)(COP(O)(=O)OC[C@@]([H])(COC(=O)CCCCCCCCC)OC(=O)CCCCCCCCCCCCCCC(C)C)COP(O)(=O)OC[C@@]([H])(COC(=O)CCCCCCCCCCCCCCCCCCC(C)C)OC(=O)CCCCCCCCCCCCCCCCCCCCCC,1480.113,1480.113,0
493,[H][C@](O)(COP(O)(=O)OC[C@@]([H])(COC(=O)CCCCCCCCCC)OC(=O)CCCCCCCCCCCCCCC(C)C)COP(O)(=O)OC[C@@]([H])(COC(=O)CCCCCCCCCCCCCCCCCC(C)C)OC(=O)CCCCCCCCCCCCCCCCCCCCC(C)CC,[H][C@@](O)(COP(O)(=O)OC[C@@]([H])(COC(=O)CCCCCCCCCCCCCCCCC)OC(=O)CCCCCCCCCCCCCCCCCCCCCCC)COP(O)(=O)OC[C@@]([H])(COC(=O)CCCCCCCCCCCCC(C)C)OC(=O)CCCCCCCCCCCCCCCC,1508.167,1508.167,2.27E-13
494,[H][C@@](O)(COP(O)(=O)OC[C@@]([H])(COC(=O)CCCCCCCCCCCC(C)C)OC(=O)CCCCCCCCCCCCCCCCCC)COP(O)(=O)OC[C@@]([H])(COC(=O)CCCCCCCCC(C)CC)OC(=O)CCCCCCCCCCCCCC,[H][C@@](O)(COP(O)(=O)OC[C@@]([H])(COC(=O)CCCCCCCCC(C)C)OC(=O)CCCCCCCCCCCCCCCCCCC(C)C)COP(O)(=O)OC[C@@]([H])(COC(=O)CCCCCCCCC(C)CC)OC(=O)CCCCCCCCCCCC(C)C,1325.816,1325.816,0
495,[H][C@@](COC(=O)CCCCCCCCCCC)(COC(=O)CCCCCCCCCCC(C)C)OC(=O)CCCCCCCCCCCCC,[H][C@@](CO\C=C\CCCCCCCCCCCCCC)(COP(O)(O)=O)OC(=O)CCCC(O)\C=C\C=C/C\C=C/C\C=C/C\C=C/CC,695.123,694.931,0.192
496,CC12C3C(C(O)=O)C45CC(=C)C(O)(C4)CCC5C3(OC1=O)C=CC2O,CC(C)C1=CC2=C(C(O)=C1O)C13CCCC(C)(C)C1C(O)C2OC3=O,346.379,346.423,0.044
497,[H][C@@](O)(COP(O)(=O)OC[C@@]([H])(COC(=O)CCCCCCCCCCCCCCCCCCC(C)C)OC(=O)CCCCCCCCCCCCCCCCCCCCC(C)C)COP(O)(=O)OC[C@@]([H])(COC(=O)CCCCCCCCCCC)OC(=O)CCCCCCCCCCC(C)C,[H][C@](O)(COP(O)(=O)OC[C@@]([H])(COC(=O)CCCCCCCCCC)OC(=O)CCCCCCCCCCCCCCCCCC)COP(O)(=O)OC[C@@]([H])(COC(=O)CCCCCCCCCCCCCCCCC(C)C)OC(=O)CCCCCCCCCCCCCCCCCCC(C)C,1466.086,1466.086,2.27E-13
498,[H][C@@](O)(COP(O)(=O)OC[C@@]([H])(COC(=O)CCCCCCCCCCCCCCCCCCCCC)OC(=O)CCCCCCCCCCCCCCCCCCCCC(C)CC)COP(O)(=O)OC[C@@]([H])(COC(=O)CCCCCCCCCC(C)C)OC(=O)CCCCCCCCCCC(C)C,[H][C@@](O)(COP(O)(=O)OC[C@@]([H])(COC(=O)CCCCCCCCCCCCCCCCC(C)C)OC(=O)CCCCCCCCCCCCCCCCCCCCCCCC)COP(O)(=O)OC[C@@]([H])(COC(=O)CCCCCCCCCCC(C)C)OC(=O)CCCCCCCCCCCC(C)C,1494.14,1494.14,2.27E-13
499,[H][C@](O)(COP(O)(=O)OC[C@@]([H])(COC(=O)CCCCCCCCCCCCCCC)OC(=O)CCCCCCCCCCCCCCCCC(C)C)COP(O)(=O)OC[C@@]([H])(COC(=O)CCCCCCCCCCCCCCCCCCCCCCC)OC(=O)CCCCCCCCCCCCCCCCCCCCC(C)CC,[H][C@@](O)(COP(O)(=O)OC[C@@]([H])(COC(=O)CCCCCCCCCCCCCCCCCCCCCC)OC(=O)CCCCCCCCCCCCCCCCCCCCC(C)C)COP(O)(=O)OC[C@@]([H])(COC(=O)CCCCCCCCCCC(C)CC)OC(=O)CCCCCCCCCCCCCCCCCCCCCC,1648.437,1648.437,2.27E-13
500,[H][C@](O)(COP(O)(=O)OC[C@@]([H])(COC(=O)CCCCCCCCCCC)OC(=O)CCCCCCCCCCCC)COP(O)(=O)OC[C@@]([H])(COC(=O)CCCCCCCCCCCCCC)OC(=O)CCCCCCCCCCCCCCCCC(C)C,[H][C@](O)(COP(O)(=O)OC[C@@]([H])(COC(=O)CCCCCCCCC)OC(=O)CCCCCCCCCC)COP(O)(=O)OC[C@@]([H])(COC(=O)CCCCCCCCCCCCCCCCC)OC(=O)CCCCCCCCCCCCCCCCCC(C)C,1297.762,1297.762,2.27E-13
501,CC(C)(COP(O)(=O)OP(O)(=O)OCC1OC(C(O)C1OP(O)(O)=O)N1C=NC2=C1N=CN=C2N)C(O)C(=O)NCCC(=O)NCCSC(=O)C=CCCCC=CC(O)=O,[H][C@@](COC(=O)CCCCCCCCC\C=C/C\C=C/CCCCC)(COC(=O)CCCCCCC\C=C/C\C=C/CCCCC)OC(=O)CCC\C=C/C\C=C/C\C=C/CCCCCCCC,933.717,933.497,0.22
502,[H][C@@](COC(=O)CCCCCCCC(O)\C=C\C=C\C\C=C\CC)(COP(O)(=O)O[C@H]1[C@H](O)[C@@H](O)[C@H](O)[C@@H](O)[C@H]1O)OC(=O)CCCCCCCCCCCCCCCCCCC,[H][C@](COC(=O)CCCCCCC\C=C/C\C=C/CCCCC)(COC(=O)CCCCCCC\C=C/C\C=C/C\C=C/CC)OC(=O)CCCCCCCCC\C=C/C\C=C/CCCCC,905.157,905.443,0.286
503,[H][C@]12SCC(C=CC)=C(N1C(=O)[C@@]2([H])NC(=O)[C@H](N)C1=CC=C(O)C=C1)C(O)=O,ClC1=CC=C(CN2C=C(C(=O)C(=O)NC3=CC=NC=C3)C3=CC=CC=C23)C=C1,389.433,389.842,0.409
504,[H][C@](O)(COP(O)(=O)OC[C@@]([H])(COC(=O)CCCCCCCCCCCC)OC(=O)CCCCCCCCCCCCCCC)COP(O)(=O)OC[C@@]([H])(COC(=O)CCCCCCCCCCCCCC(C)C)OC(=O)CCCCCCCCCCCCCCC(C)C,[H][C@](O)(COP(O)(=O)OC[C@@]([H])(COC(=O)CCCCCCCCCCC)OC(=O)CCCCCCCCCCCCCC)COP(O)(=O)OC[C@@]([H])(COC(=O)CCCCCCCCCCCCCC)OC(=O)CCCCCCCCCCCCCCCCCCCCC,1353.87,1353.87,6.82E-13
505,[H][C@@](O)(COP(O)(=O)OC[C@@]([H])(COC(=O)CCCCCCCCCCCCCCCCCC)OC(=O)CCCCCCCCCCCCCCCCC(C)C)COP(O)(=O)OC[C@@]([H])(COC(=O)CCCCCCCCCCC)OC(=O)CCCCCCCCCCC(C)C,[H][C@@](O)(COP(O)(=O)OC[C@@]([H])(COC(=O)CCCCCCCCCCC(C)C)OC(=O)CCCCCCCCCCCCCCCCCCCCCC)COP(O)(=O)OC[C@@]([H])(COC(=O)CCCCCCCCCCCCC)OC(=O)CCCCCCCCCCC(C)C,1367.897,1367.897,2.27E-13
506,[H][C@@](O)(COP(O)(=O)OC[C@@]([H])(COC(=O)CCCCCCCCCCC(C)C)OC(=O)CCCCCCCCCCCCCCCCCCC)COP(O)(=O)OC[C@@]([H])(COC(=O)CCCCCCCCCCCC)OC(=O)CCCCCCCCCCC(C)C,[H][C@](O)(COP(O)(=O)OC[C@@]([H])(COC(=O)CCCCCCC)OC(=O)CCCCCCCCCCCCCCC)COP(O)(=O)OC[C@@]([H])(COC(=O)CCCCCCCCCCCCCCCCC)OC(=O)CCCCCCCCCCCCCCCCCC,1311.789,1311.789,4.55E-13
507,[H][C@@](COC(=O)CCCCCCC\C=C/CCCCCC)(COP([O-])(=O)OCC[N+](C)(C)C)OC(=O)CCC\C=C/C\C=C/C\C=C/C\C=C/C=C/[C@H](O)CC,[H][C@@](COC(=O)CCCCCCCCCCCCCCCCC(C)C)(COC(=O)CCCCCCCCCCC(C)C)OC(=O)CCCCCCCCC(C)CC,794.064,793.312,0.752
508,[H][C@@](O)(COP(O)(=O)OC[C@@]([H])(COC(=O)CCCCCCCCCCCCC(C)C)OC(=O)CCCCCCCCCCC(C)CC)COP(O)(=O)OC[C@@]([H])(COC(=O)CCCCCCCCC(C)CC)OC(=O)CCCCCCCCCCC(C)C,[H][C@](O)(COP(O)(=O)OC[C@@]([H])(COC(=O)CCCCCCC)OC(=O)CCCCCCCCC)COP(O)(=O)OC[C@@]([H])(COC(=O)CCCCCCCCCCCCCCC)OC(=O)CCCCCCCCCCCCCCCCCCCCCCC,1269.708,1269.708,4.55E-13
509,[H][C@](O)(COP(O)(=O)OC[C@@]([H])(COC(=O)CCCCCCCCCCCC)OC(=O)CCCCCCCCCCCC)COP(O)(=O)OC[C@@]([H])(COC(=O)CCCCCCCCCCCCCC)OC(=O)CCCCCCCCCCCCC(C)C,[H]C(O)(COP(O)(=O)OC[C@@]([H])(COC(=O)CCCCCCCCCCC(C)C)OC(=O)CCCCCCCCCC(C)C)COP(O)(=O)OC[C@@]([H])(COC(=O)CCCCCCCCCCCCCCC(C)C)OC(=O)CCCCCCCCC(C)C,1255.681,1255.681,4.55E-13
510,[H][C@](COC(=O)CCCCCCCCCCC)(COC(=O)CCCCCCCCCCCCCCCCCCCCC)OC(=O)CCCCCCCCCCCCCCCCCCCCC,[H][C@](COC(=O)CCCCCCCCCCCCCCCCC(C)C)(COC(=O)CCCCCCCCC(C)C)OC(=O)CCCCCCCCCCCCCCCCCCCCC(C)C,919.555,919.555,1.14E-13
511,CC12CCC3C(CCC4CC5SC5CC34C)C1CCC2O,ClC1=C(Cl)C=C2C(OC3=CC(Cl)=C(Cl)C=C23)=C1,306.515,305.975,0.54
512,[H][C@](O)(COP(O)(=O)OC[C@@]([H])(COC(=O)CCCCCCC)OC(=O)CCCCCCCCCCCCC)COP(O)(=O)OC[C@@]([H])(COC(=O)CCCCCCCCCCCCCCC(C)C)OC(=O)CCCCCCCCCCCCCCCCCCCCC,[H][C@](O)(COP(O)(=O)OC[C@@]([H])(COC(=O)CCCCCCCCC)OC(=O)CCCCCCCCCCCC(C)C)COP(O)(=O)OC[C@@]([H])(COC(=O)CCCCCCCCCCCCC(C)CC)OC(=O)CCCCCCCCCCCCCCCCC(C)C,1325.816,1325.816,2.27E-13
513,[H][C@](COC(=O)CCCCCCCCCCCCCC)(COC(=O)CCCCCCCCCCCCCCC)OC(=O)CCCCCCC\C=C/CCCCCCCC,[H][C@](O)(CO)COP(O)(=O)OC[C@@]([H])(COC(=O)CCC\C=C/C\C=C/C\C=C/C\C=C/CCCCC)OC(=O)CCCCCC\C=C/C\C=C/C\C=C/C\C=C/CC,819.35,819.07,0.28
514,[H]C(O)(COP(O)(=O)OC[C@@]([H])(COC(=O)CCCCCCCCCCCCCCCCCC(C)C)OC(=O)CCCCCCCCCCCC(C)C)COP(O)(=O)OC[C@@]([H])(COC(=O)CCCCCCCCC(C)C)OC(=O)CCCCCCCCCCCCCCCCCCC(C)C,[H][C@@](O)(COP(O)(=O)OC[C@@]([H])(COC(=O)CCCCCCCCCCCCCCCCCC(C)C)OC(=O)CCCCCCCCCCCCCCCCCCCCC(C)CC)COP(O)(=O)OC[C@@]([H])(COC(=O)CCCCCCCCCCC)OC(=O)CCCCCCCCC(C)C,1438.032,1438.032,2.27E-13
515,[H][C@](O)(COP(O)(=O)OC[C@@]([H])(COC(=O)CCCCCCC\C=C/C=C\CCCCCC)OC(=O)CCCCCCC\C=C/C\C=C/CCCCC)COP(O)(=O)OC[C@@]([H])(COC(=O)CCCCCCC\C=C/C=C\CCCCCC)OC(=O)CCCCCCC\C=C/C=C\CCCCCC,[H]C(O)(COP(O)(=O)OC[C@@]([H])(COC(=O)CCCCCCC\C=C/CCCCCC)OC(=O)CCCCCCC\C=C/CCCCCCCC)COP(O)(=O)OC[C@@]([H])(COC(=O)CCCCCCC\C=C/C\C=C/CCCCC)OC(=O)CCC\C=C/C\C=C/C\C=C/C\C=C/CCCCC,1449.958,1449.958,2.27E-13
516,[H][C@@](O)(COP(O)(=O)OC[C@@]([H])(COC(=O)CCCCCCCCCCCCCCCCC)OC(=O)CCCCCCCCCCCCCCCCCCCCC(C)CC)COP(O)(=O)OC[C@@]([H])(COC(=O)CCCCCCCCC(C)C)OC(=O)CCCCCCCCCCCCC,[H][C@@](O)(COP(O)(=O)OC[C@@]([H])(COC(=O)CCCCCCCCCCCCCCCCCCCCC(C)C)OC(=O)CCCCCCCCCCCCCC(C)C)COP(O)(=O)OC[C@@]([H])(COC(=O)CCCCCCCCC(C)CC)OC(=O)CCCCCCCCCCC(C)CC,1424.005,1424.005,4.55E-13
517,CCCCCCCCCCCCCCCCCC(=O)OC[C@H](CO)OC(=O)C\C=C/C[C@@H]1[C@@H](O)C[C@@H](O)[C@@H]1\C=C\[C@H](O)CCCCC,[H][C@](COC(=O)CCCCCCCCC)(COC(=O)CCCCCCCCCCC(C)CC)OC(=O)CCCCCCCCCCCC,666.981,667.069,0.088
518,[H][C@@](O)(COP(O)(=O)OC[C@@]([H])(COC(=O)CCCCCCCCCCCCCCCCC)OC(=O)CCCCCCCCCCCCCCCCCCC)COP(O)(=O)OC[C@@]([H])(COC(=O)CCCCCCCCCC)OC(=O)CCCCCCCCC(C)C,[H][C@](O)(COP(O)(=O)OC[C@@]([H])(COC(=O)CCCCCCCCC)OC(=O)CCCCCCCCCCCCC(C)C)COP(O)(=O)OC[C@@]([H])(COC(=O)CCCCCCCCCCCCCC(C)C)OC(=O)CCCCCCCCCCCCCCC(C)C,1311.789,1311.789,2.27E-13
519,[H][C@](O)(COP(O)(=O)OC[C@@]([H])(COC(=O)CCCCCCCCCCC)OC(=O)CCCCCCCCCCCCCCC)COP(O)(=O)OC[C@@]([H])(COC(=O)CCCCCCCCCCCCCCCC(C)C)OC(=O)CCCCCCCCCCCCCCCCCCC(C)C,[H][C@](O)(COP(O)(=O)OC[C@@]([H])(COC(=O)CCCCCCCCCCCC)OC(=O)CCCCCCCCCCCCC(C)C)COP(O)(=O)OC[C@@]([H])(COC(=O)CCCCCCCCCCCCCCCCCC)OC(=O)CCCCCCCCCCCCCCCCC(C)CC,1424.005,1424.005,4.55E-13
520,CCCCC[C@H](O)\C=C\[C@H]1OC(O)C[C@H](O)[C@@H]1C\C=C/CCCC(=O)OC[C@H](COP(O)(O)=O)OC(=O)CCCCC\C=C/C\C=C/C\C=C/C\C=C/C\C=C/CC,CCCCC\C=C/C\C=C/C\C=C/C\C=C/C\C=C/CCC(=O)O[C@H](COC(=O)CCC\C=C/C[C@H]1[C@@H](O)CC(O)O[C@@H]1\C=C\[C@@H](O)CCCCC)COP(O)(O)=O,837.041,837.041,7.96E-13
521,[H][C@@](COC(=O)CCCCCCC)(COC(=O)CCCCCCCCCCC)OC(=O)CCCCCCCCCCCC,[H][C@](CO)(COC(=O)CCCCCCCCC(C)CC)OC(=O)CCCCCCCCCCCCCCCCCCCC,596.934,596.978,0.044
522,[H][C@](O)(COP(O)(=O)OC[C@@]([H])(COC(=O)CCCCCCC)OC(=O)CCCCCCCCCCCC)COP(O)(=O)OC[C@@]([H])(COC(=O)CCCCCCCCCCCCCCCCCCCCCC)OC(=O)CCCCCCCCCCCCCCCCCCCCCCCC,[H][C@](O)(COP(O)(=O)OC[C@@]([H])(COC(=O)CCCCCCCCC)OC(=O)CCCCCCCCCCCCCC(C)C)COP(O)(=O)OC[C@@]([H])(COC(=O)CCCCCCCCCCCCCCCCC(C)CC)OC(=O)CCCCCCCCCCCCCCCCCC(C)C,1424.005,1424.005,2.27E-13
523,[H][C@@](O)(COP(O)(=O)OC[C@@]([H])(COC(=O)CCCCCCCCCCCCCCCCCCCCC)OC(=O)CCCCCCCCCCCCCCCCCCCCC)COP(O)(=O)OC[C@@]([H])(COC(=O)CCCCCCCCC(C)CC)OC(=O)CCCCCCCCCCC(C)C,[H][C@](O)(COP(O)(=O)OC[C@@]([H])(COC(=O)CCCCCCCCCC)OC(=O)CCCCCCCCCCCCC(C)C)COP(O)(=O)OC[C@@]([H])(COC(=O)CCCCCCCCCCCCCCCCC(C)C)OC(=O)CCCCCCCCCCCCCCCCCCCCC(C)C,1452.059,1452.059,2.27E-13
524,[H][C@@](O)(COP(O)(=O)OC[C@@]([H])(COC(=O)CCCCCCCCCCCCCCC(C)C)OC(=O)CCCCCCCCCCCCCCCCCC(C)C)COP(O)(=O)OC[C@@]([H])(COC(=O)CCCCCCCCC(C)CC)OC(=O)CCCCCCCCCCCC(C)C,[H][C@](O)(COP(O)(=O)OC[C@@]([H])(COC(=O)CCCCCCCCC)OC(=O)CCCCCCCCCCCCCC(C)C)COP(O)(=O)OC[C@@]([H])(COC(=O)CCCCCCCCCCCCCCC(C)C)OC(=O)CCCCCCCCCCCCCCCCCCC(C)C,1395.951,1395.951,0
525,[H][C@](O)(COP(O)(=O)OC[C@@]([H])(COC(=O)CCCCCCCCCC)OC(=O)CCCCCCCCCCC)COP(O)(=O)OC[C@@]([H])(COC(=O)CCCCCCCCCCCCC(C)C)OC(=O)CCCCCCCCCCCCCCCCCCCCC(C)C,[H][C@@](O)(COP(O)(=O)OC[C@@]([H])(COC(=O)CCCCCCCCCCCCC(C)CC)OC(=O)CCCCCCCCCCCCCCCCCC(C)C)COP(O)(=O)OC[C@@]([H])(COC(=O)CCCCCCCCC(C)CC)OC(=O)CCCCCCCCC(C)C,1339.843,1339.843,6.82E-13
526,[H][C@](O)(COP(O)(=O)OC[C@@]([H])(COC(=O)CCCCCCCCCCCC)OC(=O)CCCCCCCCCCCCCC)COP(O)(=O)OC[C@@]([H])(COC(=O)CCCCCCCCCCCCCCCC)OC(=O)CCCCCCCCCCCCCCCCCCCC,[H][C@](O)(COP(O)(=O)OC[C@@]([H])(COC(=O)CCCCCCC)OC(=O)CCCCCCCCCCCCCCCC)COP(O)(=O)OC[C@@]([H])(COC(=O)CCCCCCCCCCCCC(C)CC)OC(=O)CCCCCCCCCCCCCCCCCCCCC(C)C,1381.924,1381.924,0
527,[H][C@](O)(COP(O)(=O)OC[C@@]([H])(COC(=O)CCCCCCCCC)OC(=O)CCCCCCCCCCC)COP(O)(=O)OC[C@@]([H])(COC(=O)CCCCCCCCCCCCCCCCCCCC)OC(=O)CCCCCCCCCCCCCCCCCCCCC,[H][C@](O)(COP(O)(=O)OC[C@@]([H])(COC(=O)CCCCCCCCCCCC)OC(=O)CCCCCCCCCCCCCC)COP(O)(=O)OC[C@@]([H])(COC(=O)CCCCCCCCCCC(C)CC)OC(=O)CCCCCCCCCCCCCCCCCCCCC,1367.897,1367.897,2.27E-13
528,[H][C@](O)(COP(O)(=O)OC[C@@]([H])(COC(=O)CCCCCCCCC)OC(=O)CCCCCCCCCCCCCCCCC(C)C)COP(O)(=O)OC[C@@]([H])(COC(=O)CCCCCCCCCCCCCCCCCCC(C)C)OC(=O)CCCCCCCCCCCCCCCCCCCCC(C)C,[H]C(O)(COP(O)(=O)OC[C@@]([H])(COC(=O)CCCCCCCCCCCCCCCCCCC(C)C)OC(=O)CCCCCCCCCCCCC(C)C)COP(O)(=O)OC[C@@]([H])(COC(=O)CCCCCCCCCC(C)C)OC(=O)CCCCCCCCCCCCCCCCCCCCC(C)CC,1522.194,1522.194,2.27E-13
529,[H][C@@](O)(COP(O)(=O)OC[C@@]([H])(COC(=O)CCCCCCCCCCCCCCCC(C)C)OC(=O)CCCCCCCCCCCCCCCCCCC(C)C)COP(O)(=O)OC[C@@]([H])(COC(=O)CCCCCCCCCCC(C)CC)OC(=O)CCCCCCCCCCCCCCC(C)C,[H][C@](O)(COP(O)(=O)OC[C@@]([H])(COC(=O)CCCCCCCCCCCCCCC)OC(=O)CCCCCCCCCCCCCCC)COP(O)(=O)OC[C@@]([H])(COC(=O)CCCCCCCCCCCCCCCCCCCC)OC(=O)CCCCCCCCCCCCCCCCCCCC,1494.14,1494.14,2.27E-13
530,CCCC[C@@H]1OC(=O)[C@@H]2C=CCC[C@H]12,CNCC(O)C(O)C(O)C(O)CO,194.274,195.215,0.941
531,[H][C@](O)(COP(O)(=O)OC[C@@]([H])(COC(=O)CCCCCCC)OC(=O)CCCCCCCCCCC)COP(O)(=O)OC[C@@]([H])(COC(=O)CCCCCCCCCCCCCCCCC)OC(=O)CCCCCCCCCCCCCCCCC(C)C,[H][C@](O)(COP(O)(=O)OC[C@@]([H])(COC(=O)CCCCCCCCC)OC(=O)CCCCCCCCCCC)COP(O)(=O)OC[C@@]([H])(COC(=O)CCCCCCCCCC(C)C)OC(=O)CCCCCCCCCCCCCCCCCCCCCC,1269.708,1269.708,2.27E-13
532,[H][C@@](O)(COP(O)(=O)OC[C@@]([H])(COC(=O)CCCCCCCCCCCCCCCCCCCCC(C)C)OC(=O)CCCCCCCCCCCCCCCCC(C)CC)COP(O)(=O)OC[C@@]([H])(COC(=O)CCCCCCCCC(C)C)OC(=O)CCCCCCCCC(C)CC,[H][C@@](O)(COP(O)(=O)OC[C@@]([H])(COC(=O)CCCCCCCCCCCCCCCCC(C)C)OC(=O)CCCCCCCCCCCCCCCCCCC(C)C)COP(O)(=O)OC[C@@]([H])(COC(=O)CCCCCCCCCCCCC)OC(=O)CCCCCCCCCCC(C)C,1438.032,1438.032,0
533,[H][C@@](O)(COP(O)(=O)OC[C@@]([H])(COC(=O)CCCCCCCCCCCCCCCCC)OC(=O)CCCCCCCCCCCCCCCCC(C)C)COP(O)(=O)OC[C@@]([H])(COC(=O)CCCCCCCCCCC)OC(=O)CCCCCCCCC(C)CC,[H][C@](O)(COP(O)(=O)OC[C@@]([H])(COC(=O)CCCCCCCCC)OC(=O)CCCCCCCCC)COP(O)(=O)OC[C@@]([H])(COC(=O)CCCCCCCCCCCCCCCCC)OC(=O)CCCCCCCCCCCCCCCCCCCCCCCC,1339.843,1339.843,6.82E-13
534,[H][C@@](O)(COP(O)(=O)OC[C@@]([H])(COC(=O)CCCCCCCCCCC(C)C)OC(=O)CCCCCCCCCCCCCCCC(C)C)COP(O)(=O)OC[C@@]([H])(COC(=O)CCCCCCCCC(C)C)OC(=O)CCCCCCCCCCCCCCCCC(C)CC,[H][C@](O)(COP(O)(=O)OC[C@@]([H])(COC(=O)CCCCCCCCC)OC(=O)CCCCCCCCCCC)COP(O)(=O)OC[C@@]([H])(COC(=O)CCCCCCCCCCCCCCCCCCCCC)OC(=O)CCCCCCCCCCCCCCCCCCCCC,1381.924,1381.924,2.27E-13
535,[H][C@@](O)(COP(O)(=O)OC[C@@]([H])(COC(=O)CCCCCCCCCCCCCCCCCC)OC(=O)CCCCCCCCCCCCCCCCC(C)CC)COP(O)(=O)OC[C@@]([H])(COC(=O)CCCCCCCCCCCCCC)OC(=O)CCCCCCCCCCC(C)CC,[H][C@@](O)(COP(O)(=O)OC[C@@]([H])(COC(=O)CCCCCCCCCCCCCCCCC(C)CC)OC(=O)CCCCCCCCCCCCCCCC(C)C)COP(O)(=O)OC[C@@]([H])(COC(=O)CCCCCCCCC(C)C)OC(=O)CCCCCCCCCCCCCCC(C)C,1438.032,1438.032,0
536,[H][C@](O)(COP(O)(=O)OC[C@@]([H])(COC(=O)CCCCCCCCCC)OC(=O)CCCCCCCCCCCCCCCCC)COP(O)(=O)OC[C@@]([H])(COC(=O)CCCCCCCCCCCCCCCCCCC)OC(=O)CCCCCCCCCCCCCCCCCCC(C)C,[H][C@@](O)(COP(O)(=O)OC[C@@]([H])(COC(=O)CCCCCCCCCCCCCCCCC(C)C)OC(=O)CCCCCCCCCCCCCCCCCCC(C)C)COP(O)(=O)OC[C@@]([H])(COC(=O)CCCCCCCCC(C)CC)OC(=O)CCCCCCCCCCCCC(C)C,1452.059,1452.059,2.27E-13
537,[H][C@@](O)(COP(O)(=O)OC[C@@]([H])(COC(=O)CCCCCCCCCCCCC)OC(=O)CCCCCCCCCCCCCCCCCCCCCCCC)COP(O)(=O)OC[C@@]([H])(COC(=O)CCCCCCCCC(C)CC)OC(=O)CCCCCCCCCC(C)C,[H][C@](O)(COP(O)(=O)OC[C@@]([H])(COC(=O)CCCCCCCCCCC)OC(=O)CCCCCCCCCCCC(C)C)COP(O)(=O)OC[C@@]([H])(COC(=O)CCCCCCCCCCCCCCC(C)C)OC(=O)CCCCCCCCCCCCCCCCCCC,1367.897,1367.897,4.55E-13
538,[H][C@@](COC(=O)CCCCCCCCCCCCCCC)(COP(O)(O)=O)OC(=O)CCCCCCCCCCC\C=C/CCCCCCCC,[H][C@](O)(CO)COP(O)(=O)OC[C@@]([H])(COC(=O)CCC\C=C/C\C=C/C\C=C/C\C=C/[C@@H](O)CCCC)OC(=O)CCCCCCCCC(C)C,731.049,730.917,0.132
539,[H][C@](O)(COP(O)(=O)OC[C@@]([H])(COC(=O)CCCCCCCCCC)OC(=O)CCCCCCCCCCCCC(C)CC)COP(O)(=O)OC[C@@]([H])(COC(=O)CCCCCCCCCCCCCC(C)C)OC(=O)CCCCCCCCCCCCCC(C)C,[H][C@@](O)(COP(O)(=O)OC[C@@]([H])(COC(=O)CCCCCCCCCCCCCCCC)OC(=O)CCCCCCCCCCCCCCCCCC)COP(O)(=O)OC[C@@]([H])(COC(=O)CCCCCCCCCCCC)OC(=O)CCCCCCCCC(C)CC,1325.816,1325.816,0
540,[H][C@](O)(COP(O)(=O)OC[C@@]([H])(COC(=O)CCCCCCC)OC(=O)CCCCCCCCCC(C)C)COP(O)(=O)OC[C@@]([H])(COC(=O)CCCCCCCCCCCCCCC(C)C)OC(=O)CCCCCCCCCCCCCCCCCCCC,[H][C@@](O)(COP(O)(=O)OC[C@@]([H])(COC(=O)CCCCCCCCCCCCCCC)OC(=O)CCCCCCCCCCCCCCC(C)C)COP(O)(=O)OC[C@@]([H])(COC(=O)CCCCCCCCC(C)CC)OC(=O)CCCCCCCCC(C)CC,1297.762,1297.762,9.09E-13
541,[H][C@@](O)(COP(O)(=O)OC[C@@]([H])(COC(=O)CCCCCCCCCCCCC(C)C)OC(=O)CCCCCCCCCCCCCCC(C)C)COP(O)(=O)OC[C@@]([H])(COC(=O)CCCCCCCCC(C)C)OC(=O)CCCCCCCCC(C)CC,[H][C@@](O)(COP(O)(=O)OC[C@@]([H])(COC(=O)CCCCCCCCCCC(C)CC)OC(=O)CCCCCCCCCCCCC(C)CC)COP(O)(=O)OC[C@@]([H])(COC(=O)CCCCCCCCC(C)CC)OC(=O)CCCCCCCCCCC(C)C,1283.735,1283.735,0
542,[H][C@@](O)(COP(O)(=O)OC[C@@]([H])(COC(=O)CCCCCCCCC(C)CC)OC(=O)CCCCCCCCCCCCCCCCCCCCC(C)CC)COP(O)(=O)OC[C@@]([H])(COC(=O)CCCCCCCCC(C)CC)OC(=O)CCCCCCCCCCC(C)CC,[H][C@](O)(COP(O)(=O)OC[C@@]([H])(COC(=O)CCCCCCCCCC)OC(=O)CCCCCCCCCCCCCC)COP(O)(=O)OC[C@@]([H])(COC(=O)CCCCCCCCCCCCCCCCC)OC(=O)CCCCCCCCCCCCCCCCCCC(C)C,1381.924,1381.924,0
543,[H]C(O)(COP(O)(=O)OC[C@@]([H])(COC(=O)CCCCCCCCCCCCCCCCC(C)CC)OC(=O)CCCCCCCCCCCCCCC(C)C)COP(O)(=O)OC[C@@]([H])(COC(=O)CCCCCCCCCCC(C)C)OC(=O)CCCCCCCCCCC(C)CC,[H][C@@](O)(COP(O)(=O)OC[C@@]([H])(COC(=O)CCCCCCCCCCCCC(C)C)OC(=O)CCCCCCCCCCCCCCCCCCCCCCCC)COP(O)(=O)OC[C@@]([H])(COC(=O)CCCCCCCCC(C)CC)OC(=O)CCCCCCCCCCCCC,1409.978,1409.978,2.27E-13
544,[H][C@@](O)(COP(O)(=O)OC[C@@]([H])(COC(=O)CCCCCCCCCCC(C)C)OC(=O)CCCCCCCCCCCCCCCC)COP(O)(=O)OC[C@@]([H])(COC(=O)CCCCCCCCCC(C)C)OC(=O)CCCCCCCCCCC(C)C,[H][C@@](O)(COP(O)(=O)OC[C@@]([H])(COC(=O)CCCCCCCCCCCCCC)OC(=O)CCCCCCCCCCCCC(C)CC)COP(O)(=O)OC[C@@]([H])(COC(=O)CCCCCCCCCCCC)OC(=O)CCCCCCCCCC(C)C,1269.708,1269.708,2.27E-13
545,[H][C@](O)(COP(O)(=O)OC[C@@]([H])(COC(=O)CCCCCCCCCCCCCCC)OC(=O)CCCCCCC\C=C/CCCCCC)COP(O)(=O)OC[C@@]([H])(COC(=O)CCC\C=C/C\C=C/C\C=C/C\C=C/CCCCC)OC(=O)CCC\C=C/C\C=C/C\C=C/C\C=C/CCCCC,[H]C(O)(COP(O)(=O)OC[C@@]([H])(COC(=O)CCCCCCCCCC(C)C)OC(=O)CCCCCCCCCCCCCCCCCCCCC(C)C)COP(O)(=O)OC[C@@]([H])(COC(=O)CCCCCCC\C=C/C=C\CCCCCC)OC(=O)CCCCCCCCCCCCC(C)C,1447.942,1448.027,0.085
546,[H][C@@](O)(COP(O)(=O)OC[C@@]([H])(COC(=O)CCCCCCCCCCCCCCCC(C)C)OC(=O)CCCCCCCCCCCCCCCCCCC(C)C)COP(O)(=O)OC[C@@]([H])(COC(=O)CCCCCCCCCCC(C)C)OC(=O)CCCCCCCCCCCCC(C)CC,[H][C@](O)(COP(O)(=O)OC[C@@]([H])(COC(=O)CCCCCCCCCCCCC)OC(=O)CCCCCCCCCCCCCCC)COP(O)(=O)OC[C@@]([H])(COC(=O)CCCCCCCCCCCCCCCCCCC)OC(=O)CCCCCCCCCCCCCCCCCCC(C)C,1466.086,1466.086,0
547,[H][C@@](O)(COP(O)(=O)OC[C@@]([H])(COC(=O)CCCCCCCCCCCCCCCCC(C)CC)OC(=O)CCCCCCCCCCCCCCCCCCCCC(C)CC)COP(O)(=O)OC[C@@]([H])(COC(=O)CCCCCCCCC(C)CC)OC(=O)CCCCCCCCCCCCC,[H][C@@](O)(COP(O)(=O)OC[C@@]([H])(COC(=O)CCCCCCCCCCCCCCCCCCCC)OC(=O)CCCCCCCCCCCCCCCCC(C)CC)COP(O)(=O)OC[C@@]([H])(COC(=O)CCCCCCCCCCC(C)C)OC(=O)CCCCCCCCCCCCCCCC,1480.113,1480.113,2.27E-13
548,[H][C@](O)(COP(O)(=O)OC[C@@]([H])(COC(=O)CCCCCCCCCC)OC(=O)CCCCCCCCCCCCCC)COP(O)(=O)OC[C@@]([H])(COC(=O)CCCCCCCCCCCCC(C)CC)OC(=O)CCCCCCCCCCCCC(C)CC,[H]C(O)(COP(O)(=O)OC[C@@]([H])(COC(=O)CCCCCCCCCCC(C)C)OC(=O)CCCCCCCCCCCCCC(C)C)COP(O)(=O)OC[C@@]([H])(COC(=O)CCCCCCCCC(C)CC)OC(=O)CCCCCCCCCCCCC(C)C,1297.762,1297.762,0
549,[H][C@](O)(COP(O)(=O)OC[C@@]([H])(COC(=O)CCCCCCCCCCC(C)C)OC(=O)CCCCCCCCCCCCCC)COP(O)(=O)OC[C@@]([H])(COC(=O)CCCCCCCCCCC(C)CC)OC(=O)CCCCCCCCCCCCCCCCCCC,[H][C@](O)(COP(O)(=O)OC[C@@]([H])(COC(=O)CCCCCCCCCC)OC(=O)CCCCCCCCCCC)COP(O)(=O)OC[C@@]([H])(COC(=O)CCCCCCCCCCCCCCCCCC)OC(=O)CCCCCCCCCCCCCCCCCCC(C)C,1353.87,1353.87,2.27E-13
550,[H][C@](COC(=O)CCCCCCCCCCC)(COC(=O)CCCCCCCCCCC(C)C)OC(=O)CCCCCCCCCCCCCCC,[H][C@@](COC(=O)CCCCCCC)(COC(=O)CCCCCCCCCCCCC(C)CC)OC(=O)CCCCCCCCCCCCCCCC,723.177,723.177,0
551,[H][C@](O)(COP(O)(=O)OC[C@@]([H])(COC(=O)CCCCCCCCCCCCCCC)OC(=O)CCCCCCCCC\C=C/CCCCCC)COP(O)(=O)OC[C@@]([H])(COC(=O)CCCCCCCCC\C=C/CCCCCC)OC(=O)CCCCC\C=C/C\C=C/C\C=C/C\C=C/C\C=C/CC,[H][C@@](O)(COP(O)(=O)OC[C@@]([H])(COC(=O)CCCCCCCCCCCCCCCCCC)OC(=O)CCCCCCCCCCCCCCCCC(C)CC)COP(O)(=O)OC[C@@]([H])(COC(=O)CCCCCCCCCCCCCCC)OC(=O)CCCCCCCCCCCCCC(C)C,1480.028,1480.113,0.085
552,[H][C@@](O)(COP(O)(=O)OC[C@@]([H])(COC(=O)CCCCCCCCCCCCCCCCCC)OC(=O)CCCCCCCCCCCCCCCCCC)COP(O)(=O)OC[C@@]([H])(COC(=O)CCCCCCCCCC(C)C)OC(=O)CCCCCCCCCCCCCC,[H][C@@](O)(COP(O)(=O)OC[C@@]([H])(COC(=O)CCCCCCCCCCCCCCCCCCC)OC(=O)CCCCCCCCCCCCCCCCC(C)CC)COP(O)(=O)OC[C@@]([H])(COC(=O)CCCCCCCCCC)OC(=O)CCCCCCCCCCC(C)C,1381.924,1381.924,2.27E-13
553,[H][C@@](O)(COP(O)(=O)OC[C@@]([H])(COC(=O)CCCCCCCCCCCCCCCCCCCCC)OC(=O)CCCCCCCCCCCCCCCCCCCCC(C)C)COP(O)(=O)OC[C@@]([H])(COC(=O)CCCCCCCCCCCC(C)C)OC(=O)CCCCCCCCCCCCCCC(C)C,[H][C@@](O)(COP(O)(=O)OC[C@@]([H])(COC(=O)CCCCCCCCCCCCCCCCCCC(C)C)OC(=O)CCCCCCCCCCCCCCCCCCCCCCCC)COP(O)(=O)OC[C@@]([H])(COC(=O)CCCCCCCCCCC(C)C)OC(=O)CCCCCCCCCCCCCCCCC,1564.275,1564.275,2.27E-13
554,OC1C(COC(=O)C=CC2=CC=C(O)C=C2)OC(OC2=C(OC3=CC(O)=CC(O)=C3C2=O)C2=CC=C(O)C=C2)C(O)C1O,OCC1OC(OC2C(O)C(O)C(CO)OC2C2=C(O)C=C3OC(=CC(=O)C3=C2O)C2=CC=C(O)C=C2)C(O)C(O)C1O,594.525,594.522,0.003
555,[H][C@](O)(COP(O)(=O)OC[C@@]([H])(COC(=O)CCCCCCC)OC(=O)CCCCCCCCCCCC(C)C)COP(O)(=O)OC[C@@]([H])(COC(=O)CCCCCCCCCCCC(C)C)OC(=O)CCCCCCCCCCCCCCCCCCCCCCC,[H][C@](O)(COP(O)(=O)OC[C@@]([H])(COC(=O)CCCCCCCCCC)OC(=O)CCCCCCCCCCCCCC)COP(O)(=O)OC[C@@]([H])(COC(=O)CCCCCCCCCCCC(C)C)OC(=O)CCCCCCCCCCCCCCCCCCCC,1325.816,1325.816,4.55E-13
556,[H][C@@](O)(COP(O)(=O)OC[C@@]([H])(COC(=O)CCCCCCCCCCCCC(C)CC)OC(=O)CCCCCCCCCCCCCCCCCC)COP(O)(=O)OC[C@@]([H])(COC(=O)CCCCCCCCCCC(C)C)OC(=O)CCCCCCCCCCCCC(C)C,[H][C@](O)(COP(O)(=O)OC[C@@]([H])(COC(=O)CCCCCCC)OC(=O)CCCCCCCCC(C)C)COP(O)(=O)OC[C@@]([H])(COC(=O)CCCCCCCCCCCCCCCCCC(C)C)OC(=O)CCCCCCCCCCCCCCCCCCCCCCCC,1381.924,1381.924,9.09E-13
557,[H][C@](O)(COP(O)(=O)OC[C@@]([H])(COC(=O)CCCCCCCCCCCC)OC(=O)CCCCCCCCCCCCCC)COP(O)(=O)OC[C@@]([H])(COC(=O)CCCCCCCCCCCCCCCCC(C)C)OC(=O)CCCCCCCCCCCCCCCCCCC(C)C,[H][C@](O)(COP(O)(=O)OC[C@@]([H])(COC(=O)CCCCCCCCCC)OC(=O)CCCCCCCCCCCCCC)COP(O)(=O)OC[C@@]([H])(COC(=O)CCCCCCCCCCCCCCCCCCC(C)C)OC(=O)CCCCCCCCCCCCCCCCCCC(C)C,1438.032,1438.032,0
558,[H][C@](COC(=O)CCCCCCCCCCCCCC)(COC(=O)CCCCCCCCCCCCCCCCCCCC)OC(=O)CCCCCCCCCCC,[H][C@](O)(CO)COP(O)(=O)OC[C@@]([H])(COC(=O)CCC\C=C/C\C=C/C\C=C/C=C/C(=O)CCCCC)OC(=O)CCCC\C=C/C\C=C/C\C=C/CCCCC,807.339,807.015,0.324
559,[H][C@@](O)(COP(O)(=O)OC[C@@]([H])(COC(=O)CCCCCCCCCCCCCCCC(C)C)OC(=O)CCCCCCCCCCCCCCCCCC(C)C)COP(O)(=O)OC[C@@]([H])(COC(=O)CCCCCCCCCCCCCC)OC(=O)CCCCCCCCCCC(C)CC,[H][C@](O)(COP(O)(=O)OC[C@@]([H])(COC(=O)CCCCCCCCCC)OC(=O)CCCCCCCCCCCCC)COP(O)(=O)OC[C@@]([H])(COC(=O)CCCCCCCCCCCCCCCCCCC)OC(=O)CCCCCCCCCCCCCCCCCCCCC(C)CC,1438.032,1438.032,2.27E-13
560,[H][C@@](O)(COP(O)(=O)OC[C@@]([H])(COC(=O)CCCCCCCCCCCCCCCCCCCCCCC)OC(=O)CCCCCCCCCCCCCCCCCCCCCCCC)COP(O)(=O)OC[C@@]([H])(COC(=O)CCCCCCCCCCC(C)CC)OC(=O)CCCCCCCCCCCC(C)C,[H][C@@](O)(COP(O)(=O)OC[C@@]([H])(COC(=O)CCCCCCCCCCCCCCCCC(C)C)OC(=O)CCCCCCCCCCCCCCCCCCCCC(C)CC)COP(O)(=O)OC[C@@]([H])(COC(=O)CCCCCCCCC(C)CC)OC(=O)CCCCCCCCCCCCCCCCCC(C)C,1564.275,1564.275,2.27E-13
561,[H][C@](COC(=O)CCCCCCCCCCCCCCC)(COC(=O)CCCCCCCCCCCCCCCCC)OC(=O)CCCCCCCCCCCCCCCCCCCCC(C)C,[H][C@@](COC(=O)CCCCCCCCCCCCCCCCCC)(COC(=O)CCCCCCCCCCCCCCCCCCCCC(C)C)OC(=O)CCCCCCCCCCCCCC,947.609,947.609,0
562,[H][C@](COC(=O)CCCCCCCCCCCCCCCCC(C)CC)(COC(=O)CCCCCCCCCCCCC(C)CC)OC(=O)CCCCCCCCC(C)C,[H][C@@](COC(=O)CCCCCCCCCCCCCC(C)C)(COC(=O)CCCCCCCCCCCCC(C)C)OC(=O)CCCCCCCCCCCCCC(C)C,835.393,835.393,0
563,CC1=CC(O)=C2C(O)=C3C(=O)C4C(O)C5C6C(O)C(C(=O)C7=C(O)C8=C(O)C=C(C)C(O)=C8C(=O)C467)C35C(=O)C2=C1O,CC(C)C1=C(C(O)=NC2=CC=CC=C2O)C(=C(N1CCC(O)CC(O)CC(O)=O)C1=CC=C(F)C=C1)C1=CC=CC=C1,574.494,574.649,0.155
564,[H][C@@](O)(COP(O)(=O)OC[C@@]([H])(COC(=O)CCCCCCCCCCCC(C)C)OC(=O)CCCCCCCCCCCCCCCCCC)COP(O)(=O)OC[C@@]([H])(COC(=O)CCCCCCCCCCC(C)C)OC(=O)CCCCCCCCCCC(C)CC,[H][C@](O)(COP(O)(=O)OC[C@@]([H])(COC(=O)CCCCCCCCCCC)OC(=O)CCCCCCCCCCCCCCC)COP(O)(=O)OC[C@@]([H])(COC(=O)CCCCCCCCCCCCCCCC)OC(=O)CCCCCCCCCCCCCCCCC,1339.843,1339.843,4.55E-13
565,[H][C@](O)(COP(O)(=O)OC[C@@]([H])(COC(=O)CCCCCCCCCCCCC)OC(=O)CCCCCCCCCCCCCCCCCC(C)C)COP(O)(=O)OC[C@@]([H])(COC(=O)CCCCCCCCCCCCCCCCCC(C)C)OC(=O)CCCCCCCCCCCCCCCCCCC(C)C,[H][C@@](O)(COP(O)(=O)OC[C@@]([H])(COC(=O)CCCCCCCCCCCCCCCCCCCCCC)OC(=O)CCCCCCCCCCCCCCCCCCCCCC)COP(O)(=O)OC[C@@]([H])(COC(=O)CCCCCCCCCCCCCC)OC(=O)CCCCCCCCCCCCC(C)CC,1550.248,1550.248,0
566,[H]C(O)(COP(O)(=O)OC[C@@]([H])(COC(=O)CCCCCCCCCCCC(C)C)OC(=O)CCCCCCCCCCCCCCCCCCCCC(C)C)COP(O)(=O)OC[C@@]([H])(COC(=O)CCCCCCCCCCC(C)C)OC(=O)CCCCCCCCCCC(C)C,[H][C@](O)(COP(O)(=O)OC[C@@]([H])(COC(=O)CCCCCCCCCCC)OC(=O)CCCCCCCCCCCCCCCC)COP(O)(=O)OC[C@@]([H])(COC(=O)CCCCCCCCCCCCCCCCC)OC(=O)CCCCCCCCCCCCCCCCC(C)C,1395.951,1395.951,0
567,[H][C@](COC(=O)CCCCCCCCCCCCCCC)(COC(=O)CCCC\C=C/C\C=C/C\C=C/C\C=C/CC)OC(=O)CCCC\C=C/C\C=C/C\C=C/C\C=C/CC,[H][C@](COC(=O)CCCC\C=C/C\C=C/C\C=C/CCCCC)(COC(=O)CCCC\C=C/C\C=C/C\C=C/C\C=C/CC)OC(=O)CCCCCCC\C=C/CCCCCC,847.319,847.319,1.14E-13
568,[H][C@@](O)(COP(O)(=O)OC[C@@]([H])(COC(=O)CCCCCCCCCCCCCCCCCCC(C)C)OC(=O)CCCCCCCCCCCC(C)C)COP(O)(=O)OC[C@@]([H])(COC(=O)CCCCCCCCC(C)CC)OC(=O)CCCCCCCCCCCCC(C)C,[H][C@](O)(COP(O)(=O)OC[C@@]([H])(COC(=O)CCCCCCCCC(C)C)OC(=O)CCCCCCCCCCCCCCCCC(C)CC)COP(O)(=O)OC[C@@]([H])(COC(=O)CCCCCCCCCCCCCCCCC(C)C)OC(=O)CCCCCCCCCC(C)C,1381.924,1381.924,2.27E-13
569,[H][C@@](O)(COP(O)(=O)OC[C@@]([H])(COC(=O)CCCCCCCCCCCCCCCC(C)C)OC(=O)CCCCCCCCCCCCCCCCC(C)CC)COP(O)(=O)OC[C@@]([H])(COC(=O)CCCCCCCCCCCCCC)OC(=O)CCCCCCCCCCCCC(C)C,[H][C@@](O)(COP(O)(=O)OC[C@@]([H])(COC(=O)CCCCCCCCCCCCCCCCC(C)C)OC(=O)CCCCCCCCCCCCC(C)CC)COP(O)(=O)OC[C@@]([H])(COC(=O)CCCCCCCCC(C)CC)OC(=O)CCCCCCCCCCCCCCCCC(C)CC,1452.059,1452.059,2.27E-13
570,[H][C@](COC(=O)CCCCCCCCCCCCCCCC)(COC(=O)CCCCCCCCC(C)C)OC(=O)CCCCCCCCCCCCC(C)CC,CC1(C)C(CCC2(C=O)C1CCC1(C)C2CCC2C3=CC(C)(CCC3(C)CCC12C)C(O)=O)OC1OC(C(O)C(O)C1OC1OCC(O)C(O)C1O)C(O)=O,779.285,778.933,0.352
571,[H][C@@](COC(=O)CCCCCCCCCCCCC(C)C)(COC(=O)CCCCCCCCC(C)CC)OC(=O)CCCCCCCCCCCCCCCCCCCCC,[H][C@](COC(=O)CCCCCCCCCCCCCCCC)(COC(=O)CCCCCCCCCCCCCCCCC(C)C)OC(=O)CCCCCCCCCCC(C)C,849.42,849.42,4.55E-13
572,[H][C@@](O)(COP(O)(=O)OC[C@@]([H])(COC(=O)CCCCCCCCCCCCCCCCCCCC)OC(=O)CCCCCCCCCCCCCCCCCCCCC)COP(O)(=O)OC[C@@]([H])(COC(=O)CCCCCCCCC(C)C)OC(=O)CCCCCCCCCCCC,[H][C@@](O)(COP(O)(=O)OC[C@@]([H])(COC(=O)CCCCCCCCCCCCC(C)C)OC(=O)CCCCCCCCCCCCCCCCCC(C)C)COP(O)(=O)OC[C@@]([H])(COC(=O)CCCCCCCCCCC(C)CC)OC(=O)CCCCCCCCCCCCCCC,1409.978,1409.978,2.27E-13
573,[H][C@](O)(COP(O)(=O)OC[C@@]([H])(COC(=O)CCCCCCCCC)OC(=O)CCCCCCCCCC)COP(O)(=O)OC[C@@]([H])(COC(=O)CCCCCCCCCCCCCCCCCC(C)C)OC(=O)CCCCCCCCCCCCCCCCCCCCC(C)CC,[H]C(O)(COP(O)(=O)OC[C@@]([H])(COC(=O)CCCCCCCCCC(C)C)OC(=O)CCCCCCCCCCCCCCCCCCC(C)C)COP(O)(=O)OC[C@@]([H])(COC(=O)CCCCCCCCCCCCCCCC(C)C)OC(=O)CCCCCCCCCC(C)C,1395.951,1395.951,2.27E-13
574,[H]C(O)(COP(O)(=O)OC[C@@]([H])(COC(=O)CCCCCCCCCCCCCCCCCCC(C)C)OC(=O)CCCCCCCCCCC(C)C)COP(O)(=O)OC[C@@]([H])(COC(=O)CCCCCCCCCC(C)C)OC(=O)CCCCCCCCCCCCC(C)C,[H]C(O)(COP(O)(=O)OC[C@@]([H])(COC(=O)CCCCCCCCCC(C)C)OC(=O)CCCCCCCCCCCCCCCC(C)C)COP(O)(=O)OC[C@@]([H])(COC(=O)CCCCCCCCCCCCCCCCC(C)C)OC(=O)CCCCCCCCCC(C)C,1367.897,1367.897,2.27E-13
575,[H][C@@](O)(COP(O)(=O)OC[C@@]([H])(COC(=O)CCCCCCCCCCCCCCC(C)C)OC(=O)CCCCCCCCCCCCCCCCC(C)C)COP(O)(=O)OC[C@@]([H])(COC(=O)CCCCCCCCCCCC(C)C)OC(=O)CCCCCCCCCCCCCCCC,[H][C@](O)(COP(O)(=O)OC[C@@]([H])(COC(=O)CCCCCCCCCCCC)OC(=O)CCCCCCCCCCCCCCC(C)C)COP(O)(=O)OC[C@@]([H])(COC(=O)CCCCCCCCCCCCCCCC(C)C)OC(=O)CCCCCCCCCCCCCCCCC(C)C,1438.032,1438.032,2.27E-13
576,[H]C(O)(COP(O)(=O)OC[C@@]([H])(COC(=O)CCCCCCCCCCC(C)CC)OC(=O)CCCCCCCCCCCCCCCCC(C)C)COP(O)(=O)OC[C@@]([H])(COC(=O)CCCCCCCCCC(C)C)OC(=O)CCCCCCCCCCCCCCCCC(C)C,[H][C@@](O)(COP(O)(=O)OC[C@@]([H])(COC(=O)CCCCCCCCCCCCCCCCC)OC(=O)CCCCCCCCCCCCCCCCCCCCC(C)CC)COP(O)(=O)OC[C@@]([H])(COC(=O)CCCCCCCCC(C)C)OC(=O)CCCCCCCCCCCC,1409.978,1409.978,0
577,[H][C@@](COC(=O)CCCCCCCCCCC)(COC(=O)CCCCCCCCCCCCCCC)OC(=O)CCCCCCCCCCCCCC,CCCCC[C@H](O)\C=C\[C@H]1[C@H](O)C[C@H](O)[C@@H]1C\C=C\CCCC(=O)OC[C@@H](O)COC(=O)CCCCCCCCCCCCCCCCCC(C)C,737.204,737.116,0.088
578,[H][C@@](O)(COP(O)(=O)OC[C@@]([H])(COC(=O)CCCCCCCCCCCCCCCCC)OC(=O)CCCCCCCCCCCCCCCCCCCCC)COP(O)(=O)OC[C@@]([H])(COC(=O)CCCCCCCCC(C)CC)OC(=O)CCCCCCCCCCCCCC(C)C,[H][C@@](O)(COP(O)(=O)OC[C@@]([H])(COC(=O)CCCCCCCCCCCCCCCC(C)C)OC(=O)CCCCCCCCCCCCCCCCCC(C)C)COP(O)(=O)OC[C@@]([H])(COC(=O)CCCCCCCCCCCC)OC(=O)CCCCCCCCCCCCC(C)CC,1438.032,1438.032,4.55E-13
579,[H][C@@](COC(=O)CCCCCCCCCCCCCCCCCCC(C)C)(COC(=O)CCCCCCCCCCC(C)C)OC(=O)CCCCCCCCC,[H][C@](COC(=O)CCCCCCCCCCCC)(COC(=O)CCCCCCCCCCCCCCCCC(C)CC)OC(=O)CCCCCCCCCCC,779.285,779.285,1.14E-13
580,[H][C@](O)(COP(O)(=O)OC[C@@]([H])(COC(=O)CCCCCCCCCC)OC(=O)CCCCCCCCCCC)COP(O)(=O)OC[C@@]([H])(COC(=O)CCCCCCCCCCCCCCCCC(C)CC)OC(=O)CCCCCCCCCCCCCCCCC(C)CC,[H][C@](O)(COP(O)(=O)OC[C@@]([H])(COC(=O)CCCCCCC)OC(=O)CCCCCCCCC(C)C)COP(O)(=O)OC[C@@]([H])(COC(=O)CCCCCCCCCCCCCCCCCC(C)C)OC(=O)CCCCCCCCCCCCCCCCCCCCCCC,1367.897,1367.897,4.55E-13
581,[H][C@@](O)(COP(O)(=O)OC[C@@]([H])(COC(=O)CCCCCCCCCCCCCCC(C)C)OC(=O)CCCCCCCCCCCCCCCCCCCCC)COP(O)(=O)OC[C@@]([H])(COC(=O)CCCCCCCCCC(C)C)OC(=O)CCCCCCCCCCCCCCCCC,[H][C@@](O)(COP(O)(=O)OC[C@@]([H])(COC(=O)CCCCCCCCCCCCCCCC(C)C)OC(=O)CCCCCCCCCCCCCCCCCCCCCCC)COP(O)(=O)OC[C@@]([H])(COC(=O)CCCCCCCCC(C)CC)OC(=O)CCCCCCCCCCCC(C)C,1452.059,1452.059,4.55E-13
582,[H][C@](O)(COP(O)(=O)OC[C@@]([H])(COC(=O)CCCCCCCCCCCC)OC(=O)CCCCCCCCCCCCCCCCC(C)C)COP(O)(=O)OC[C@@]([H])(COC(=O)CCCCCCCCCCCCCCCCCCCC)OC(=O)CCCCCCCCCCCCCCCCCCCCC(C)C,[H][C@](O)(COP(O)(=O)OC[C@@]([H])(COC(=O)CCCCCCCCC)OC(=O)CCCCCCCCCCCCCCCCCC(C)C)COP(O)(=O)OC[C@@]([H])(COC(=O)CCCCCCCCCCCCCCCCCCC(C)C)OC(=O)CCCCCCCCCCCCCCCCCCCCC(C)CC,1550.248,1550.248,2.27E-13
583,[H][C@](COC(=O)CCCCCCCCCCC(C)CC)(COC(=O)CCCCCCCCCC(C)C)OC(=O)CCCCCCCCCCCCCCCCCCCCC,[H][C@@](COC(=O)CCCCCCCCCCCCCC)(COC(=O)CCCCCCCCCC(C)C)OC(=O)CCCCCCCCCCCCCCCCCCC(C)C,835.393,835.393,1.14E-13
584,[H][C@](O)(COP(O)(=O)OC[C@@]([H])(COC(=O)CCCCCCCCCCCC)OC(=O)CCCCCCCCCCCCC)COP(O)(=O)OC[C@@]([H])(COC(=O)CCCCCCCCCCCCC(C)C)OC(=O)CCCCCCCCCCCCCCCCCCCCC(C)C,[H][C@](O)(COP(O)(=O)OC[C@@]([H])(COC(=O)CCCCCCCCCCC)OC(=O)CCCCCCCCCCCCC)COP(O)(=O)OC[C@@]([H])(COC(=O)CCCCCCCCCCCCC(C)CC)OC(=O)CCCCCCCCCCCCCCCCCCCCCCC,1395.951,1395.951,2.27E-13
585,[H]C(COC(=O)CCCCCCCCC\C=C/C\C=C/CCCCC)(COP(O)(=O)OCCNC)OC(=O)CCCCCCC\C=C/CCCC,[H][C@@](COC(=O)CCCCCCCCCCCCCCCCCC)(COP(O)(O)=O)OC(=O)CCCCCCCC(O)\C=C\C=C\C\C=C\CC,728.005,728.989,0.984
586,[H][C@](O)(COP(O)(=O)OC[C@@]([H])(COC(=O)CCCCCCCCCCC)OC(=O)CCCCCCCCCCCCC(C)CC)COP(O)(=O)OC[C@@]([H])(COC(=O)CCCCCCCCCCCCCCCCC)OC(=O)CCCCCCCCCCCCCCCCC(C)CC,[H][C@@](O)(COP(O)(=O)OC[C@@]([H])(COC(=O)CCCCCCCCCCCCCCCCC(C)CC)OC(=O)CCCCCCCCCCCCCCCCCC(C)C)COP(O)(=O)OC[C@@]([H])(COC(=O)CCCCCCCCCCCC)OC(=O)CCCCCCCCCC(C)C,1409.978,1409.978,0
587,[H][C@@](O)(COP(O)(=O)OC[C@@]([H])(COC(=O)CCCCCCCCCCCCCCCCCCCCCCC)OC(=O)CCCCCCCCCCCCCCCCCCCCCCCC)COP(O)(=O)OC[C@@]([H])(COC(=O)CCCCCCCCCCC)OC(=O)CCCCCCCCCCC(C)CC,[H][C@@](O)(COP(O)(=O)OC[C@@]([H])(COC(=O)CCCCCCCCCCCCCCCCC(C)C)OC(=O)CCCCCCCCCCCCCCCCCCC(C)C)COP(O)(=O)OC[C@@]([H])(COC(=O)CCCCCCCCCCC(C)C)OC(=O)CCCCCCCCCCCCCCCCC(C)C,1522.194,1522.194,2.27E-13
588,[H][C@@](COC(=O)CC\C=C/C\C=C/C\C=C/C\C=C/C\C=C/CCCCC)(COP(O)(=O)OCCN)OC(=O)CCCCCCCCCCCCCCCCCCC,CCCCC\C=C/C\C=C/C=C/C=C/[C@@H](SC[C@H](N)C(=O)OC[C@@H](O)COC(=O)CCCCCCCCCCCCCCCCCC(C)C)[C@@H](O)CCCC(O)=O,822.162,822.247,0.085
589,[H][C@](O)(COP(O)(=O)OC[C@@]([H])(COC(=O)CCCCCCC)OC(=O)CCCCCCCCCCCCC)COP(O)(=O)OC[C@@]([H])(COC(=O)CCCCCCCCCCC(C)CC)OC(=O)CCCCCCCCCCCCCCCCC(C)C,[H][C@](O)(COP(O)(=O)OC[C@@]([H])(COC(=O)CCCCCCCCCCC)OC(=O)CCCCCCCCCCC)COP(O)(=O)OC[C@@]([H])(COC(=O)CCCCCCCCCCC(C)C)OC(=O)CCCCCCCCCCCCCCCC(C)C,1255.681,1255.681,0
590,[H][C@](O)(COP(O)(=O)OC[C@@]([H])(COC(=O)CCCCCCCCCCC)OC(=O)CCCCCCCCCCCCCCCC(C)C)COP(O)(=O)OC[C@@]([H])(COC(=O)CCCCCCCCCCCCCCCC(C)C)OC(=O)CCCCCCCCCCCCCCCCCCCCC(C)CC,[H][C@@](O)(COP(O)(=O)OC[C@@]([H])(COC(=O)CCCCCCCCCCCCCCCCCCCCCC)OC(=O)CCCCCCCCCCCCCCCCCCCCCCC)COP(O)(=O)OC[C@@]([H])(COC(=O)CCCCCCCCC(C)CC)OC(=O)CCCCCCCCCCC(C)CC,1508.167,1508.167,2.27E-13
591,[H][C@@](O)(COP(O)(=O)OC[C@@]([H])(COC(=O)CCCCCCCCCCCCCCCC(C)C)OC(=O)CCCCCCCCCCCCCCCCCCCCC(C)C)COP(O)(=O)OC[C@@]([H])(COC(=O)CCCCCCCCC(C)CC)OC(=O)CCCCCCCCCCCCCCCCC,[H][C@](O)(COP(O)(=O)OC[C@@]([H])(COC(=O)CCCCCCCCCCC)OC(=O)CCCCCCCCCCCCC(C)C)COP(O)(=O)OC[C@@]([H])(COC(=O)CCCCCCCCCCCCCCCCCC(C)C)OC(=O)CCCCCCCCCCCCCCCCCCCCC(C)CC,1494.14,1494.14,0
592,[H][C@@](O)(COP(O)(=O)OC[C@@]([H])(COC(=O)CCCCCCCCCCCCCCC(C)C)OC(=O)CCCCCCCCCCCCCCCCCCCCCCC)COP(O)(=O)OC[C@@]([H])(COC(=O)CCCCCCCCCCC(C)CC)OC(=O)CCCCCCCCCCCCC(C)C,[H][C@@](O)(COP(O)(=O)OC[C@@]([H])(COC(=O)CCCCCCCCCCCCCCCCC)OC(=O)CCCCCCCCCCCCCCCCCCCCCCC)COP(O)(=O)OC[C@@]([H])(COC(=O)CCCCCCCCCCC(C)CC)OC(=O)CCCCCCCCCCCCCCC,1480.113,1480.113,2.27E-13
593,[H]C(O)(COP(O)(=O)OC[C@@]([H])(COC(=O)CCCCCCCCCCCCCCCCCCCCC(C)CC)OC(=O)CCCCCCCCCCC(C)C)COP(O)(=O)OC[C@@]([H])(COC(=O)CCCCCCCCCC(C)C)OC(=O)CCCCCCCCCCC(C)CC,[H][C@](O)(COP(O)(=O)OC[C@@]([H])(COC(=O)CCCCCCC)OC(=O)CCCCCCCCCCCC)COP(O)(=O)OC[C@@]([H])(COC(=O)CCCCCCCCCCCCCCCCCCCCC)OC(=O)CCCCCCCCCCCCCCCCCCCCC(C)C,1395.951,1395.951,4.55E-13
594,[H]C(O)(COP(O)(=O)OC[C@@]([H])(COC(=O)CCCCCCCCCCC(C)C)OC(=O)CCCCCCCCCCC(C)C)COP(O)(=O)OC[C@@]([H])(COC(=O)CCCCCCC\C=C/C=C\CCCCCC)OC(=O)CCCCCCCCCCCCCC(C)C,[H][C@@](O)(COP(O)(=O)OC[C@@]([H])(COC(=O)CCCCCCCCCCC(C)C)OC(=O)CCCCCCCCCCCCCCC(C)C)COP(O)(=O)OC[C@@]([H])(COC(=O)CCCCCCCCC(C)CC)OC(=O)CCCCCCC\C=C/C=C\CCCCCC,1335.811,1335.811,2.27E-13
595,[H][C@@](O)(COP(O)(=O)OC[C@@]([H])(COC(=O)CCCCCCCCCCCCCCCCCCC(C)C)OC(=O)CCCCCCCCCCCCCCCCCCCCCCC)COP(O)(=O)OC[C@@]([H])(COC(=O)CCCCCCCCC(C)C)OC(=O)CCCCCCCCC(C)C,[H][C@@](O)(COP(O)(=O)OC[C@@]([H])(COC(=O)CCCCCCCCCCCCCCC(C)C)OC(=O)CCCCCCCCCCCCCCCCCCC(C)C)COP(O)(=O)OC[C@@]([H])(COC(=O)CCCCCCCCCCCCC)OC(=O)CCCCCCCCCCCCC(C)C,1438.032,1438.032,4.55E-13
596,[H][C@](O)(COP(O)(=O)OC[C@@]([H])(COC(=O)CCCCCCC)OC(=O)CCCCCCCCCCCCCCCC(C)C)COP(O)(=O)OC[C@@]([H])(COC(=O)CCCCCCCCCCCCCCCCCC(C)C)OC(=O)CCCCCCCCCCCCCCCCCCCCC(C)CC,[H][C@@](O)(COP(O)(=O)OC[C@@]([H])(COC(=O)CCCCCCCCCCCCCCCCC(C)C)OC(=O)CCCCCCCCCCCCCCCCC(C)C)COP(O)(=O)OC[C@@]([H])(COC(=O)CCCCCCCCCCCCC(C)C)OC(=O)CCCCCCCCCCCCC(C)CC,1480.113,1480.113,0
597,[H][C@](O)(COP(O)(=O)OC[C@@]([H])(COC(=O)CCCCCCCCCCCCC)OC(=O)CCCCCCCCCCCCC)COP(O)(=O)OC[C@@]([H])(COC(=O)CCCCCCCCCCCCCCCC(C)C)OC(=O)CCCCCCCCCCCCCCCCC(C)CC,[H][C@@](O)(COP(O)(=O)OC[C@@]([H])(COC(=O)CCCCCCCCCCCCCCCC(C)C)OC(=O)CCCCCCCCCCCCCCCCC(C)C)COP(O)(=O)OC[C@@]([H])(COC(=O)CCCCCCCCCCCCC)OC(=O)CCCCCCCCCCCC(C)C,1409.978,1409.978,4.55E-13
598,[H][C@](O)(COP(O)(=O)OC[C@@]([H])(COC(=O)CCCCCCCCCCC)OC(=O)CCCCCCCCCCCCC(C)C)COP(O)(=O)OC[C@@]([H])(COC(=O)CCCCCCCCCCCCC(C)C)OC(=O)CCCCCCCCCCCCCCCCCCCCC,[H][C@](O)(COP(O)(=O)OC[C@@]([H])(COC(=O)CCCCCCC)OC(=O)CCCCCCC)COP(O)(=O)OC[C@@]([H])(COC(=O)CCCCCCCCCCCCCCCCCCCCCCCC)OC(=O)CCCCCCCCCCCCCCCCCCCCC(C)CC,1381.924,1381.924,2.27E-13
599,[H][C@@](O)(COP(O)(=O)OC[C@@]([H])(COC(=O)CCCCCCCCCCCCCCC(C)C)OC(=O)CCCCCCCCCCCCCCCCCCCCC(C)CC)COP(O)(=O)OC[C@@]([H])(COC(=O)CCCCCCCCCCC(C)C)OC(=O)CCCCCCCCCCCCCCCCC,[H]C(O)(COP(O)(=O)OC[C@@]([H])(COC(=O)CCCCCCCCCCCCCCCCCCCCC(C)C)OC(=O)CCCCCCCCCCCCCC(C)C)COP(O)(=O)OC[C@@]([H])(COC(=O)CCCCCCCCC(C)C)OC(=O)CCCCCCCCCCCCCCCCCCC(C)C,1508.167,1508.167,4.55E-13
600,[H][C@@](O)(COP(O)(=O)OC[C@@]([H])(COC(=O)CCCCCCCCCCCCC(C)C)OC(=O)CCCCCCCCCCCCCCCCCC(C)C)COP(O)(=O)OC[C@@]([H])(COC(=O)CCCCCCCCC(C)C)OC(=O)CCCCCCCCCCCC(C)C,[H]C(O)(COP(O)(=O)OC[C@@]([H])(COC(=O)CCCCCCCCCCCCCC(C)C)OC(=O)CCCCCCCCCCCCCCCCCC(C)C)COP(O)(=O)OC[C@@]([H])(COC(=O)CCCCCCCCCC(C)C)OC(=O)CCCCCCCCC(C)CC,1353.87,1353.87,0
601,[H][C@@](COC(=O)CCCCCCCCCCCCC)(COC(=O)CCCCCCCCCCCCCCCCCCC)OC(=O)CCCCCCCCCCCCCCCC(C)C,[H][C@](COC(=O)CCCCCCCCCCCCC)(COC(=O)CCCCCCCCCCCCCCCCC)OC(=O)CCCCCCCCCCCCCCCCC(C)CC,877.474,877.474,0
602,[H][C@@](O)(COP(O)(=O)OC[C@@]([H])(COC(=O)CCCCCCCCCCCCC(C)C)OC(=O)CCCCCCCCCCCCCCCCCCCCC(C)CC)COP(O)(=O)OC[C@@]([H])(COC(=O)CCCCCCCCC(C)C)OC(=O)CCCCCCCCCCC(C)C,[H][C@@](O)(COP(O)(=O)OC[C@@]([H])(COC(=O)CCCCCCCCCCCCCCCCC)OC(=O)CCCCCCCCCCCCCCCCCCCCCCC)COP(O)(=O)OC[C@@]([H])(COC(=O)CCCCCCCCC(C)C)OC(=O)CCCCCCCCCCCC,1395.951,1395.951,2.27E-13
603,CC(CCC(=O)NC(CCCNC(N)=O)C(O)=O)C1CCC2C3CCC4CC(O)CCC4(C)C3CC(O)C12C,CCCCCCCC(=O)OC[C@@H](O)COC(=O)CCC[C@H](O)[C@@H](O)\C=C/C=C\C=C\C=C\[C@H](O)C\C=C/CC,549.753,550.733,0.98
604,[H][C@](O)(COP(O)(=O)OC[C@@]([H])(COC(=O)CCCCCCC)OC(=O)CCCCCCCCC(C)CC)COP(O)(=O)OC[C@@]([H])(COC(=O)CCCCCCCCCCCCCCCCCCCCC)OC(=O)CCCCCCCCCCCCCCCCCCCCCC,[H][C@@](O)(COP(O)(=O)OC[C@@]([H])(COC(=O)CCCCCCCCCCC(C)C)OC(=O)CCCCCCCCCCCCCCCCCCCCCCC)COP(O)(=O)OC[C@@]([H])(COC(=O)CCCCCCCCCCCCC)OC(=O)CCCCCCCCCCC(C)C,1381.924,1381.924,2.27E-13
605,[H][C@](O)(COP(O)(=O)OC[C@@]([H])(COC(=O)CCCCCCC)OC(=O)CCCCCCCCCCCCC(C)C)COP(O)(=O)OC[C@@]([H])(COC(=O)CCCCCCCCCCCCCCCCC(C)C)OC(=O)CCCCCCCCCCCCCCCCCCC(C)C,[H][C@](O)(COP(O)(=O)OC[C@@]([H])(COC(=O)CCCCCCCCC)OC(=O)CCCCCCCCCCCCCCC(C)C)COP(O)(=O)OC[C@@]([H])(COC(=O)CCCCCCCCCCCCCCCCCC)OC(=O)CCCCCCCCCCCCCCCC(C)C,1381.924,1381.924,2.27E-13
606,[H][C@](O)(COP(O)(=O)OC[C@@]([H])(COC(=O)CCCCCCCCC)OC(=O)CCCCCCCCCCC(C)C)COP(O)(=O)OC[C@@]([H])(COC(=O)CCCCCCCCCCCCC(C)C)OC(=O)CCCCCCCCCCCCC(C)C,[H][C@](O)(COP(O)(=O)OC[C@@]([H])(COC(=O)CCCCCCCCCC)OC(=O)CCCCCCCCCC)COP(O)(=O)OC[C@@]([H])(COC(=O)CCCCCCCCCCCC)OC(=O)CCCCCCCCCCCCCCCCCC(C)C,1241.654,1241.654,0
607,[H][C@@](O)(COP(O)(=O)OC[C@@]([H])(COC(=O)CCCCCCCCCCCCCCCCCC)OC(=O)CCCCCCCCCCCCCCCCCCC(C)C)COP(O)(=O)OC[C@@]([H])(COC(=O)CCCCCCCCCCC(C)C)OC(=O)CCCCCCCCCCCCCCC(C)C,[H][C@@](O)(COP(O)(=O)OC[C@@]([H])(COC(=O)CCCCCCCCCCCCCCCC(C)C)OC(=O)CCCCCCCCCCCCCCCCCCCCC)COP(O)(=O)OC[C@@]([H])(COC(=O)CCCCCCCCCCCCCCC)OC(=O)CCCCCCCCCCCCC(C)C,1480.113,1480.113,0
608,[H][C@](O)(COP(O)(=O)OC[C@@]([H])(COC(=O)CCCCCCCCC)OC(=O)CCCCCCCCCCCCCCCCCCC)COP(O)(=O)OC[C@@]([H])(COC(=O)CCCCCCCCCCCCCCCCCC(C)C)OC(=O)CCCCCCCCCCCCCCCCCCCCC(C)C,[H][C@@](O)(COP(O)(=O)OC[C@@]([H])(COC(=O)CCCCCCCCCCCCCCCC(C)C)OC(=O)CCCCCCCCCCCCCCCCCCCCCC)COP(O)(=O)OC[C@@]([H])(COC(=O)CCCCCCCCCCCCCCC)OC(=O)CCCCCCCCCCCCCC(C)C,1508.167,1508.167,0
